registration_number,generic_name,brand_name,manufacturer,dosage_form,strength,unit_of_measure,pack_size,drug_class,storage_condition,is_cold_chain,is_essential_medicine
MSD-10010009,ACECLOFENAC,,,Tablet,100MG,tablets,100,,AMBIENT,false,false
MSD-10010011,ACETAZOLAMIDE,,,Tablet,250MG,tablets,100,,AMBIENT,false,false
MSD-10010012,ACETYLSALICYLIC ACID,,,Tablet,300MG,tablets,100,,AMBIENT,false,false
MSD-10010013,ACETYLSALICYLIC ACID,,,Tablet,75MG,tablets,30,,AMBIENT,false,false
MSD-10010016,ACYCLOVIR,,,Tablet,200MG,tablets,100,,AMBIENT,false,false
MSD-10010017,ALBENDAZOLE,,,Tablet,200MG,tablets,2,,AMBIENT,false,false
MSD-10010020,ALLOPURINOL,,,Tablet,100MG,tablets,100,,AMBIENT,false,false
MSD-10010021,ALLOPURINOL,,,Tablet,300MG,tablets,30,,AMBIENT,false,false
MSD-10010026,AMIODARONE,,,Tablet,100MG,tablets,30,,AMBIENT,false,false
MSD-10010027,AMIODARONE,,,Tablet,200MG,tablets,30,,AMBIENT,false,false
MSD-10010028,AMITRYPTILINE,,,Tablet,25MG,tablets,100,,AMBIENT,false,false
MSD-10010030,AMLODIPINE,,,Tablet,10MG,tablets,30,,AMBIENT,false,false
MSD-10010032,AMLODIPINE,,,Tablet,5MG,tablets,30,,AMBIENT,false,false
MSD-10010039,AMOXICILLIN,,,Dispersible Tablet,250MG,tablets,100,,AMBIENT,false,false
MSD-10010040,AMOXICILLIN,,,Capsule,250MG,capsules,100,,AMBIENT,false,false
MSD-10010041,AMOXICILLIN + CLAVULANIC ACID,,,Tablet,250MG + 125MG,tablets,14,,AMBIENT,false,false
MSD-10010043,AMOXICILLIN TRIHYDRATE + CLAVULANIC POTASSIUM,,,Tablet,500MG + 125MG,tablets,14,,AMBIENT,false,false
MSD-10010046,AMPICILLIN + CLOXACILLIN,,,Capsule,250MG,capsules,100,,AMBIENT,false,false
MSD-10010047,ANASTROZOLE,,,Tablet,1MG,tablets,28,,AMBIENT,false,false
MSD-10010048,ARTEMETHER / LUMEFANTRINE 20 /,,,Tablet,120 MG,tablets,180,,AMBIENT,false,false
MSD-10010055,ASCORBIC ACID,,,Tablet,100MG,tablets,100,,AMBIENT,false,false
MSD-10010061,ATENOLOL,,,Tablet,50MG,tablets,28,,AMBIENT,false,false
MSD-10010063,ATORVASTATIN,,,Tablet,20MG,tablets,30,,AMBIENT,false,false
MSD-10010065,AZITHROMYCIN,,,Tablet,500MG,tablets,3,,AMBIENT,false,false
MSD-10010066,AZITHROMYCIN DEHYDRATE,,,Capsule,250MG,capsules,6,,AMBIENT,false,false
MSD-10010067,BACLOFEN,,,Tablet,10MG,tablets,30,,AMBIENT,false,false
MSD-10010070,BENDROFLUAZIDE,,,Tablet,5MG,tablets,100,,AMBIENT,false,false
MSD-10010071,BENZHEXOL,,,Tablet,5MG,tablets,100,,AMBIENT,false,false
MSD-10010075,BICALUTAMIDE,,,Tablet,50MG,tablets,28,,AMBIENT,false,false
MSD-10010078,BISACODYL,,,Tablet,5MG,tablets,100,,AMBIENT,false,false
MSD-10010079,BISOPROLOL FUMARATE,,,Tablet,10MG,tablets,30,,AMBIENT,false,false
MSD-10010080,BISOPROLOL FUMARATE,,,Tablet,5MG,tablets,100,,AMBIENT,false,false
MSD-10010083,BROMOCRIPTINE MESYLATE,,,Tablet,2.5MG,tablets,30,,AMBIENT,false,false
MSD-10010084,CAFFEINE + ERGOTAMINE TARTARATE + PARACETAMOL + PROCHLORPERAZINE MALEATE,,,,100MG + 1MG + 250MG + 2.5MG,tablets,10,,AMBIENT,false,false
MSD-10010086,CALCIUM + MAGNESIUM + ZINC + VITAMIN D3,,,Tablet,,tablets,30,,AMBIENT,false,false
MSD-10010090,CALCIUM + VITAMIN D,,,Tablet,500MG + 10MCG,tablets,30,,AMBIENT,false,false
MSD-10010091,CALCIUM CARBONATE,,,Tablet,500MG,tablets,100,,AMBIENT,false,false
MSD-10010095,CANDERSARTAN,,,Tablet,16MG,tablets,30,,AMBIENT,false,false
MSD-10010096,CANDERSARTAN,,,Tablet,8MG,tablets,100,,AMBIENT,false,false
MSD-10010097,CANDESARTAN + HYDROCHLOROTHIAZIDE,,,Tablet,16MG + 12.5MG,tablets,28,,AMBIENT,false,false
MSD-10010099,CAPECITABINE,,,Tablet,500MG,tablets,120,,AMBIENT,false,false
MSD-10010100,CAPTOPRIL,,,Tablet,25MG,tablets,100,,AMBIENT,false,false
MSD-10010102,CARBAMAZEPINE,,,Tablet,200MG,tablets,100,,AMBIENT,false,false
MSD-10010103,CARBAMAZEPINE,,,Tablet,400MG,tablets,100,,AMBIENT,false,false
MSD-10010106,CARBIMAZOLE,,,Tablet,5MG,tablets,100,,AMBIENT,false,false
MSD-10010109,CARVEDILOL,,,Tablet,6.25MG,tablets,28,,AMBIENT,false,false
MSD-10010110,CARVEDILOL,,,Tablet,12.5MG,tablets,28,,AMBIENT,false,false
MSD-10010115,CEFIXIME,,,Tablet,200MG,tablets,10,,AMBIENT,false,false
MSD-10010116,CEFIXIME,,,Tablet,400MG,tablets,10,,AMBIENT,false,false
MSD-10010118,CEFUROXIME,,,Tablet,250MG,tablets,10,,AMBIENT,false,false
MSD-10010121,CEPHALEXIN,,,Capsule,250MG,capsules,100,,AMBIENT,false,false
MSD-10010122,CEPHALEXIN,,,Capsule,500MG,capsules,100,,AMBIENT,false,false
MSD-10010123,CETRIZINE,,,Tablet,10MG,tablets,100,,AMBIENT,false,false
MSD-10010128,CHLORPHENIRAMINE,,,Tablet,4MG,tablets,100,,AMBIENT,false,false
MSD-10010130,CHLORPROMAZINE,,,Tablet,100MG,tablets,100,,AMBIENT,false,false
MSD-10010131,CHLORPROMAZINE,,,Tablet,25MG,tablets,100,,AMBIENT,false,false
MSD-10010136,CHOLECALCIFEROL / ERGOCALCIFEROL VITAMIN D,,,Capsule,250MCG,capsules,60,,AMBIENT,false,false
MSD-10010144,CIPROFLOXACIN,,,Tablet,500MG,tablets,100,,AMBIENT,false,false
MSD-10010145,CITALOPRAM,,,Tablet,20MG,tablets,100,,AMBIENT,false,false
MSD-10010147,CLARITHROMYCIN,,,Tablet,250MG,tablets,14,,AMBIENT,false,false
MSD-10010147,CLARITHROMYCIN,,,Tablet,250MG,tablets,30,,AMBIENT,false,false
MSD-10010148,CLARITHROMYCIN,,,Tablet,500MG,tablets,14,,AMBIENT,false,false
MSD-10010150,CLINDAMYCIN,,,Capsule,150MG,capsules,100,,AMBIENT,false,false
MSD-10010155,CLOMIPHENE,,,Tablet,50MG,tablets,10,,AMBIENT,false,false
MSD-10010158,CLONAZEPAM,,,Tablet,0.5MG,tablets,30,,AMBIENT,false,false
MSD-10010159,CLONAZEPAM,,,Tablet,2MG,tablets,30,,AMBIENT,false,false
MSD-10010160,CLONIDINE,,,Tablet,300 MCG,tablets,112,,AMBIENT,false,false
MSD-10010161,CLONIDINE,,,Tablet,100MCG,tablets,112,,AMBIENT,false,false
MSD-10010163,CLOPIDOGREL,,,Tablet,75MG,tablets,30,,AMBIENT,false,false
MSD-10010169,CO-PACK FOR DIARRHOEA TREATMENT KIT ORS + ZINC,,,Tablet,20MG,kits,1,,AMBIENT,false,false
MSD-10010170,CO-TRIMOXAZOLE,,,Tablet,480MG,tablets,100,,AMBIENT,false,false
MSD-10010172,CYCLOSPORINE,,,Capsule,25MG,capsules,30,,AMBIENT,false,false
MSD-10010173,CYCLOSPORINE,,,Capsule,50MG,capsules,1,,AMBIENT,false,false
MSD-10010173,CYCLOSPORINE,,,Capsule,50MG,capsules,30,,AMBIENT,false,false
MSD-10010174,CYCLOSPORINE,,,Tablet,100MG,tablets,30,,AMBIENT,false,false
MSD-10010184,DESLORATIDINE,,,Tablet,5MG,tablets,30,,AMBIENT,false,false
MSD-10010185,DEXAMETHASONE,,,Tablet,0.5MG,tablets,100,,AMBIENT,false,false
MSD-10010188,DIAZEPAM,,,Tablet,5MG,tablets,100,,AMBIENT,false,false
MSD-10010189,DICLOFENAC + PARACETAMOL,,,Tablet,50 MG + 500 MG,tablets,10,,AMBIENT,false,false
MSD-10010190,DICLOFENAC POTASIUM + PARACETAMOL + CHLORZOXAZONE 2,,,Tablet,50MG + 500MG + 250MG,tablets,10,,AMBIENT,false,false
MSD-10010191,DICLOFENAC POTASSIUM,,,Tablet,50MG,tablets,20,,AMBIENT,false,false
MSD-10010193,DICLOFENAC SODIUM SLOW RELEASE,,,,100MG,tablets,100,,AMBIENT,false,false
MSD-10010194,DICLOFENAC SODIUM,,,Tablet,100MG,tablets,100,,AMBIENT,false,false
MSD-10010195,DICLOFENAC SODIUM,,,Tablet,50MG,tablets,100,,AMBIENT,false,false
MSD-10010197,DIGOXIN,,,Tablet,0.25MG,tablets,100,,AMBIENT,false,false
MSD-10010200,DIHYDROGESTERONE,,,Tablet,10MG,tablets,10,,AMBIENT,false,false
MSD-10010203,DILTIAZEM .,,,Tablet,60MG,tablets,100,,AMBIENT,false,false
MSD-10010206,DOMPERIDONE,,,Tablet,10MG,tablets,10,,AMBIENT,false,false
MSD-10010208,DOXAZOCIN,,,Tablet,2MG,tablets,100,,AMBIENT,false,false
MSD-10010210,DOXYCYCLINE,,,Capsule,100MG,capsules,100,,AMBIENT,false,false
MSD-10010210,DOXYCYCLINE,,,Capsule,100MG,tablets,100,,AMBIENT,false,false
MSD-10010222,ENALAPRIL,,,Tablet,5MG,tablets,30,,AMBIENT,false,false
MSD-10010225,EPLERENONE,,,Tablet,25MG,tablets,30,,AMBIENT,false,false
MSD-10010226,EPLERENONE,,,Tablet,50 MG,tablets,30,,AMBIENT,false,false
MSD-10010229,ERYTHROMYCIN,,,Tablet,250MG,tablets,100,,AMBIENT,false,false
MSD-10010230,ESOMEPRAZOLE,,,Tablet,20MG,tablets,14,,AMBIENT,false,false
MSD-10010231,ESOMEPRAZOLE,,,Tablet,40MG,tablets,30,,AMBIENT,false,false
MSD-10010232,ETAMSYLATE,,,Tablet,500MG,tablets,18,,AMBIENT,false,false
MSD-10010240,EVEROLIMUS,,,Tablet,0.5MG,tablets,30,,AMBIENT,false,false
MSD-10010242,FEBUXOSTAT,,,Tablet,40MG,tablets,30,,AMBIENT,false,false
MSD-10010250,FERROUS SULPHATE + FOLIC ACID,,,Tablet,200MG + 0.25 MG,tablets,100,,AMBIENT,false,false
MSD-10010254,FINASTERIDE,,,Tablet,5MG,tablets,20,,AMBIENT,false,false
MSD-10010256,FLUCLOXACILLIN + AMOXYCILLIN,,,Capsule,250MG,capsules,20,,AMBIENT,false,false
MSD-10010257,FLUCONAZOLE,,,Tablet,150MG,tablets,100,,AMBIENT,false,false
MSD-10010258,FLUCONAZOLE,,,Tablet,200MG,tablets,100,,AMBIENT,false,false
MSD-10010259,FLUOXETINE,,,Capsule,20MG,capsules,20,,AMBIENT,false,false
MSD-10010262,FOLIC ACID,,,Tablet,5MG,tablets,100,,AMBIENT,false,false
MSD-10010264,FRUSEMIDE,,,Tablet,40MG,tablets,100,,AMBIENT,false,false
MSD-10010271,GLIBENCLAMIDE,,,Tablet,5MG,tablets,100,,AMBIENT,false,false
MSD-10010275,GLICLAZIDE,,,Tablet,80MG,tablets,100,,AMBIENT,false,false
MSD-10010276,GLIMEPIRIDE,,,Tablet,1MG,tablets,30,,AMBIENT,false,false
MSD-10010277,GLIMEPIRIDE,,,Tablet,2MG,tablets,30,,AMBIENT,false,false
MSD-10010280,GLIMEPIRIDE + METFORMIN,,,Tablet,1MG + 500MG,tablets,30,,AMBIENT,false,false
MSD-10010281,GLIMEPRIDE + METFORMIN,,,Tablet,2MG + 500MG,tablets,30,,AMBIENT,false,false
MSD-10010284,GLUCOSAMINE SULPHATE + CHONDROITIN SULPHATE,,,Tablet,500MG + 400MG,tablets,30,,AMBIENT,false,false
MSD-10010286,GLYCERYLTRINITRATE,,,Tablet,0.5MG,tablets,100,,AMBIENT,false,false
MSD-10010288,GRISEOFULVIN,,,Tablet,500MG,tablets,100,,AMBIENT,false,false
MSD-10010289,HALOPERIDOL,,,Tablet,1.5MG,tablets,100,,AMBIENT,false,false
MSD-10010292,HYDRALAZINE,,,Tablet,25MG,tablets,100,,AMBIENT,false,false
MSD-10010293,HYDROCHLOROTHIAZIDE,,,Tablet,25MG,tablets,100,,AMBIENT,false,false
MSD-10010296,HYDROXYUREA,,,Tablet,500MG,tablets,100,,AMBIENT,false,false
MSD-10010297,HYOSCINE -N- BUTYLBROMIDE TABS,,,,10MG,tablets,100,,AMBIENT,false,false
MSD-10010300,IBUPROFEN,,,Tablet,200MG,tablets,100,,AMBIENT,false,false
MSD-10010301,IBUPROFEN + PARACETAMOL,,,Tablet,400MG + 325MG,tablets,1,,AMBIENT,false,false
MSD-10010302,IBUPROFEN,,,Tablet,400MG,tablets,100,,AMBIENT,false,false
MSD-10010304,IMATINIB,,,Tablet,400MG,tablets,100,,AMBIENT,false,false
MSD-10010305,IMIPRAMINE,,,Tablet,25MG,tablets,100,,AMBIENT,false,false
MSD-10010311,IRBESARTAN,,,Tablet,300MG,tablets,30,,AMBIENT,false,false
MSD-10010312,IRBESARTAN + HYDROCHLOROTHIAZIDE,,,Tablet,150MG + 12.5MG,tablets,30,,AMBIENT,false,false
MSD-10010313,IRBESARTAN,,,Tablet,150MG,tablets,30,,AMBIENT,false,false
MSD-10010317,ISOSORBIDE DINITRATE,,,Tablet,10MG,tablets,50,,AMBIENT,false,false
MSD-10010318,ISOSORBIDE DINITRATE,,,Tablet,20MG,tablets,30,,AMBIENT,false,false
MSD-10010319,ISOSORBIDE MONONITRATE TABS,,,,10MG,tablets,100,,AMBIENT,false,false
MSD-10010321,ISOTRETINOIN,,,Capsule,20MG,capsules,30,,AMBIENT,false,false
MSD-10010324,ITRACONAZOLE,,,Capsule,100 MG,tablets,40,,AMBIENT,false,false
MSD-10010326,IVABRADINE,,,Tablet,5MG,tablets,30,,AMBIENT,false,false
MSD-10010329,KETOCONAZOLE,,,Tablet,200MG,tablets,100,,AMBIENT,false,false
MSD-10010333,LABETOLOL,,,Tablet,100MG,tablets,100,,AMBIENT,false,false
MSD-10010343,LAMOTRIGINE,,,Tablet,100MG,tablets,60,,AMBIENT,false,false
MSD-10010344,LAMOTRIGINE,,,Tablet,25MG,tablets,60,,AMBIENT,false,false
MSD-10010347,LANSOPRAZOLE,,,Tablet,30MG,tablets,30,,AMBIENT,false,false
MSD-10010352,LEVODOPA 100 + CARBIDOPA,,,Tablet,25MG,tablets,100,,AMBIENT,false,false
MSD-10010363,LEVOTHYROXINE,,,Tablet,50MCG,tablets,30,,AMBIENT,false,false
MSD-10010365,LISINOPRIL,,,Tablet,10MG,tablets,28,,AMBIENT,false,false
MSD-10010367,LISINOPRIL,,,Tablet,5MG,tablets,28,,AMBIENT,false,false
MSD-10010369,LIVOLIN FORTE MULTIVITAMIN,,,Tablet,,tablets,30,,AMBIENT,false,false
MSD-10010370,LOPERAMIDE,,,Tablet,2MG,tablets,100,,AMBIENT,false,false
MSD-10010374,LORATIDINE,,,Tablet,10MG,tablets,30,,AMBIENT,false,false
MSD-10010375,LORAZEPAM TABS,,,,1MG,tablets,20,,AMBIENT,false,false
MSD-10010376,LORAZEPAM,,,Tablet,2MG,tablets,20,,AMBIENT,false,false
MSD-10010378,LOSARTAN + HYDROCHLORTHIAZIDE,,,Tablet,50MG + 12.5MG,tablets,30,,AMBIENT,false,false
MSD-10010379,LOSARTAN,,,Tablet,50MG,tablets,100,,AMBIENT,false,false
MSD-10010380,MAGNESIUM TRISILICATE BP COMPOUND,,,Tablet,,tablets,100,,AMBIENT,false,false
MSD-10010383,MEBENDAZOLE,,,Tablet,100MG,tablets,100,,AMBIENT,false,false
MSD-10010384,MEBENDAZOLE,,,Tablet,500MG,tablets,100,,AMBIENT,false,false
MSD-10010385,MEBEVERINE HCL,,,Tablet,135MG,tablets,10,,AMBIENT,false,false
MSD-10010387,MECLIZINE HYDROCHLORIDE + VITAMIN B6,,,Tablet,,tablets,10,,AMBIENT,false,false
MSD-10010389,MEFENAMIC ACID,,,Tablet,500MG,tablets,100,,AMBIENT,false,false
MSD-10010390,MELOXICAM,,,Tablet,15MG,tablets,100,,AMBIENT,false,false
MSD-10010391,MELOXICAM,,,Tablet,7.5MG,tablets,100,,AMBIENT,false,false
MSD-10010400,METFORMIN,,,Tablet,500MG,tablets,100,,AMBIENT,false,false
MSD-10010402,METFORMIN,,,Tablet,850MG,tablets,30,,AMBIENT,false,false
MSD-10010405,METHOTREXATE,,,Tablet,2.5MG,tablets,100,,AMBIENT,false,false
MSD-10010406,METHYLDOPA,,,Tablet,250MG,tablets,100,,AMBIENT,false,false
MSD-10010407,METOCLOPRAMIDE,,,Tablet,10MG,tablets,200,,AMBIENT,false,false
MSD-10010408,METOLAZONE,,,Tablet,5MG,tablets,30,,AMBIENT,false,false
MSD-10010410,METOPROLOL,,,Tablet,50MG,tablets,30,,AMBIENT,false,false
MSD-10010412,METRONIDAZOLE,,,Tablet,200MG,tablets,100,,AMBIENT,false,false
MSD-10010417,MISOPROSTOL,,,Tablet,200MCG,tablets,4,,AMBIENT,false,false
MSD-10010419,MONTELUKAST,,,Tablet,10MG,tablets,30,,AMBIENT,false,false
MSD-10010420,MONTELUKAST,,,Tablet,5MG,tablets,30,,AMBIENT,false,false
MSD-10010422,MULT VITAMINS + MINERALS WITH ZINC .,,,Capsule,50MG,capsules,100,,AMBIENT,false,false
MSD-10010423,MULTIVITAMIN + MICRONUTRIENT + ANTIOXIDANTS,,,Tablet,,tablets,30,,AMBIENT,false,false
MSD-10010424,MULTIVITAMIN + GINSENG,,,Capsule,,capsules,30,,AMBIENT,false,false
MSD-10010425,MULTIVITAMIN + MINERALS + GINSENG + ESSENTIAL PHOSPHOLIPIDS COMBINED,,,Tablet,,tablets,24,,AMBIENT,false,false
MSD-10010426,MULTIVITAMIN,,,Tablet,,tablets,100,,AMBIENT,false,false
MSD-10010433,NALTREXONE,,,Tablet,50MG,tablets,10,,AMBIENT,false,false
MSD-10010437,NEBIVOLOL,,,Tablet,5MG,tablets,30,,AMBIENT,false,false
MSD-10010439,NEURORUBINE FORTE,,,Tablet,,tablets,100,,AMBIENT,false,false
MSD-10010445,NIFEDIPINE,,,Tablet,10MG,tablets,100,,AMBIENT,false,false
MSD-10010447,NIFEDIPINE SLOW RELEASE,,,Tablet,20MG,tablets,100,,AMBIENT,false,false
MSD-10010448,NIMODIPINE,,,Capsule,30MG,capsules,100,,AMBIENT,false,false
MSD-10010449,NITROFURANTOIN,,,Tablet,100MG,tablets,100,,AMBIENT,false,false
MSD-10010455,OLANZAPINE,,,Tablet,5MG,tablets,30,,AMBIENT,false,false
MSD-10010456,OLANZAPINE,,,Tablet,10MG,tablets,30,,AMBIENT,false,false
MSD-10010460,OMEPRAZOLE,,,Capsule,20MG,capsules,100,,AMBIENT,false,false
MSD-10010464,ORNIDAZOLE,,,Tablet,500MG,tablets,100,,AMBIENT,false,false
MSD-10010468,PANTOPRAZOLE,,,Tablet,40MG,tablets,30,,AMBIENT,false,false
MSD-10010473,PARACETAMOL,,,Tablet,500MG,tablets,100,,AMBIENT,false,false
MSD-10010478,PHENOBARBITAL,,,Tablet,100MG,tablets,100,,AMBIENT,false,false
MSD-10010479,PHENOBARBITAL,,,Tablet,30MG,tablets,100,,AMBIENT,false,false
MSD-10010480,PHENOXYMETHYLPENICILLIN,,,Tablet,250MG,tablets,100,,AMBIENT,false,false
MSD-10010481,PHENYTOIN,,,Tablet,100MG,tablets,100,,AMBIENT,false,false
MSD-10010482,PHYTOMENADIONE VITAMIN K1,,,Tablet,10MG,tablets,100,,AMBIENT,false,false
MSD-10010484,PIOGLITAZONE,,,Tablet,15MG,tablets,30,,AMBIENT,false,false
MSD-10010486,PIROXICAM,,,Capsule,20MG,capsules,100,,AMBIENT,false,false
MSD-10010487,POTASSIUM CHLORIDE SLOW RELEASE,,,Tablet,600MG,tablets,100,,AMBIENT,false,false
MSD-10010491,PREDNISOLONE,,,Tablet,5MG,tablets,100,,AMBIENT,false,false
MSD-10010492,PREGABALIN,,,Tablet,150MG,tablets,30,,AMBIENT,false,false
MSD-10010493,PREGABALIN,,,Capsule,75MG,capsules,30,,AMBIENT,false,false
MSD-10010496,PROMETHAZINE,,,Tablet,25MG,tablets,100,,AMBIENT,false,false
MSD-10010497,PROPANOLOL,,,Tablet,40MG,tablets,100,,AMBIENT,false,false
MSD-10010502,PYRIDOXINE VITAMIN B6,,,Tablet,100MG,tablets,30,,AMBIENT,false,false
MSD-10010504,RABEPRAZOLE,,,Capsule,20MG,capsules,30,,AMBIENT,false,false
MSD-10010516,RISPERIDONE,,,Tablet,1MG,tablets,100,,AMBIENT,false,false
MSD-10010517,RISPERIDONE,,,Tablet,2MG,tablets,50,,AMBIENT,false,false
MSD-10010520,RIVAROXABAN,,,Tablet,15MG,tablets,14,,AMBIENT,false,false
MSD-10010522,ROSUVASTATIN,,,Tablet,10MG,tablets,30,,AMBIENT,false,false
MSD-10010524,ROSUVASTATIN,,,Tablet,20MG,tablets,30,,AMBIENT,false,false
MSD-10010528,SALBUTAMOL,,,Tablet,4MG,tablets,100,,AMBIENT,false,false
MSD-10010530,SECNIDAZOLE,,,Tablet,1G,tablets,2,,AMBIENT,false,false
MSD-10010533,SILDENAFIL,,,Tablet,50MG,tablets,4,,AMBIENT,false,false
MSD-10010538,SITAGLIPTIN,,,Tablet,50MG,tablets,35,,AMBIENT,false,false
MSD-10010539,SODIUM DICHLOROISOCYANURATE,,,Tablet,,tablets,100,,AMBIENT,false,false
MSD-10010540,SODIUM VALPROATE,,,Tablet,500MG,tablets,100,,AMBIENT,false,false
MSD-10010541,SODIUM VALPROATE,,,Tablet,200MG,tablets,100,,AMBIENT,false,false
MSD-10010545,SPIRONOLACTONE,,,Tablet,25MG,tablets,50,,AMBIENT,false,false
MSD-10010550,SULFASALAZINE,,,Tablet,500MG,tablets,100,,AMBIENT,false,false
MSD-10010551,SULPHADOXINE + PYRIMETHAMINE,,,Tablet,500MG + 25MG,tablets,100,,AMBIENT,false,false
MSD-10010554,TAMOXIFEN,,,Tablet,10MG,tablets,30,,AMBIENT,false,false
MSD-10010555,TAMOXIFEN,,,Tablet,20MG,tablets,30,,AMBIENT,false,false
MSD-10010556,TAMSULOSIN,,,Tablet,0.4MG,tablets,30,,AMBIENT,false,false
MSD-10010558,TELMISARTAN TABS,,,,80MG,tablets,30,,AMBIENT,false,false
MSD-10010560,TELMISARTAN + HYDROCHLOROTHIAZIDE,,,Tablet,40MG + 12.5MG,tablets,30,,AMBIENT,false,false
MSD-10010561,TELMISARTAN,,,Tablet,40MG,tablets,30,,AMBIENT,false,false
MSD-10010562,TELMISARTAN + HYDROCHLOROTHIAZIDE,,,Tablet,80MG + 12.5MG,tablets,30,,AMBIENT,false,false
MSD-10010563,TEMOZOLAMIDE,,,Tablet,100MG,tablets,30,,AMBIENT,false,false
MSD-10010570,TERBINAFINE .,,,Tablet,250MG,tablets,30,,AMBIENT,false,false
MSD-10010573,THIAMINE,,,Tablet,100MG,tablets,60,,AMBIENT,false,false
MSD-10010575,TINIDAZOLE,,,Tablet,500MG,tablets,120,,AMBIENT,false,false
MSD-10010575,TINIDAZOLE,,,Tablet,500MG,tablets,4,,AMBIENT,false,false
MSD-10010576,TIZANIDINE,,,Tablet,4MG,tablets,10,,AMBIENT,false,false
MSD-10010578,TORSEMIDE,,,Tablet,10MG,tablets,30,,AMBIENT,false,false
MSD-10010580,TORSEMIDE,,,Tablet,5MG,tablets,30,,AMBIENT,false,false
MSD-10010583,TRAMADOL,,,Capsule,50MG,capsules,100,,AMBIENT,false,false
MSD-10010588,URSODEOXYCHOLIC ACID,,,Tablet,300MG,tablets,50,,AMBIENT,false,false
MSD-10010598,VERAPAMIL,,,Tablet,40MG,tablets,50,,AMBIENT,false,false
MSD-10010605,VITAMIN A - RETINOL 200,,,Capsule,000 IU,capsules,100,,AMBIENT,false,false
MSD-10010607,VITAMIN A RETINOL 100 000 I.U,,,Capsule,,capsules,100,,AMBIENT,false,false
MSD-10010611,VITAMIN B COMPLEX,,,Tablet,,tablets,100,,AMBIENT,false,false
MSD-10010612,VITAMIN B1 B2 B3 B6 B12 + FOLIC ACID & CALCIUM,,,Tablet,,tablets,30,,AMBIENT,false,false
MSD-10010615,VITAMIN B1 B6 B12 + FOLIC ACID,,,Tablet,,tablets,10,,AMBIENT,false,false
MSD-10010619,VITAMIN B6 PYRIDOXINE HYDROCHLORIDE,,,Tablet,50MG,tablets,10,,AMBIENT,false,false
MSD-10010620,VITAMIN B6 B12 + FOLIC ACID .,,,Tablet,,tablets,30,,AMBIENT,false,false
MSD-10010626,VITAMIN E - TOCOPHEROL,,,Capsule,400 IU,capsules,60,,AMBIENT,false,false
MSD-10010631,WARFARIN,,,Tablet,5MG,tablets,30,,AMBIENT,false,false
MSD-10010636,ZINC SULPHATE,,,Tablet,20MG,tablets,100,,AMBIENT,false,false
MSD-10010680,LOSARTAN + HYDROCHLORTHIAZIDE,,,Tablet,100MG + 12.5MG,tablets,30,,AMBIENT,false,false
MSD-10010692,TACROLIMUS,,,Tablet,1MG,tablets,30,,AMBIENT,false,false
MSD-10010693,TACROLIMUS,,,Tablet,0.5MG,tablets,60,,AMBIENT,false,false
MSD-10010712,CLARYTHROMYCIN + TINIDAZOLE + LANSOPRAZOLE 42,,,Tablet,500MG + 30MG,kits,1,,AMBIENT,false,false
MSD-10010718,GINKO BILOBA TABS,,,,,tablets,30,,AMBIENT,false,false
MSD-10010719,TRANEXAMIC ACID,,,Tablet,500MG,tablets,100,,AMBIENT,false,false
MSD-10010735,BETAHISTINE,,,Tablet,16MG,tablets,100,,AMBIENT,false,false
MSD-10010742,ONDANSETRON,,,Tablet,8MG,tablets,100,,AMBIENT,false,false
MSD-10010750,LEVETIRACETAM,,,Tablet,250MG,tablets,100,,AMBIENT,false,false
MSD-10010751,LEVETIRACETAM,,,Tablet,500MG,tablets,100,,AMBIENT,false,false
MSD-10010753,DONEPEZIL,,,Tablet,5MG,tablets,100,,AMBIENT,false,false
MSD-10010759,NIFEDIPINE SLOW RELEASE,,,Tablet,10MG,tablets,100,,AMBIENT,false,false
MSD-10010764,FERROUS FUMARATE + FOLIC ACID + VITAMINS,,,Capsule,,capsules,14,,AMBIENT,false,false
MSD-10020003,ALCOHOL BASED HAND SANITIZER ITRES,,,Bottle,1 L,bottles,1,,AMBIENT,false,false
MSD-10020008,AMPICLOX NEONATAL S S,,,Drops,90MG/0.6ML + 8ML,bottles,1,,AMBIENT,false,false
MSD-10020017,COAL TAR TOPICAL SOLUTION,,,Solution,5%,bottles,1,,AMBIENT,false,false
MSD-10020019,DEXAMETHASONE + GENTAMYCIN E / E S SOLUTION.,,,Solution,5ML,bottles,1,,AMBIENT,false,false
MSD-10020021,DEXTROSE D5 S,,,Injection,5% + 500ML,bottles,24,,AMBIENT,false,false
MSD-10020022,DEXTROSE SOLUTION FOR INTRAVENOUS /,,,Injection / Infusion,50% + 100ML,bottles,1,,AMBIENT,false,false
MSD-10020023,DEXTROSE,,,Injection,10% + 500ML,bottles,24,,AMBIENT,false,false
MSD-10020027,EPHEDRINE NASAL PAEDIATRIC,,,Drops,0.5%,bottles,12,,AMBIENT,false,false
MSD-10020028,EPHEDRINE NASAL ADULT S,,,Drops,1% + 15ML,bottles,1,,AMBIENT,false,false
MSD-10020033,HYDROGEN PEROXIDE,,,Bottle,6% + 100ML,bottles,1,,AMBIENT,false,false
MSD-10020035,ISOFLURANE INHALATION BOTTLE,,,Bottle,250ML,bottles,1,,AMBIENT,false,false
MSD-10020053,PODOPHYLINE TOPICAL SOLUTION,,,Solution,10%,bottles,1,,AMBIENT,false,false
MSD-10020058,SEVOFLURANE INHALATION BOTTLE,,,Bottle,250ML,bottles,1,,AMBIENT,false,false
MSD-10020060,SODIUM CHLORIDE + DEXTROSE IN ISOTONIC SOULTION FOR IV NJECTION,,,Bottle,500ML,bottles,24,,AMBIENT,false,false
MSD-10020063,SODIUM CHLORIDE I V INFUSSION,,,Bottle,0.9% + 500ML,bottles,24,,AMBIENT,false,false
MSD-10020067,SODIUM LACTATE COMPOUND HARTMANN'S S,,,Bottle,500ML,bottles,24,,AMBIENT,false,false
MSD-10020072,TROPICAMIDE + PHENYLEPHRINE SOLUTION,,,Solution,0.8% + 5%,bottles,1,,AMBIENT,false,false
MSD-10030001,ANT-HAEMORRHOID + LOCAL ANAESTHESIA,,,Suppository,,suppositories,10,,AMBIENT,false,false
MSD-10030004,CLOTRIMAZOLE WITH APPLICATOR,,,Pessary,100 MG,pessaries,6,,AMBIENT,false,false
MSD-10030009,MICONAZOLE VAGINAL,,,Pessary,400MG,pessaries,3,,AMBIENT,false,false
MSD-10030011,NYSTATIN 100,,,Pessary,000IU,pessaries,15,,AMBIENT,false,false
MSD-10030012,PARACETAMOL,,,Suppository,125MG,suppositories,10,,AMBIENT,false,false
MSD-10040005,ALBENDAZOLE S S,,,Suspension,200MG/5ML + 10ML,bottles,1,,AMBIENT,false,false
MSD-10040009,AMOXICILLIN + CLAVULIN ACID,,,Syrup,228.5MG/5ML + 100ML,bottles,1,,AMBIENT,false,false
MSD-10040011,AMOXICILLIN TRIHYDRATE + CLAVULANIC POTASSIUM,,,Syrup,250MG + 62.5MG,bottles,1,,AMBIENT,false,false
MSD-10040014,AMOXYCILLIN + CLAVULANIC ACID SYR,,,Bottle,156.25MG/5ML,bottles,1,,AMBIENT,false,false
MSD-10040015,AMPICILLIN + CLOXACILLIN,,,Suspension,125MG/5ML,bottles,1,,AMBIENT,false,false
MSD-10040016,AMPICILLIN + CLOXACILLIN,,,Drops,45MG,bottles,1,,AMBIENT,false,false
MSD-10040017,AMPICILLIN + CLOXACILLIN S POWDER FOR,,,Suspension,250MG/5ML + 100ML,bottles,24,,AMBIENT,false,false
MSD-10040019,ANTI-ACID LIQUID PREPARATION S,,,Bottle,100ML,bottles,1,,AMBIENT,false,false
MSD-10040022,AZITHROMYCIN S,,,Suspension,200MG/5ML + 15ML,bottles,1,,AMBIENT,false,false
MSD-10040029,CARBAMAZEPINE,,,Syrup,100MG/5ML + 200ML,bottles,1,,AMBIENT,false,false
MSD-10040039,CEFIXIME,,,Syrup,100MG/5ML + 60ML,bottles,1,,AMBIENT,false,false
MSD-10040042,CEFUROXIME ;,,,Suspension,125MG/5ML + 50ML,bottles,1,,AMBIENT,false,false
MSD-10040046,CETIRIZINE HYDROCHLORIDE,,,Oral Liquid,5MG/5ML + 60ML,bottles,1,,AMBIENT,false,false
MSD-10040050,CHLORPHENIRAMINE MALEATE,,,Syrup,2MG/5ML + 100ML,bottles,1,,AMBIENT,false,false
MSD-10040051,CLARITHROMYCIN,,,Syrup,125MG/5ML,bottles,1,,AMBIENT,false,false
MSD-10040054,CO-TRIMOXAZOLE 200 / S,,,Suspension,40MG/5ML + 100ML,bottles,24,,AMBIENT,false,false
MSD-10040057,COUGH EXPECTORANT ADULT S,,,Syrup,100ML,bottles,1,,AMBIENT,false,false
MSD-10040057,COUGH EXPECTORANT ADULT S,,,Syrup,100ML,bottles,24,,AMBIENT,false,false
MSD-10040058,COUGH EXPECTORANT CHILD SYRUP100ML,,,Syrup,,bottles,24,,AMBIENT,false,false
MSD-10040061,DEXAMETHASONE + NEOMYCIN S,,,Bottle,0.1% + 0.5% + 10ML,bottles,1,,AMBIENT,false,false
MSD-10040067,ERYTHROMYCIN,,,Bottle,125MG/5ML + 100ML,bottles,24,,AMBIENT,false,false
MSD-10040070,FERROUS FUMARATE ;,,,Syrup,20MG/ML + 200ML,bottles,10,,AMBIENT,false,false
MSD-10040072,FLUCLOXACILLIN + AMOXICILLIN 125M,,,Bottle,125MG + 250MG/5ML + 100ML,bottles,1,,AMBIENT,false,false
MSD-10040076,IRON + VIT.B12 + FOLIC ACID,,,Bottle,200ML,bottles,1,,AMBIENT,false,false
MSD-10040078,LACTULOSE M / SOLUTION,,,Solution,3.4G + 5ML,bottles,1,,AMBIENT,false,false
MSD-10040084,LORATIDINE S BOTTLE,,,Syrup,5MG/5ML + 60ML,bottles,1,,AMBIENT,false,false
MSD-10040086,MEBENDAZOLE,,,Suspension,100MG/5ML,bottles,1,,AMBIENT,false,false
MSD-10040087,METOCLOPRAMIDE,,,Syrup,5MG/5ML + 100ML,bottles,1,,AMBIENT,false,false
MSD-10040088,METRONIDAZOLE,,,Suspension,200MG/5ML + 100ML,bottles,1,,AMBIENT,false,false
MSD-10040092,MULTIVITAMIN,,,Syrup,100ML,bottles,1,,AMBIENT,false,false
MSD-10040096,NYSTATIN,,,Suspension,100000 IU/ML + 30ML,bottles,1,,AMBIENT,false,false
MSD-10040099,PARACETAMOL BOTTLE,,,Oral Liquid,120MG/5ML + 100ML,bottles,24,,AMBIENT,false,false
MSD-10040101,PARACETAMOL S S BOTTLE,,,Oral Liquid,120MG/5ML + 100ML,bottles,24,,AMBIENT,false,false
MSD-10040106,PROMETHAZINE HCL,,,Oral Liquid,5MG/5ML + 60ML,bottles,1,,AMBIENT,false,false
MSD-10040114,SALBUTAMOL S BOTTLE,,,Syrup,2MG/5ML + 100ML,bottles,1,,AMBIENT,false,false
MSD-10040119,SODIUM VALPROATE,,,Syrup,200MG/5ML,bottles,1,,AMBIENT,false,false
MSD-10040120,VITAMIN B COMPLEX,,,Syrup,100ML,bottles,24,,AMBIENT,false,false
MSD-10040130,IBUPROFEN,,,Syrup,100MG/5ML + 100ML,bottles,1,,AMBIENT,false,false
MSD-10050002,ACYCLOVIR,,,Cream,10G,tubes,1,,AMBIENT,false,false
MSD-10050010,BENZOIC ACID COMPOUND WHITFIELD,,,Ointment,6%+3% + 40G,tubes,1,,AMBIENT,false,false
MSD-10050011,BENZYL BENZOATE EMULSION BBE W / V,,,Tube,25%,tubes,12,,AMBIENT,false,false
MSD-10050013,BENZOYL PEROXIDE M,,,Gel,2.5% + 20G,tubes,1,,AMBIENT,false,false
MSD-10050014,BENZOYL PEROXIDE M,,,Gel,5% + 20G,tubes,1,,AMBIENT,false,false
MSD-10050015,BETAMETHASONE VALERATE M,,,Ointment,0.1% + 15G,tubes,1,,AMBIENT,false,false
MSD-10050016,BETAMETHASONE + SALICYLIC M,,,Ointment,15G,tubes,1,,AMBIENT,false,false
MSD-10050019,BETAMETHASONE M,,,Cream,0.1% + 15G,tubes,1,,AMBIENT,false,false
MSD-10050021,BETAMETHASONE AS VALERATE M,,,Cream,20G,tubes,1,,AMBIENT,false,false
MSD-10050030,CALAMINE,,,Lotion,100ML,bottles,1,,AMBIENT,false,false
MSD-10050032,CHOLESTYRAMINE POWDER PER SACHET,,,Powder,4G,sachets,1,,AMBIENT,false,false
MSD-10050035,CLOBETASOL PROPIONATE M,,,Ointment,0.05% + 20G,tubes,1,,AMBIENT,false,false
MSD-10050038,CLOTRIMAZOLE RAMS,,,Cream,1% + 20 G,tubes,1,,AMBIENT,false,false
MSD-10050038,CLOTRIMAZOLE RAMS,,,Cream,1% + 20 G,tubes,24,,AMBIENT,false,false
MSD-10050039,CLOTRIMAZOLE + BETAMETHASONE + NEOMYCIN,,,Cream,,tubes,1,,AMBIENT,false,false
MSD-10050044,CLOTRIMAZOLE VAGINAL M,,,Cream,2% + 30G,tubes,1,,AMBIENT,false,false
MSD-10050045,CLOTRIMAZOLE W / W M POWDER,,,Powder,1% + 30G,bottles,1,,AMBIENT,false,false
MSD-10050054,DICLOFENAC M MUSCLE RUB,,,Gel,20G,tubes,12,,AMBIENT,false,false
MSD-10050055,DICLOFENAC W / W,,,Gel,30G + 1%,tubes,12,,AMBIENT,false,false
MSD-10050063,GENTIAN VIOLET,,,Bottle,30ML,bottles,1,,AMBIENT,false,false
MSD-10050066,HEPARIN,,,Gel,,tubes,1,,AMBIENT,false,false
MSD-10050068,HYDROCORTISONE RAMS,,,Cream,1% + 15 G,tubes,1,,AMBIENT,false,false
MSD-10050070,HYDROCORTISONE,,,Cream,0.5% + 15G,tubes,1,,AMBIENT,false,false
MSD-10050073,TRETINOIN,,,Cream,0.05%,tubes,1,,AMBIENT,false,false
MSD-10050079,KETOPROFEN M,,,Gel,30G,tubes,1,,AMBIENT,false,false
MSD-10050086,LUBRICATING FOR FOR CATHETER INSERTION ETC,,,Gel,42G,pieces,10,,AMBIENT,false,false
MSD-10050088,METRONIDAZOLE DENTAL,,,Gel,2% + 30G,tubes,1,,AMBIENT,false,false
MSD-10050089,METRONIDAZOLE TOPICAL,,,Gel,,tubes,1,,AMBIENT,false,false
MSD-10050091,MICONAZOLE M,,,Cream,2% + 20G,tubes,12,,AMBIENT,false,false
MSD-10050092,MICONAZOLE NITRATE + GENTAMICIN SULPHATE + CLOBETASOL PROPIONATE M,,,Cream,2% + 0.1% + 0.05% + 10G,tubes,1,,AMBIENT,false,false
MSD-10050095,MICONAZOLE VAGINAL M,,,Cream,40G,tubes,1,,AMBIENT,false,false
MSD-10050096,MOMETASONE,,,Cream,15G,tubes,1,,AMBIENT,false,false
MSD-10050101,MUPIROCIN M,,,Ointment,2% + 15G,tubes,1,,AMBIENT,false,false
MSD-10050105,ORAL REHYDRATION SALTS ORS FOR ITRE POWDER,,,Powder,1 L,sachets,100,,AMBIENT,false,false
MSD-10050126,SILVER SULPHADIAZINE W / W,,,Cream,1%,tubes,1,,AMBIENT,false,false
MSD-10050128,SODIUM CHLORIDE NASAL,,,Drops,0.9%,bottles,1,,AMBIENT,false,false
MSD-10050137,SUN SCREEN SPF 60,,,Cream,,tubes,1,,AMBIENT,false,false
MSD-10050138,TERBINAFINE,,,Cream,1% + 10G,tubes,1,,AMBIENT,false,false
MSD-10050139,TERBINAFINE,,,Cream,15G,tubes,1,,AMBIENT,false,false
MSD-10050148,ETOFENAMATE,,,Gel,5% + 50G,tubes,1,,AMBIENT,false,false
MSD-10050154,CLOTRIMAZOLE + GENTAMYCIN + BETAMETHASONE,,,Cream,,tubes,1,,AMBIENT,false,false
MSD-10050156,BETAMETHASONE VALERATE OR,,,Cream,0.025%,tubes,1,,AMBIENT,false,false
MSD-10050216,MORPHINE SULPHATE M POWDER,,,Powder,38G,grams,38,,AMBIENT,false,false
MSD-10060002,5-FLUOROURACIL,,,Injection,1000MG/20ML + 20ML,vials,1,,AMBIENT,false,false
MSD-10060003,5-FLUOROURACIL,,,Injection,250MG/5ML + 5ML,vials,1,,AMBIENT,false,false
MSD-10060004,5-FLUOROURACIL,,,Injection,500MG/10ML + 10ML,vials,1,,AMBIENT,false,false
MSD-10060007,ACTINOMYCINE D,,,Injection,0.5 MG,vials,1,,AMBIENT,false,false
MSD-10060011,ADRENALINE,,,Injection,1MG/ML + 1ML,ampoules,10,,AMBIENT,false,false
MSD-10060013,DOXORUBICIN,,,Powder for Injection,50MG,ampoules,1,,AMBIENT,false,false
MSD-10060014,ALBUMIN S,,,Injection,20% + 100ML,vials,1,,AMBIENT,false,false
MSD-10060022,AMOXYCILLIN + CLAVULANIC ACID M,,,Injection,1.2G,vials,1,,AMBIENT,false,false
MSD-10060024,AMPHOTERICIN B,,,Injection,50MG,ampoules,1,,AMBIENT,false,false
MSD-10060025,AMPICILLIN + CLOXACILLIN,,,Powder for Injection,500MG,vials,50,,AMBIENT,false,false
MSD-10060027,ANTI - RABIES IMMUNOGLOBULIN S,,,Injection,1000IU/5ML,vials,1,,AMBIENT,false,false
MSD-10060028,ANTI RHO-D HUMAN IMMUNOGLOBIN MONOCLONAL,,,Injection,300MCG + 2ML,vials,1,,AMBIENT,false,false
MSD-10060030,ANTITHYMOCITE GLOBULIN -HORSE TYPE ATG-HORSE,,,Injection,50MG/ML + 5ML,vials,1,,AMBIENT,false,false
MSD-10060032,ANTI-TOXIN TETANUS,,,Injection,1500 IU/1ML + 1ML,ampoules,1,,AMBIENT,false,false
MSD-10060039,ARTESUNATE,,,Powder for Injection,60MG,ampoules,1,,AMBIENT,false,false
MSD-10060040,ATRACURIUM,,,Injection,50MG/5ML + 5ML,vials,1,,AMBIENT,false,false
MSD-10060042,ATROPINE .,,,Injection,0.5MG/ML + 1ML,ampoules,10,,AMBIENT,false,false
MSD-10060043,ATROPINE .,,,Injection,1MG/ML + 1ML,ampoules,10,,AMBIENT,false,false
MSD-10060043,ATROPINE .,,,Injection,1MG/ML + 1ML,ampoules,1,,AMBIENT,false,false
MSD-10060047,BENZATHINE PENICILLIN FORTIFIED PDR F 2.4 MU,,,Injection,,vials,50,,AMBIENT,false,false
MSD-10060048,BENZYL PENICILLIN PDR F 5 MU,,,Injection,,vials,50,,AMBIENT,false,false
MSD-10060051,BETAMETHASONE,,,Injection,4MG/ML,vials,1,,AMBIENT,false,false
MSD-10060053,BEVACIZUMAB,,,Injection,100MG/4ML + 4ML,vials,1,,AMBIENT,false,false
MSD-10060056,BLEOMYCIN SULFATE,,,Powder for Injection,15MG,vials,1,,AMBIENT,false,false
MSD-10060062,BUPIVACAINE LIGHT MARCAINE,,,Injection,5MG/5ML,vials,10,,AMBIENT,false,false
MSD-10060063,BUPIVACAINE HEAVY MARCAINE HYPERBARIC,,,Injection,0.5% + 4ML,vials,1,,AMBIENT,false,false
MSD-10060069,CALCIUM GLUCONATE,,,Injection,100MG/ML + 10ML,vials,1,,AMBIENT,false,false
MSD-10060071,CARBOPLATIN,,,Injection,10MG/ML + 45ML,vials,1,,AMBIENT,false,false
MSD-10060072,CARBOPLATIN,,,Injection,150MG,vials,1,,AMBIENT,false,false
MSD-10060075,CEFIPIME M,,,Injection,1G,vials,1,,AMBIENT,false,false
MSD-10060080,CEFTRIAXONE + SULBACTAM,,,Powder for Injection,1G + 0.5G,vials,1,,AMBIENT,false,false
MSD-10060081,CEFTRIAXONE,,,Powder for Injection,1G,vials,1,,AMBIENT,false,false
MSD-10060084,CEFTRIAXONE PDR,,,Injection,500MG,vials,1,,AMBIENT,false,false
MSD-10060088,CEFTRIAXONE POWDER,,,Injection,250 MG,vials,10,,AMBIENT,false,false
MSD-10060094,CHLORAMPHENICOL M,,,Injection,1G,vials,50,,AMBIENT,false,false
MSD-10060095,CHLORPHENIRAMINE,,,Injection,10MG/ML + 1ML,ampoules,10,,AMBIENT,false,false
MSD-10060096,CHLORPROMAZINE,,,Injection,25MG/ML + 2ML,ampoules,10,,AMBIENT,false,false
MSD-10060098,CIPROFLOXACIN,,,Injection,200MG/100ML,vials,1,,AMBIENT,false,false
MSD-10060100,CISPLATIN,,,Injection,50MG/50ML + 50ML,vials,1,,AMBIENT,false,false
MSD-10060101,CLINDAMYCIN IV S,,,Injection,150MG/ML + 2ML,ampoules,1,,AMBIENT,false,false
MSD-10060105,COTRIMOXAZOLE,,,Injection,480MG/5ML,ampoules,1,,AMBIENT,false,false
MSD-10060108,CYCLOPHOSPHAMIDE,,,Injection,1G,vials,1,,AMBIENT,false,false
MSD-10060109,CYCLOPHOSPHAMIDE,,,Injection,500MG,vials,1,,AMBIENT,false,false
MSD-10060112,CYTARABINE,,,Injection,100MG,vials,1,,AMBIENT,false,false
MSD-10060113,DACARBAZINE,,,Powder for Injection,100MG,vials,1,,AMBIENT,false,false
MSD-10060115,DACARBAZINE,,,Injection,500MG,vials,1,,AMBIENT,false,false
MSD-10060125,DEXAMETHASONE,,,Injection,4 MG/ML,ampoules,10,,AMBIENT,false,false
MSD-10060128,DIAZEPAM,,,Injection,5 MG/ML + 2ML,ampoules,10,,AMBIENT,false,false
MSD-10060131,DICLOFENAC SODIUM,,,Injection,25MG/ML + 3ML,ampoules,10,,AMBIENT,false,false
MSD-10060132,DIGOXIN,,,Injection,0.25MG/ML + 2ML,ampoules,1,,AMBIENT,false,false
MSD-10060141,DOBUTAMINE :,,,Injection,250MG/5ML + 20ML,ampoules,1,,AMBIENT,false,false
MSD-10060143,DOCETAXEL CONCENTRATE FOR,,,Injection,40MG/ML + 3ML,vials,1,,AMBIENT,false,false
MSD-10060144,DOCETAXEL,,,Injection,120MG/3ML,vials,1,,AMBIENT,false,false
MSD-10060145,DOPAMINE HYDROCHLORIDE,,,Injection,40MG/ML + 5ML,ampoules,1,,AMBIENT,false,false
MSD-10060146,DOPAMINE,,,Injection,250MG/5ML + 10ML,vials,1,,AMBIENT,false,false
MSD-10060148,DOXORUBICIN,,,Injection,10MG,vials,1,,AMBIENT,false,false
MSD-10060155,EPHEDRINE,,,Injection,30MG/ML + 1ML,ampoules,10,,AMBIENT,false,false
MSD-10060157,EPIRUBICIN,,,Injection,50MG,vials,1,,AMBIENT,false,false
MSD-10060160,ERYTHROPOETIN PRE-FILLED SYRINGE,,,Vial,4000IU/0.4ML,vials,1,,AMBIENT,false,false
MSD-10060163,ERYTHROPOIETIN,,,Injection,2000IU + 0.4ML,vials,1,,AMBIENT,false,false
MSD-10060169,ETOPOSIDE,,,Injection,100MG/ML,vials,1,,AMBIENT,false,false
MSD-10060174,FENTANYL,,,Injection,100µG/2ML + 2ML,ampoules,10,,AMBIENT,false,false
MSD-10060174,FENTANYL,,,Injection,100µG/2ML + 2ML,ampoules,1,,AMBIENT,false,false
MSD-10060176,FILGRASTIM,,,Injection,300MCG,vials,1,,AMBIENT,false,false
MSD-10060178,FLUCONAZOLE / ML S,,,Injection,2MG + 100ML,vials,1,,AMBIENT,false,false
MSD-10060182,FLUPHENAZINE DECANOATE,,,Injection,25 MG/ML,vials,10,,AMBIENT,false,false
MSD-10060185,FRUSEMIDE,,,Injection,10MG/ML + 2ML,ampoules,10,,AMBIENT,false,false
MSD-10060188,GEMCITABINE 200 MILIGRAMS,,,Injection,,vials,1,,AMBIENT,false,false
MSD-10060189,GEMCITABINE,,,Injection,1G,vials,1,,AMBIENT,false,false
MSD-10060190,GENTAMYCIN,,,Injection,40MG/ML + 2ML,ampoules,10,,AMBIENT,false,false
MSD-10060191,GENTAMYCIN,,,Injection,20MG/ML + 2ML,ampoules,1,,AMBIENT,false,false
MSD-10060192,GENTAMYCIN,,,Injection,10MG/ML + 2ML,ampoules,10,,AMBIENT,false,false
MSD-10060194,GLYCOPYRROLATE / ML,,,Injection,200µG + 1 ML,vials,1,,AMBIENT,false,false
MSD-10060195,GOSERELIN,,,Injection,10.8MG,vials,1,,AMBIENT,false,false
MSD-10060196,GOSERELIN,,,Injection,3.6MG,vials,1,,AMBIENT,false,false
MSD-10060197,HALOPERIDOL,,,Injection,5MG/ML + 1ML,ampoules,10,,AMBIENT,false,false
MSD-10060198,HEPARIN,,,Injection,1000IU/ML + 5ML,vials,5,,AMBIENT,false,false
MSD-10060200,HEPARIN S,,,Injection,5000IU/ML + 5ML,vials,1,,AMBIENT,false,false
MSD-10060201,LOW MOLECULAR WEIGHT HEPARIN,,,Injection,80MG + 0.8ML,vials,1,,AMBIENT,false,false
MSD-10060203,HEPATITIS B VACCINES FOR ADULTS SINGLE DOSE,,,Injection,,ampoules,1,,REFRIGERATED,true,false
MSD-10060207,HYDRALAZINE,,,Injection,20MG/ML + 1ML,vials,5,,AMBIENT,false,false
MSD-10060208,HYDROCORTISONE,,,Powder for Injection,100MG,vials,10,,AMBIENT,false,false
MSD-10060216,IFOSFAMIDE RAM WITH MESNA RAMS,,,Injection,1 G + 300G,vials,1,,AMBIENT,false,false
MSD-10060220,INSULIN HUMAN PREMIX PREFILLED CATRIDGE,,,Injection,100IU/ML + 3ML,vials,1,,REFRIGERATED,true,false
MSD-10060222,INSULIN HUMAN SOLUBLE VIAL,,,Injection,100IU/ML + 10 ML,vials,10,,REFRIGERATED,true,false
MSD-10060223,INSULIN HUMAN VIAL BASAL,,,Injection,100IU/ML + 10ML,vials,10,,REFRIGERATED,true,false
MSD-10060224,INSULIN ISOPHANE INSULIN NPH,,,Injection,100IU,vials,1,,REFRIGERATED,true,false
MSD-10060225,INSULIN HUMAN PREMIX VIAL,,,Injection,100IU/ML + 10ML,vials,1,,REFRIGERATED,true,false
MSD-10060227,IRINOTECAN,,,Injection,20MG/ML + 5ML,vials,1,,AMBIENT,false,false
MSD-10060231,IRON DEXTRAN,,,Injection,50MG/ML + 5ML,vials,1,,AMBIENT,false,false
MSD-10060238,KETAMINE .,,,Injection,10ML + 50MG/ML,vials,25,,AMBIENT,false,false
MSD-10060239,LABETALOL,,,Injection,10MG/ML,vials,10,,AMBIENT,false,false
MSD-10060240,LABETOLOL :,,,Injection,5MG/ML + 20ML,vials,1,,AMBIENT,false,false
MSD-10060243,LEUCOVORIN,,,Injection,200MG/ML + 20ML,ampoules,1,,AMBIENT,false,false
MSD-10060244,LEUCOVORIN,,,Injection,50MG/ML + 10ML,vials,1,,AMBIENT,false,false
MSD-10060247,LIDOCAINE + DEXTROSE SPINAL .,,,Injection,5% + 7.5 %,vials,10,,AMBIENT,false,false
MSD-10060249,LIGNOCAIN + ADRENALINE 1: 80000,,,Injection,2% + 50ML,vials,10,,AMBIENT,false,false
MSD-10060250,LIGNOCAINE,,,Injection,2% + 50ML,vials,10,,AMBIENT,false,false
MSD-10060257,LOW MOLECULAR WEIGHT HEPARIN,,,Injection,40MG,ampoules,1,,AMBIENT,false,false
MSD-10060258,LOW MOLECULAR WEIGHT HEPARIN,,,Injection,60MG,ampoules,1,,AMBIENT,false,false
MSD-10060260,MAGNESIUM SULPHATE S,,,Injection,500MG/ML + 50% + 10ML,vials,10,,AMBIENT,false,false
MSD-10060262,MANNITOL S,,,Injection,20% + 500ML,bottles,1,,AMBIENT,false,false
MSD-10060263,MANNITOL S,,,Injection,20% + 100 ML,bottles,1,,AMBIENT,false,false
MSD-10060272,MENINGITIS VACCINE SINGLE DOSE,,,Vial,,vials,1,,REFRIGERATED,true,false
MSD-10060274,MEROPENEM,,,Injection,500MG,vials,1,,AMBIENT,false,false
MSD-10060280,METHOTREXATE,,,Injection,50MG/2ML + 2ML,ampoules,1,,AMBIENT,false,false
MSD-10060281,METHYL PREDNISOLONE,,,Injection,40MG/ML,vials,1,,AMBIENT,false,false
MSD-10060284,METHYLPREDNISOLONE,,,Injection,500 MG/ML,vials,1,,AMBIENT,false,false
MSD-10060285,METOCLOPRAMIDE,,,Injection,5MG/ML + 2ML,ampoules,10,,AMBIENT,false,false
MSD-10060287,METOPROLOL SOLUTION FOR,,,Injection,1MG/ML + 5ML,ampoules,1,,AMBIENT,false,false
MSD-10060288,METRONIDAZOLE SOLUTION FOR INTRAVENOUS /,,,Injection / Infusion,5MG/ML + 100ML,bottles,10,,AMBIENT,false,false
MSD-10060290,MIDAZOLAM,,,Injection,15MG/3ML,vials,1,,AMBIENT,false,false
MSD-10060295,MITOMYCIN C,,,Injection,10 MG,vials,1,,AMBIENT,false,false
MSD-10060298,MORPHINE,,,Injection,10MG/ML,ampoules,10,,AMBIENT,false,false
MSD-10060300,N-ACETYLCYSTEINE,,,Injection,200MG/ML + 10ML,ampoules,1,,AMBIENT,false,false
MSD-10060301,NALOXONE .,,,Injection,0.4 MG/ML + 1ML,ampoules,1,,AMBIENT,false,false
MSD-10060302,NEOSTIGMINE,,,Injection,2.5MG/ML + 1ML,vials,10,,AMBIENT,false,false
MSD-10060304,NITROGLYCERINE,,,Injection,25MG/5ML + 5ML,ampoules,1,,AMBIENT,false,false
MSD-10060309,OCTREOTIDE / ML .,,,Injection,100MCG + 1ML,ampoules,1,,AMBIENT,false,false
MSD-10060310,OCTREOTIDE / ML .,,,Injection,50MCG + 1ML,ampoules,1,,AMBIENT,false,false
MSD-10060312,ONDANSETRON,,,Injection,2MG/ML,vials,10,,AMBIENT,false,false
MSD-10060314,OXALIPLATIN,,,Injection,100MG,vials,1,,AMBIENT,false,false
MSD-10060316,OXALIPLATIN,,,Injection,50MG,vials,1,,AMBIENT,false,false
MSD-10060317,OXYTOCIN,,,Injection,10IU/ML + 1ML,ampoules,10,,AMBIENT,false,false
MSD-10060320,PACLITAXEL,,,Injection,260MG/43.4ML,vials,1,,AMBIENT,false,false
MSD-10060321,PACLITAXEL IN,,,Injection,6MG/ML + 5ML,vials,1,,AMBIENT,false,false
MSD-10060322,PANCURONIUM BROMIDE,,,Injection,2MG/ML + 2ML,ampoules,10,,AMBIENT,false,false
MSD-10060323,PANTOPRAZOLE,,,Injection,40MG,vials,1,,AMBIENT,false,false
MSD-10060325,PARACETAMOL S INTRAVENOUS,,,Injection,1000MG/100ML,vials,1,,AMBIENT,false,false
MSD-10060326,PETHIDINE,,,Injection,50MG/ML + 1ML,ampoules,10,,AMBIENT,false,false
MSD-10060327,PETHIDINE,,,Injection,100MG/2ML,ampoules,10,,AMBIENT,false,false
MSD-10060328,PHENOBARBITAL SODIUM,,,Injection,100MG/ML + 2ML,vials,10,,AMBIENT,false,false
MSD-10060329,PHENOBARBITAL,,,Injection,200 MG/ML + 2 ML,ampoules,10,,AMBIENT,false,false
MSD-10060330,PHENYLEPHRINE,,,Injection,10MG/ML,ampoules,10,,AMBIENT,false,false
MSD-10060332,PHENYTOIN,,,Injection,50MG/ML + 2ML,ampoules,1,,AMBIENT,false,false
MSD-10060333,PHYTOMENADIONE VITAMIN K1,,,Injection,,ampoules,1,,AMBIENT,false,false
MSD-10060334,PIPERACILLIN M + TAZOBACTAM SODIUM,,,Injection,4G + 500MG,ampoules,1,,AMBIENT,false,false
MSD-10060339,POTASSIUM CHLORIDE,,,Injection,7.45%,vials,10,,AMBIENT,false,false
MSD-10060345,PROCAINE PENICILLIN FORTIFIED PDR F 4MU,,,Injection,,vials,1,,AMBIENT,false,false
MSD-10060347,PROMETHAZINE HCL,,,Injection,25MG/ML + 2ML,ampoules,10,,AMBIENT,false,false
MSD-10060349,PROPOFOL MG / ML,,,Injection,1%,vials,1,,AMBIENT,false,false
MSD-10060350,PROPOFOL,,,Injection,20MG/ML,vials,1,,AMBIENT,false,false
MSD-10060351,PROTAMINE SULPHATE,,,Injection,,ampoules,1,,AMBIENT,false,false
MSD-10060354,RABIES VACCINE USP POTENCY OF RABIES ANTIGEN ? / DOSE,,,Ampoule,2.5 IU,ampoules,1,,REFRIGERATED,true,false
MSD-10060360,RITUXIMAB,,,Injection,100MG/ML,vials,1,,AMBIENT,false,false
MSD-10060361,ROCURONIUM,,,Injection,10MG/ML + 5ML,vials,1,,AMBIENT,false,false
MSD-10060364,SNAKE VENOM POLYVALENT ANTISERUM S VIAL.,,,Vial,10ML,vials,1,,AMBIENT,false,false
MSD-10060365,SODIUM BICARBONATE,,,Injection,8.4% + 1MG/ML + 20ML,vials,1,,AMBIENT,false,false
MSD-10060366,SODIUM BICARBONATE,,,Injection,8.4% + 10ML,ampoules,10,,AMBIENT,false,false
MSD-10060374,SUXAMETHONIUM CHLORIDE,,,Injection,50MG/ML + 2ML,vials,10,,AMBIENT,false,false
MSD-10060381,THIOPENTAL,,,Injection,1G,vials,1,,AMBIENT,false,false
MSD-10060382,THIOPENTAL SODIUM PDR F,,,Injection,500 MG,vials,25,,AMBIENT,false,false
MSD-10060383,TRAMADOL,,,Injection,50MG/ML + 2ML,ampoules,10,,AMBIENT,false,false
MSD-10060384,TRANEXAMIC ACID IINJECTION,,,Injection,100MG/ML + 5ML,vials,1,,AMBIENT,false,false
MSD-10060386,TRASTUZUMAB HERCEPTIN,,,Injection,150MG,vials,1,,AMBIENT,false,false
MSD-10060387,TRASTUZUMAB,,,Injection,440MG,vials,1,,AMBIENT,false,false
MSD-10060389,TRIAMCINOLONE,,,Injection,40MG,vials,1,,AMBIENT,false,false
MSD-10060390,VANCOMYCIN .,,,Injection,500MG,vials,1,,AMBIENT,false,false
MSD-10060394,VINBLASTINE,,,Injection,1MG/1ML,ampoules,1,,AMBIENT,false,false
MSD-10060396,VINCRISTINE,,,Injection,1MG/ML,ampoules,1,,AMBIENT,false,false
MSD-10060397,VITAMIN B COMPLEX,,,Injection,2ML,ampoules,50,,AMBIENT,false,false
MSD-10060399,VITAMIN B12 - HYDROXOCOBALAMINE,,,Injection,1MG/ML,vials,1,,AMBIENT,false,false
MSD-10060402,WATER FOR,,,Injection,10ML,vials,100,,AMBIENT,false,false
MSD-10060405,YELLOW FEVER VACCINE 10 DOSES,,,Injection,,ampoules,1,,REFRIGERATED,true,false
MSD-10060406,ZOLEDRONIC ACID SOLUTION FOR,,,Infusion,4 MG/100ML,vials,1,,AMBIENT,false,false
MSD-10060425,RITUXIMAB,,,Injection,500MG,vials,1,,AMBIENT,false,false
MSD-10060426,BEVACIZUMAB,,,Injection,400MG,vials,1,,AMBIENT,false,false
MSD-10060443,FENTANYL CITRATE / ML,,,Injection,50 MCG + 2ML,ampoules,1,,AMBIENT,false,false
MSD-10060444,BORTEZOMIB,,,Injection,2MG,vials,1,,AMBIENT,false,false
MSD-10060454,TRASTUZUMAB SUBCUTANEOUS,,,Injection,600MG/5ML,vials,1,,AMBIENT,false,false
MSD-10060480,IRON SUCROSE,,,Injection,20MG/ML + 5ML,ampoules,1,,AMBIENT,false,false
MSD-10060483,POTASSIUM CHLORIDE,,,Injection,15%,ampoules,50,,AMBIENT,false,false
MSD-10060486,RITUXIMAB,,,Injection,100MG/10ML + 10ML,vials,1,,AMBIENT,false,false
MSD-10060488,ETOPOSIDE,,,Injection,100MG/5ML,vials,1,,AMBIENT,false,false
MSD-10060490,DOCETAXEL,,,Injection,80MG,vials,1,,AMBIENT,false,false
MSD-10060502,DOCETAXEL CONCENTRATE FOR,,,Injection,40MG/ML + 2ML,vials,1,,AMBIENT,false,false
MSD-10060596,LEUCOVORIN,,,Injection,50MG/5ML,vials,1,,AMBIENT,false,false
MSD-10070004,CHLORHEXIDINE + CETRIMIDE LIQUID,,,,1.5% + 15%,gallons,1,,AMBIENT,false,false
MSD-10070007,CHLOROXYLENOL DETTOL LIQUID,,,,5%,gallons,1,,AMBIENT,false,false
MSD-10070011,CRESOL SAPONATED LYSOL LIQUID,,,,50%,gallons,1,,AMBIENT,false,false
MSD-10070016,FORMALDEHYDE 36- LIQUID,,,,37%,gallons,1,,AMBIENT,false,false
MSD-10070018,HYDROGEN PEROXIDE MOUTHWASH SOLUTION S,,,Solution,3% + 100ML,bottles,1,,AMBIENT,false,false
MSD-10070019,IODINE LUGOL'S SOLUTION,,,Solution,1MG/100ML + 100ML,bottles,1,,AMBIENT,false,false
MSD-10070020,LINDANE,,,Lotion,100ML,bottles,1,,AMBIENT,false,false
MSD-10070021,LIQUID SOAP iters,,,,5 L,gallons,1,,AMBIENT,false,false
MSD-10070024,METHYLATED SPIRIT LIQUID,,,,70% + 5L,gallons,1,,AMBIENT,false,false
MSD-10070026,POVIDONE IODINE LIQUID,,,Bottle,10% + 250ML,bottles,1,,AMBIENT,false,false
MSD-10070038,ALCOHOL BASED HAND SANITIZER ITRES,,,,5 L,gallons,1,,AMBIENT,false,false
MSD-10080013,BUDESONIDE PER DOSE 200 DOSES,,,Inhaler,100MCG,bottles,1,,AMBIENT,false,false
MSD-10080014,BUDESONIDE PER DOSE 200 DOSES,,,Inhaler,200MCG,bottles,1,,AMBIENT,false,false
MSD-10080019,FLUTICASONE FUORATE NASAL,,,Spray,,bottles,1,,AMBIENT,false,false
MSD-10080022,IPRATROPIUM SOLUTION FOR NEBULIZER / ML AEROSOL,,,Solution,250MCG + 2ML,bottles,1,,AMBIENT,false,false
MSD-10080024,SALBUTAMOL NEBULIZER,,,Bottle,2.5MG,bottles,1,,AMBIENT,false,false
MSD-10080025,SALBUTAMOL + IPRATROPIUM INHALATION SOLUTION,,,Solution,2.5mg + 500MCG,bottles,10,,AMBIENT,false,false
MSD-10080026,SALBUTAMOL 200 DOSES,,,Inhaler,100MCG,bottles,1,,AMBIENT,false,false
MSD-10080029,SALBUTAMOL RESPULES,,,Bottle,2.5MG/2.5ML,bottles,1,,AMBIENT,false,false
MSD-10080030,SALINE NASAL .,,,Spray,,bottles,1,,AMBIENT,false,false
MSD-10080031,SALMETEROL + FLUTICASONE PROPIONATE 120 DOSES,,,Inhaler,125MCG + 125MG,bottles,1,,AMBIENT,false,false
MSD-10080034,SURFACTANT,,,Bottle,25MG/ML + 4ML,bottles,1,,AMBIENT,false,false
MSD-10080035,SALMETEROL + FLUTICASONE PROPIONATE 2,,,Inhaler,50MCG + 250MCG,bottles,1,,AMBIENT,false,false
MSD-10080037,FLUTICASONE PROPIONATE NASAL,,,Spray,,bottles,1,,AMBIENT,false,false
MSD-10090003,READY TO USE THERAPEUTIC FOOD RUTF X 150 SACHETS,,,,92G,sachets,150,,AMBIENT,false,false
MSD-10090004,RESOMAL SACHET FOR ITRE,,,,42G + 1 L,sachets,100,,AMBIENT,false,false
MSD-10100002,ACYCLOVIR EYE,,,Ointment,,tubes,12,,AMBIENT,false,false
MSD-10100005,ATROPINE EYE DROP,,,Eye Drops,0.5%,bottles,1,,AMBIENT,false,false
MSD-10100006,ATROPINE,,,Eye Drops,1%,bottles,1,,AMBIENT,false,false
MSD-10100008,BETAMETHASONE,,,Eye Drops,0.1%,bottles,1,,AMBIENT,false,false
MSD-10100010,BORIC ACID EAR,,,Drops,,bottles,1,,AMBIENT,false,false
MSD-10100015,CHLORAMPHENICOL + BECLOMETHASONE + LIDOCAINE + CLOTRIMAZOLE EAR,,,Drops,,bottles,1,,AMBIENT,false,false
MSD-10100019,CHLORAMPHENICOL,,,Eye Drops,0.5%,bottles,1,,AMBIENT,false,false
MSD-10100020,CHLORAMPHENICOL EYE M,,,Ointment,1% + 3.5G,tubes,1,,AMBIENT,false,false
MSD-10100022,CIPROFLOXACIN,,,Eye Drops,0.3%,bottles,1,,AMBIENT,false,false
MSD-10100023,CIPROFLOXACIN EAR,,,Drops,,bottles,1,,AMBIENT,false,false
MSD-10100024,CLOTRIMAZOLE + CHLORAMPHENICOL + BECLOMETHASONE 0.02 + LIGNOCAINE EAR,,,Drops,1% + 5% + 0.025% + 2% + 5ML,bottles,1,,AMBIENT,false,false
MSD-10100025,CLOTRIMAZOLE EAR S,,,Drops,15ML,bottles,1,,AMBIENT,false,false
MSD-10100027,CYCLOPENTOLATE,,,Eye Drops,1%,bottles,1,,AMBIENT,false,false
MSD-10100029,DEXAMETHASONE + CHLORAMPHENICOL EYE DROP W / V,,,Eye Drops,0.1% + 1% + 5ML,bottles,1,,AMBIENT,false,false
MSD-10100034,DEXAMETHASONE S,,,Eye Drops,0.1% + 10ML,bottles,1,,AMBIENT,false,false
MSD-10100040,GENTAMYCIN SULPHATE S,,,Eye Drops,0.3% + 10ML,bottles,1,,AMBIENT,false,false
MSD-10100042,HYDROCORTISONE ACETATE,,,Eye Drops,0.5% + 5ML,bottles,1,,AMBIENT,false,false
MSD-10100044,HYDROXYPROPYL METHYLCELLULOSE EYE DROP,,,Eye Drops,0.70% + 10ML,bottles,1,,AMBIENT,false,false
MSD-10100055,OLOPANTEDINE EYE DROP,,,Eye Drops,,bottles,1,,AMBIENT,false,false
MSD-10100057,OXYTETRACYCLINE EYE,,,Ointment,1% + 5G,tubes,1,,AMBIENT,false,false
MSD-10100058,OXYTETRACYCLINE + HYDROCORTISONE EYE / EAR,,,Tube,,tubes,1,,AMBIENT,false,false
MSD-10100059,PILOCARPINE 5 MILILLITRES,,,Eye Drops,2%,bottles,1,,AMBIENT,false,false
MSD-10100061,PREDNISOLONE,,,Eye Drops,0.5%,bottles,1,,AMBIENT,false,false
MSD-10100062,PREDNISOLONE EYE DROP,,,Eye Drops,1%,bottles,1,,AMBIENT,false,false
MSD-10100065,SODIUM CROMOGLYCATE EYE DROP,,,Eye Drops,4%,bottles,1,,AMBIENT,false,false
MSD-10100066,SODIUM CROMOGLYCATE S,,,Eye Drops,2% + 5ML,bottles,1,,AMBIENT,false,false
MSD-10100070,TIMOLOL S,,,Eye Drops,0.25% + 10ML,bottles,1,,AMBIENT,false,false
MSD-10100071,TIMOLOL S,,,Eye Drops,0.5% + 5ML,bottles,1,,AMBIENT,false,false
MSD-10100081,HYDROGEN PEROXIDE S EAR SOLUTION,,,Drops,3% + 10ML,bottles,1,,AMBIENT,false,false
MSD-10100095,SODIUM CROMOGLYCATE S,,,Eye Drops,2% + 10ML,bottles,1,,AMBIENT,false,false
MSD-20010001,CATGUT CHROMIC 0 75CM 1 / 2CIRCLE ROUND BODY 40MM,,,,,pieces,12,,REFRIGERATED,true,false
MSD-20010002,CATGUT CHROMIC 0 75CM 1 / 2CIRCLE ROUND BODY TAPER 30MM,,,,,pieces,12,,REFRIGERATED,true,false
MSD-20010003,CATGUT CHROMIC 1 75CM 1 / 2 CIRCLE ROUND BODY HEAVY 50MM,,,,,pieces,12,,REFRIGERATED,true,false
MSD-20010004,CATGUT CHROMIC 1 75CM 3 / 8 CIRCLE ROUND BODY 45MM,,,,,pieces,12,,REFRIGERATED,true,false
MSD-20010005,CATGUT CHROMIC 1 75CM 3 / 8 CIRCLE BLUNT ROUND BODY 63MM,,,,,pieces,1,,REFRIGERATED,true,false
MSD-20010006,CATGUT CHROMIC 2 75CM 1 / 2 CIRCLE ROUND BODY 45MM,,,,,pieces,12,,REFRIGERATED,true,false
MSD-20010007,CATGUT CHROMIC 2 75CM 1 / 2 CIRCLE HVY TAPERCUT 35MM,,,,,pieces,12,,REFRIGERATED,true,false
MSD-20010008,CATGUT CHROMIC 2 75CM 1 / 2 CIRCLE ROUND BODY TAPER 50MM,,,,,pieces,12,,REFRIGERATED,true,false
MSD-20010009,CATGUT CHROMIC 2 / 0 75CM 1 / 2 CIRCLE CUTTING 25MM,,,,,pieces,12,,REFRIGERATED,true,false
MSD-20010010,CATGUT CHROMIC 2 / 0 75CM 1 / 2 CIRCLE ROUND BODY 30MM,,,,,pieces,12,,REFRIGERATED,true,false
MSD-20010011,CATGUT CHROMIC 2 / 0 75CM 1 / 2 CIRCLE ROUND BODY 40MM,,,,,pieces,12,,REFRIGERATED,true,false
MSD-20010012,CATGUT CHROMIC 0 75CM 1 / 2 CIRCLE ROUND BODIED 37MM,,,,,pieces,12,,REFRIGERATED,true,false
MSD-20010013,CATGUT CHROMIC 1 75CM 1 / 2 CIRCLE ROUND BODY HEAVY 45MM,,,,,pieces,12,,REFRIGERATED,true,false
MSD-20010014,CATGUT CHROMIC 2 / 0 75CM 1 / 2CIRCLE ROUND BODY TAPER - CUT 60MM,,,,,pieces,12,,REFRIGERATED,true,false
MSD-20010015,CATGUT CHROMIC 3 / 0 75CM 1 / 2CIRCLE ROUND BODY 20MM,,,,,pieces,12,,REFRIGERATED,true,false
MSD-20010017,COATED POLYGLYCOLIC ACID 0 75CM 1 / 2 CIRCLE ROUND BODIED TAPER POINT PLUS 31MM,,,,,pieces,12,,REFRIGERATED,true,false
MSD-20010018,COATED POLYGLYCOLIC ACID 1 75CM 1 / 2 CIRCLE ROUND BODIED TAPER POINT 30MM,,,,,pieces,12,,REFRIGERATED,true,false
MSD-20010020,COATED POLYGLYCOLIC ACID 2 75CM 1 / 2 CIRCLE ROUND BODY TAPER PONT 50MM,,,,,pieces,12,,REFRIGERATED,true,false
MSD-20010021,COATED POLYGLYCOLIC ACID 2 / 0 70CM 1 / 2 CIRCLE ROUND BODY FINE 26MM,,,,,pieces,12,,REFRIGERATED,true,false
MSD-20010022,COATED POLYGLYCOLIC ACID 2 / 0 70CM 1 / 2CIRCLE ROUND BODY TAPER 26MM,,,,,pieces,12,,REFRIGERATED,true,false
MSD-20010023,COATED POLYGLYCOLIC ACID 3 / 0 75CM 1 / 2CIRCLE ROUND BODY TAPER POINT PLUS 26MM,,,,,pieces,12,,REFRIGERATED,true,false
MSD-20010024,COATED POLYGLYCOLIC ACID 4-0 SIZE 75CM LENGTH 1 / 2 CIRCLE ROUND BODY TAPER POINT 26MM,,,,,pieces,12,,REFRIGERATED,true,false
MSD-20010026,COATED VICRLY 1 75CM 1 / 2CIRCLE ROUND BODY 40MM,,,,,pieces,12,,REFRIGERATED,true,false
MSD-20010028,COATED VICRLY 3 / 0 75CM 26MM 1 / 2CIRCLE ROUND BODY,,,,,pieces,12,,REFRIGERATED,true,false
MSD-20010035,MONOFILAM POLYAM 2 / 0 70CM 3 / 8 CIRCLE REVERSE CUTTING 45MM,,,,,pieces,12,,REFRIGERATED,true,false
MSD-20010036,MONOFILAM POLYPROPYLENE 1 1M 1 / 2 CIRCLE HEAVY TROCAR POINT 30MM,,,,,pieces,12,,REFRIGERATED,true,false
MSD-20010038,MONOFILAM POLYPROPYLENE 3 / 0 45CM 3 / 8 CIRCLE REVERSE CUTTING 26MM,,,,,pieces,12,,REFRIGERATED,true,false
MSD-20010039,MONOFILAM POLYPROPYLENE 4 / 0 75CM 3 / 8 CIRCLE REVERSE CUTTING 19MM,,,,,pieces,12,,REFRIGERATED,true,false
MSD-20010046,POLYDIOXANONE MONOFILAMENT 1 70CM 1 / 2 CIRCLE TAPER POINT PLUS 31MM,,,,,pieces,12,,REFRIGERATED,true,false
MSD-20010047,POLYDIOXANONE MONOFILAMENT 10 / 0 30CM 3 / 8 CIRCLE DOUBLE ARMED PLUS 6MM NYLON NO 10 / 0,,,,,pieces,12,,REFRIGERATED,true,false
MSD-20010048,POLYDIOXANONE MONOFILAMENT 2 / 0 70CM 1 / 2 CIRCLE TAPER POINT PLUS 26MM,,,,,pieces,12,,REFRIGERATED,true,false
MSD-20010049,POLYDIOXANONE MONOFILAMENT 3 / 0 70CM 1 / 2 CIRCLE TAPER POINT PLUS 26MM,,,,,pieces,12,,REFRIGERATED,true,false
MSD-20010053,PROLENE 2 / 0 1M 40MM CURVED 3 / 8 CIRC CUTING NEEDLE,,,,,pieces,1,,REFRIGERATED,true,false
MSD-20010056,PROLENE NO 1 1M 1 / 2CIRCLE TAPER CUT 45MM,,,,,pieces,12,,REFRIGERATED,true,false
MSD-20010058,SILK BRAIDED 0 75CM 3 / 8 CIRCLE REVERSE - CUTTING 45MM,,,,,pieces,12,,REFRIGERATED,true,false
MSD-20010059,SILK BRAIDED 2 75CM 1 / 2 CIRCLE ROUND BODY 45MM,,,,,pieces,12,,REFRIGERATED,true,false
MSD-20010060,SILK BRAIDED 2 / 0 75CM 1 / 2 CIRCLE ROUND BODY 25MM,,,,,pieces,12,,REFRIGERATED,true,false
MSD-20010062,SILK BRAIDED 3 / 0 75CM 1 / 2 CIRCLE ROUND BODY 20MM,,,,,pieces,12,,REFRIGERATED,true,false
MSD-20010064,SILK BRAIIDED 2 / 0 75CM 3 / 8 CIRCLE CUTTING 26MM,,,,,pieces,12,,REFRIGERATED,true,false
MSD-20010078,VICRLY 2 / 0 1 / 2 CIRCLE 45MM TAPERCUT,,,,,pieces,12,,REFRIGERATED,true,false
MSD-20010079,VICRLY 3 / 0 45CM 1 / 2 CIRCLE CUTTING NEEDLE,,,,,pieces,12,,REFRIGERATED,true,false
MSD-20010083,VICRLY NO 6 / 0 75CM 1 / 2CIRCLE 17MM TAPER POINT,,,,,pieces,12,,REFRIGERATED,true,false
MSD-20020011,EXAMINATION GLOVES POWDER FREE DISPOSABLE-LARGE,,,Powder,,pieces,100,,AMBIENT,false,false
MSD-20020012,EXAMINATION GLOVES POWDER FREE DISPOSABLE-MEDIUM BOX OF 100,,,Powder,,pieces,100,,AMBIENT,false,false
MSD-20020013,EXAMINATION GLOVES POWDER FREE DISPOSABLE-SMALL,,,Powder,,pieces,100,,AMBIENT,false,false
MSD-20020017,FACE SHIELD,,,,,pieces,1,,AMBIENT,false,false
MSD-20020020,GLOVES EXAMINATION LATEX DISPOSABLE-LARGE,,,,,pairs,50,,AMBIENT,false,false
MSD-20020021,GLOVES EXAMINATION LATEX DISPOSABLE-MEDIUM,,,,,pairs,50,,AMBIENT,false,false
MSD-20020022,GLOVES EXAMINATION LATEX DISPOSABLE-SMALL,,,,,pairs,50,,AMBIENT,false,false
MSD-20020023,GLOVES GYNAECOLOGICAL DISPOSABLE LARGE SIZE 8,,,,,pairs,50,,AMBIENT,false,false
MSD-20020024,GLOVES GYNAECOLOGICAL DISPOSABLE MEDIUM SIZE 7.5,,,,,pairs,50,,AMBIENT,false,false
MSD-20020025,GLOVES GYNAECOLOGICAL DISPOSABLE SMALL SIZE 7,,,,,pairs,50,,AMBIENT,false,false
MSD-20020027,GLOVES SURGICAL LATEX RUBBER STERILE SIZE 7,,,,,pairs,50,,AMBIENT,false,false
MSD-20020028,GLOVES SURGICAL LATEX RUBBER STERILE SIZE 7.5,,,,,pairs,50,,AMBIENT,false,false
MSD-20020029,GLOVES SURGICAL LATEX RUBBER STERILE SIZE 8,,,,,pairs,50,,AMBIENT,false,false
MSD-20020036,ORTHOPEDIC SURGICAL GLOVES SIZE 7.5 MEDIUM,,,,,pairs,50,,AMBIENT,false,false
MSD-20020037,ORTHOPEDIC SURGICAL GLOVES SIZE 8 LARGE,,,,,pairs,50,,AMBIENT,false,false
MSD-20020059,MSD SURGICAL MASK 3 PLY,,,,,pieces,50,,AMBIENT,false,false
MSD-20030003,BLOOD GIVING SET,,,,,pieces,25,,AMBIENT,false,false
MSD-20030011,DISPOSABLE SYRINGES 20CC WITH NEEDLE,,,,,pieces,100,,AMBIENT,false,false
MSD-20030014,I.V. CANULA,,,,14 G,pieces,50,,AMBIENT,false,false
MSD-20030015,I.V. GIVING SET,,,,,pieces,25,,AMBIENT,false,false
MSD-20030016,I.V. CANULA,,,,16 G,pieces,50,,AMBIENT,false,false
MSD-20030017,I.V. CANULA,,,,18 G,pieces,50,,AMBIENT,false,false
MSD-20030018,I.V. CANULA,,,,20 G,pieces,50,,AMBIENT,false,false
MSD-20030019,I.V. CANULA,,,,22 G,pieces,50,,AMBIENT,false,false
MSD-20030020,I.V. CANULA,,,,24 G,pieces,50,,AMBIENT,false,false
MSD-20030021,I.V. GIVING SET FOR PAEDIATRIC - MEASURED VOLUME BURRETTE,,,,,pieces,20,,AMBIENT,false,false
MSD-20030029,SCALP VEIN SET,,,,23 G,pieces,100,,AMBIENT,false,false
MSD-20030036,SPINAL NEEDLES DISPOSABLE,,,,22G,pieces,50,,AMBIENT,false,false
MSD-20030037,SPINAL NEEDLES DISPOSABLE,,,,23G,pieces,50,,AMBIENT,false,false
MSD-20030038,SPINAL NEEDLES DISPOSABLE,,,,25G,pieces,1,,AMBIENT,false,false
MSD-20030038,SPINAL NEEDLES DISPOSABLE,,,,25G,pieces,50,,AMBIENT,false,false
MSD-20030042,SYRINGE AUTO-DISABLE 10CC WITH NEEDLE,,,,,pieces,100,,AMBIENT,false,false
MSD-20030044,"SYRINGE AUTO-DISABLE GX1""",,,,1ML + 22G,pieces,100,,AMBIENT,false,false
MSD-20030045,SYRINGE AUTO-DISABLE 5CC WITH NEEDLE,,,,,pieces,100,,AMBIENT,false,false
MSD-20030046,SYRINGE AUTO-DISABLE,,,,2ML,pieces,100,,AMBIENT,false,false
MSD-20030049,AUTODISABLE DISPOSABLE SYRINGE 3CC,,,,,pieces,100,,AMBIENT,false,false
MSD-20030051,SYRINGE DISPOSABLE INSULIN 1CC WITH NEEDLE,,,,100IU,pieces,100,,REFRIGERATED,true,false
MSD-20030052,SYRINGE FEEDING DISPOSABLE 50CC,,,,,pieces,50,,AMBIENT,false,false
MSD-20030053,SYRINGE PUMPS,,,,,pieces,1,,AMBIENT,false,false
MSD-20030060,SCALP VEIN SET,,,,21 G,pieces,100,,AMBIENT,false,false
MSD-20040038,ENDOTRACHEAL TUBE DISPOSABLE SIZE 3.5,,,,,pieces,20,,AMBIENT,false,false
MSD-20040039,ENDOTRACHEAL TUBE DISPOSABLE SIZE 4,,,,,pieces,20,,AMBIENT,false,false
MSD-20040040,ENDOTRACHEAL TUBE DISPOSABLE SIZE 4.5,,,,,pieces,20,,AMBIENT,false,false
MSD-20040041,ENDOTRACHEAL TUBE DISPOSABLE SIZE 5,,,,,pieces,20,,AMBIENT,false,false
MSD-20040043,ENDOTRACHEAL TUBE DISPOSABLE SIZE 6,,,,,pieces,20,,AMBIENT,false,false
MSD-20040044,ENDOTRACHEAL TUBE DISPOSABLE SIZE 6.5,,,,,pieces,20,,AMBIENT,false,false
MSD-20040045,ENDOTRACHEAL TUBE DISPOSABLE SIZE 7,,,,,pieces,20,,AMBIENT,false,false
MSD-20040046,ENDOTRACHEAL TUBE DISPOSABLE SIZE 7.5,,,,,pieces,20,,AMBIENT,false,false
MSD-20040049,FEEDING TUBE SIZE 12,,,,,pieces,50,,AMBIENT,false,false
MSD-20040050,FEEDING TUBE SIZE 16,,,,,pieces,50,,AMBIENT,false,false
MSD-20040054,FOLEY BALLOON CATHETER 30CC 14F- STERILE- TWO WAYS,,,,,pieces,10,,AMBIENT,false,false
MSD-20040055,FOLEY BALLOON CATHETER 30CC 16F- STERILE- TWO WAYS,,,,,pieces,10,,AMBIENT,false,false
MSD-20040056,FOLEY BALLOON CATHETER 30CC 18F- STERILE- TWO WAYS,,,,,pieces,10,,AMBIENT,false,false
MSD-20040057,FOLEY BALLOON CATHETER 30CC 20F- STERILE- TWO WAYS,,,,,pieces,10,,AMBIENT,false,false
MSD-20040058,FOLEY BALLOON CATHETER 30CC 22F- STERILE- TWO WAYS,,,,,pieces,10,,AMBIENT,false,false
MSD-20040060,FOLLEY BALOON CATHETER THREE WAYS SIZE 16FR,,,,,pieces,10,,AMBIENT,false,false
MSD-20040061,FOLLEY BALOON CATHETER THREE WAYS SIZE 18FR,,,,,pieces,10,,AMBIENT,false,false
MSD-20040063,FOLLEY BALOON CATHETER THREE WAYS SIZE 22FR,,,,,pieces,10,,AMBIENT,false,false
MSD-20040064,FOLLEY BALOON CATHETER THREE WAYS SIZE 24FR,,,,,pieces,10,,AMBIENT,false,false
MSD-20040065,FOLLEY BALOON CATHETER TWO WAY SIZE 10FR,,,,,pieces,10,,AMBIENT,false,false
MSD-20040066,FOLLEY BALOON CATHETER TWO WAY SIZE 12FR,,,,,pieces,10,,AMBIENT,false,false
MSD-20040068,FOLLEY BALOON CATHETER TWO WAY SIZE 8FR,,,,,pieces,10,,AMBIENT,false,false
MSD-20040080,NASAL GASTRIC TUBE 10CH,,,,,pieces,10,,AMBIENT,false,false
MSD-20040081,NASAL GASTRIC TUBE 14CH,,,,,pieces,10,,AMBIENT,false,false
MSD-20040082,NASAL GASTRIC TUBE 16CH,,,,,pieces,10,,AMBIENT,false,false
MSD-20040083,NASAL GASTRIC TUBE 18CH,,,,,pieces,10,,REFRIGERATED,true,false
MSD-20040089,NASAL GASTRIC TUBE NO.12,,,,,pieces,10,,AMBIENT,false,false
MSD-20040090,NASAL GASTRIC TUBE NO.4,,,,,pieces,10,,AMBIENT,false,false
MSD-20040093,NASOPHARYNGEAL AIRWAY SIZE 4,,,,,pieces,10,,AMBIENT,false,false
MSD-20040094,NASOPHARYNGEAL AIRWAY SIZE 3,,,,,pieces,10,,AMBIENT,false,false
MSD-20040098,NEONATE FEEDING TUBE 3.5 FG,,,,,pieces,10,,AMBIENT,false,false
MSD-20040102,OROPHARYNGEAL AIRWAY SIZE 0,,,,,pieces,10,,AMBIENT,false,false
MSD-20040103,OROPHARYNGEAL AIRWAY SIZE 1,,,,,pieces,10,,AMBIENT,false,false
MSD-20040107,OROPHARYNGEAL AIRWAY SIZE 4,,,,,pieces,10,,AMBIENT,false,false
MSD-20040114,OXYGEN NASAL PRONGS,,,,,pieces,1,,AMBIENT,false,false
MSD-20040115,OXYGEN NASAL PRONGS - DISPOSABLE CHILDREN,,,,,pieces,1,,AMBIENT,false,false
MSD-20040134,SUCTION CATHETER SIZE 16,,,,,pieces,10,,AMBIENT,false,false
MSD-20040135,SUCTION CATHETER / TUBE 3.5FG 40CM DISPOSABLE,,,,,pieces,10,,AMBIENT,false,false
MSD-20040136,SUCTION CATHETER / TUBE 4FG 40CM DISPOSABLE,,,,,pieces,10,,AMBIENT,false,false
MSD-20040137,SUCTION CATHETER / TUBE STERILE DISPOSABLE SIZE 10FG,,,,,pieces,10,,AMBIENT,false,false
MSD-20040138,SUCTION CATHETER / TUBE STERILE DISPOSABLE SIZE 12FG,,,,,pieces,10,,AMBIENT,false,false
MSD-20040139,SUCTION CATHETER / TUBE STERILE DISPOSABLE SIZE 14FG,,,,,pieces,10,,AMBIENT,false,false
MSD-20040140,SUCTION CATHETER / TUBE STERILE DISPOSABLE SIZE 6FG,,,,,pieces,10,,AMBIENT,false,false
MSD-20040141,SUCTION CATHETER / TUBE STERILE DISPOSABLE SIZE 8FG,,,,,pieces,10,,AMBIENT,false,false
MSD-20040143,SUCTION TUBE YANKAUER WITH NOZZLE DISPOSABLE.,,,,,pieces,10,,AMBIENT,false,false
MSD-20040147,FEEDING TUBE CH8,,,,,pieces,50,,AMBIENT,false,false
MSD-20040148,FEEDING TUBE NASAL INFANT CH5,,,,,pieces,50,,AMBIENT,false,false
MSD-20040149,FEEDING TUBE NASAL ADULT CH14,,,,,pieces,50,,AMBIENT,false,false
MSD-20040151,UNDERWATER SEAL DRAINAGE BAG,,,,,pieces,1,,AMBIENT,false,false
MSD-20040152,UNDERWATER SEAL DRAINAGE BOTTLE,,,,,pieces,1,,AMBIENT,false,false
MSD-20050001,ABSORBENT FOLDED COTTON GAUZE 8PLY,,,,,pieces,100,,AMBIENT,false,false
MSD-20050005,BANDAGE CREPE 15CM X 4.5 M,,,,,pieces,12,,AMBIENT,false,false
MSD-20050006,BANDAGE CREPE 7.5 CM X 4 M,,,,,pieces,12,,AMBIENT,false,false
MSD-20050007,BANDAGE ELASTIC ADHESIVE 4CM X 4M,,,,,pieces,12,,AMBIENT,false,false
MSD-20050008,BANDAGE ELASTIC ADHESIVE 7.5 CM X 4.5 M,,,,,pieces,12,,AMBIENT,false,false
MSD-20050009,BANDAGE HOSPITAL QUALITY SIZE 10 CM X 4 M,,,,,pieces,12,,AMBIENT,false,false
MSD-20050010,BANDAGE HOSPITAL QUALITY SIZE 12.5 CM X 4 M,,,,,pieces,12,,AMBIENT,false,false
MSD-20050011,BANDAGE HOSPITAL QUALITY SIZE 15 CM X 4 M,,,,,pieces,12,,AMBIENT,false,false
MSD-20050013,BANDAGE HOSPITAL QUALITY SIZE 7.5 CM X 4 M,,,,,pieces,12,,AMBIENT,false,false
MSD-20050014,BANDAGE PLASTER OF PARIS BPC 15 CM X 2.7 M,,,,,pieces,12,,AMBIENT,false,false
MSD-20050015,BANDAGE PLASTER OF PARIS BPC 7.5 CM X 2.7 M,,,,,pieces,12,,AMBIENT,false,false
MSD-20050018,COTTON WOOL ABSORBENT m,,,,500g,rolls,1,,AMBIENT,false,false
MSD-20050019,DISPOSABLE MATERNITY SUPPLIES,,,,,pieces,3,,AMBIENT,false,false
MSD-20050023,GAUZE ABSORBENT FOLDED COTTON 16PLY,,,,,pieces,100,,AMBIENT,false,false
MSD-20050024,GAUZE ABSORBENT BPC 90 CM X 100 M,,,,,rolls,1,,AMBIENT,false,false
MSD-20050026,PARAFIN GAUZE DRESSING 10CM X 10CM,,,,,pieces,10,,AMBIENT,false,false
MSD-20050027,PARAFIN GAUZE DRESSING 10CM X 30CM WITH ANTIBACTERIAL,,,,,pieces,10,,AMBIENT,false,false
MSD-20050032,PLASTER ZINC OXIDE 5CMX5M,,,,,pieces,12,,AMBIENT,false,false
MSD-20050033,PLASTER ZINC OXIDE 7.5CMX5M,,,,,pieces,12,,AMBIENT,false,false
MSD-20050035,TAPE PLASTIC ADHESIVE MICROPERFORATED 5 CM X 5 M,,,,,pieces,12,,AMBIENT,false,false
MSD-20050066,Hypoallergenic Medical Plaster 10CM X 10CM,,,,,rolls,1,,AMBIENT,false,false
MSD-20060004,AUTOCLAVE ITRES ELECTRICAL,,,,100 L,pieces,1,,AMBIENT,false,false
MSD-20060005,AUTOCLAVE ITRES ELECTRICAL AND GAS HEATED,,,,24 L,pieces,1,,AMBIENT,false,false
MSD-20060011,AUTOCLAVE ITRES,,,,63 L,pieces,1,,AMBIENT,false,false
MSD-20060018,CARDIAC MONITOR,,,,,pieces,1,,AMBIENT,false,false
MSD-20060019,BED HOSPITAL WITHOUT CASTORS,,,,,pieces,1,,AMBIENT,false,false
MSD-20060020,BED LABOUR AND DELIVERY THREE SECTIONS WITH MATTRESS,,,,,pieces,1,,AMBIENT,false,false
MSD-20060021,BED LABOUR AND DELIVERY TWO SECTIONS WITH MATTRESS,,,,,sets,1,,AMBIENT,false,false
MSD-20060022,BED SIDE LOCKER METAL,,,,,pieces,1,,AMBIENT,false,false
MSD-20060028,BLOOD WARMER,,,,,pieces,1,,AMBIENT,false,false
MSD-20060046,DIATHERMY MACHINE,,,,,pieces,1,,AMBIENT,false,false
MSD-20060048,DRESSING TROLLEY 2 FLAT SHELVES WITH GUARDRAILS ON 3 SIDES,,,,,pieces,1,,AMBIENT,false,false
MSD-20060049,DRIP STAND DOUBLE-HOOK ADJ TO 2.5 M HEIGHT,,,,,pieces,1,,AMBIENT,false,false
MSD-20060057,ELECTRONIC HOT AIR STERILIZER,,,,,pieces,1,,AMBIENT,false,false
MSD-20060061,EMERGENCY / RECOVERY STRETCHER,,,,,pieces,1,,AMBIENT,false,false
MSD-20060065,FIXED INSTRUMENT CABINET,,,,,pieces,1,,AMBIENT,false,false
MSD-20060066,FLAT IRON INDUSTRY,,,,,pieces,1,,AMBIENT,false,false
MSD-20060070,GENERAL SURGERY INSTRUMENT SET,,,,,pieces,1,,AMBIENT,false,false
MSD-20060071,GYNECOLOGICAL EXAMINATION TABLE,,,,,pieces,1,,AMBIENT,false,false
MSD-20060077,HOSPITAL BED FOUR SECTIONS WITH CASTORS COLLAPSIBLE SIDE RAILS DRIP STANDS AND TRAPEZIUM.,,,,,pieces,1,,AMBIENT,false,false
MSD-20060078,HOSPITAL BED TWO SECTIONS WITH CASTORS COLLAPSIBLE SIDE RAILS DRIP STANDS AND TRAPEZIUM.,,,,,pieces,1,,AMBIENT,false,false
MSD-20060085,ICU VENTILATOR MACHINE WITH ACCESSORIES,,,,,pieces,1,,AMBIENT,false,false
MSD-20060090,PUMP,,,Infusion,,pieces,1,,AMBIENT,false,false
MSD-20060096,CLEAN LINEN TROLLEY,,,,,pieces,1,,AMBIENT,false,false
MSD-20060098,SUCTION PUMP FOOT / HAND OPERATED TWIN,,,,600ML,pieces,1,,AMBIENT,false,false
MSD-20060105,MORTUARY CABINET SIX BODIES,,,,,pieces,1,,AMBIENT,false,false
MSD-20060114,OPERATING LAMP MOBILE,,,,,pieces,1,,AMBIENT,false,false
MSD-20060116,OPERATING LIGHT LED -CEILING MOUNTED DOUBLE ARM,,,,,pieces,1,,AMBIENT,false,false
MSD-20060118,OPERATING TABLE ELECTRICAL WITH ACCESORIES,,,,,pieces,1,,AMBIENT,false,false
MSD-20060120,OXYGEN CONCENTRATOR SET,,,,,sets,1,,AMBIENT,false,false
MSD-20060141,PULSE OXIMETER,,,,,pieces,1,,AMBIENT,false,false
MSD-20060143,REFRIGERATOR WITH FREEZING COMPONENTS FOR PHARMACEUTICAL MATERIALS,,,,,pieces,1,,REFRIGERATED,true,false
MSD-20060144,RESUSCITATION TABLE,,,,,pieces,1,,AMBIENT,false,false
MSD-20060146,SCALE INFANT CLINIC METRIC 15.5 KG X,,,,5 G,pieces,1,,AMBIENT,false,false
MSD-20060148,SCREEN FOULDING WITH CURTAINS,,,,,pieces,1,,AMBIENT,false,false
MSD-20060155,STANDBY ELECTRICAL GENERATOR,,,,,pieces,1,,AMBIENT,false,false
MSD-20060156,STEAM AUTOCLAVE ITRES,,,,50 L,pieces,1,,AMBIENT,false,false
MSD-20060158,STERILIZING DRUM STAINLESS STEEL 10CM DIAMETER 15CM.,,,,,pieces,1,,AMBIENT,false,false
MSD-20060159,STERILIZING DRUM STAINLESS STEEL LARGE SIZE,,,,,pieces,1,,AMBIENT,false,false
MSD-20060160,STERILIZING DRUM STAINLESS STEEL 16CM DIAMETER 29CM,,,,,pieces,1,,AMBIENT,false,false
MSD-20060164,SUCTION PUMP HEAVY DUTY ELECTRIC CAPACITY ITRES.,,,,6 L,pieces,1,,AMBIENT,false,false
MSD-20060168,TABLE EXAMINATION 2-SECTION WITH PAD,,,,,pieces,1,,AMBIENT,false,false
MSD-20060175,TROLLEY INSTRUMENT ASSORTED,,,,,pieces,1,,AMBIENT,false,false
MSD-20060177,UBAO WA KUPIMIA UREFU WA MTOTO CHINI YA MIAKA 2,,,,,pieces,1,,AMBIENT,false,false
MSD-20060181,UNIVERSAL ANAESTHESIA MACHINE LOW PRESSURE VAPORIZED SINGLE VAPORIZER,,,,,pieces,1,,AMBIENT,false,false
MSD-20060190,WASHING MACHINE 25KG,,,,,pieces,1,,AMBIENT,false,false
MSD-20060193,WEIGHING SCALE ADULT WITH HEIGHT MEASURING,,,,,pieces,1,,AMBIENT,false,false
MSD-20060194,WEIGHING SCALE BABY,,,,,pieces,1,,AMBIENT,false,false
MSD-20060195,WHEELCHAIR INVALID FOLDING ADULT,,,,,pieces,1,,AMBIENT,false,false
MSD-20060198,DRESSING TROLLEY / DISPENSING WARD USE,,,,,pieces,1,,AMBIENT,false,false
MSD-20060205,REFRIGERATOR FOR OPERATING THEATRE,,,,,pieces,1,,REFRIGERATED,true,false
MSD-20060207,Washing machine 55kg,,,,,pieces,1,,AMBIENT,false,false
MSD-20060220,OPERATING TABLE 4 SECTIONS,,,,,sets,1,,AMBIENT,false,false
MSD-20060223,MAYO TABLE,,,,,pieces,1,,AMBIENT,false,false
MSD-20060227,DANGEROUS MEDICINE SECURITY CABINET,,,,,pieces,1,,AMBIENT,false,false
MSD-20060242,EXAMINATION BED,,,,,pieces,1,,AMBIENT,false,false
MSD-20060256,SUCTION MACHINE INFANT,,,,,pieces,1,,AMBIENT,false,false
MSD-20060257,LINEN DRYING MACHINE,,,,,pieces,1,,AMBIENT,false,false
MSD-20060268,TRIANGULAR ARM SLING ADULT,,,,,pieces,1,,AMBIENT,false,false
MSD-20060269,TRIANGULAR ARM SLING CHILD,,,,,pieces,1,,AMBIENT,false,false
MSD-20060276,KNEE BRACE HINGED XL,,,,,pieces,1,,AMBIENT,false,false
MSD-20060277,KNEE BRACE HINGED XXL,,,,,pieces,1,,AMBIENT,false,false
MSD-20060305,CARDIAC TABLE,,,,,pieces,1,,AMBIENT,false,false
MSD-20060341,PEDIATRIC VENTILATOR,,,,,pieces,1,,AMBIENT,false,false
MSD-20060360,Portable Handheld Pulse Oximeter with Accesories,,,,,pieces,1,,AMBIENT,false,false
MSD-20060422,WASHING MACHINE 70KG,,,,,pieces,1,,AMBIENT,false,false
MSD-20060452,AUTOCLAVE ITRES ELECTRICAL,,,,75 L,pieces,1,,AMBIENT,false,false
MSD-20060615,OXYGEN CONCETRATOR DUAL,,,,,sets,1,,AMBIENT,false,false
MSD-20060617,BED SIDE LOCKER - PLASTIC MATERIAL WITH SIDE TOWEL HANGER,,,,,pieces,1,,AMBIENT,false,false
MSD-20060654,PATIENT TROLLEY STRETCHER TROLLEY HEAVY DUTY,,,,,pieces,1,,AMBIENT,false,false
MSD-20060678,UNIVERSAL ANAESTHESIA MACHINE LOW PRESSURE VAPORIZED DOUBLE VAPORIZER,,,,,pieces,1,,AMBIENT,false,false
MSD-20070017,DIGITAL THERMOMETER,,,,,pieces,1,,AMBIENT,false,false
MSD-20070042,FORCEPS LISTER SINUS 17.5CM,,,,,pieces,1,,AMBIENT,false,false
MSD-20070056,HAND SANITIZER DISPENSER MANUALLY FILLED WALL MOUNTED,,,,500ML,pieces,1,,AMBIENT,false,false
MSD-20070058,HANDLE FOR SCALPEL BLADES SIZE 3 FOR BLADES SIZE 8-15,,,,,pieces,1,,AMBIENT,false,false
MSD-20070059,HANDLE FOR SCALPEL BLADES SIZE 4 FOR BLADES SIZE 20-25,,,,,pieces,1,,AMBIENT,false,false
MSD-20070069,LARYNGOSCOPE COMPLETE FOR ADULTS,,,,,sets,1,,AMBIENT,false,false
MSD-20070070,LARYNGOSCOPE COMPLETE FOR BABY,,,,,sets,1,,AMBIENT,false,false
MSD-20070096,SCALPEL BLADE SIZE 10,,,,,pieces,100,,AMBIENT,false,false
MSD-20070099,SCALPEL BLADE SIZE 15,,,,,pieces,100,,AMBIENT,false,false
MSD-20070101,SCALPEL BLADE SIZE 21,,,,,pieces,100,,AMBIENT,false,false
MSD-20070102,SCALPEL BLADE SIZE 22,,,,,pieces,100,,AMBIENT,false,false
MSD-20070103,SCALPEL BLADE SIZE 23,,,,,pieces,100,,AMBIENT,false,false
MSD-20070104,SCALPEL BLADE SIZE 24,,,,,pieces,100,,AMBIENT,false,false
MSD-20070105,SCISSOR DISSECTING MAYO'S 21.5 CM STRAIGHT,,,,,pieces,1,,AMBIENT,false,false
MSD-20070115,SCISSOR MCINDOES STRAIGHT SS 21.5 CM,,,,,pieces,1,,AMBIENT,false,false
MSD-20070123,SPECULUM VAGINAL CUSCO LARGE,,,,,pieces,1,,AMBIENT,false,false
MSD-20070124,SPECULUM VAGINAL CUSCO MEDIUM,,,,,pieces,1,,AMBIENT,false,false
MSD-20070125,SPECULUM VAGINAL CUSCO SMALL,,,,,pieces,1,,AMBIENT,false,false
MSD-20070126,SPECULUM VAGINAL SIMS,,,,,pieces,1,,AMBIENT,false,false
MSD-20070127,SPHYGMOMANOMETER ANEROID,,,,,pieces,1,,AMBIENT,false,false
MSD-20080005,CAESARIAN SECTION SET WITH SELF STERILIZATION TRAY,,,Test Kit,,kits,1,,AMBIENT,false,false
MSD-20080006,DELIVERY KIT WITH SELF STERILIZATION TRAY,,,Test Kit,,kits,1,,AMBIENT,false,false
MSD-20080007,DELIVERY KT MIDWIFE KT,,,Test Kit,,kits,1,,AMBIENT,false,false
MSD-20080008,DELIVERY PACK FOR RCHS,,,Test Kit,,kits,1,,AMBIENT,false,false
MSD-20080009,DILATATION & CURETTAGE KIT WITH SELF STERILIZATION TRAY,,,Test Kit,,kits,1,,AMBIENT,false,false
MSD-20080021,LAPARATOMY SET WITH SELF STERILIZATION TRAY,,,,,pieces,1,,AMBIENT,false,false
MSD-20080023,MANNUAL VACUUM ASPIRATION KIT MVA KIT,,,Test Kit,,kits,1,,AMBIENT,false,false
MSD-20080028,RETINOSCOPE 2.5 W HANDLE FOR 2 D BATT,,,,,sets,1,,AMBIENT,false,false
MSD-20080030,SKIN TRACTION KT ADULT,,,Test Kit,,kits,1,,AMBIENT,false,false
MSD-20080031,SKIN TRACTION KT CHILD,,,Test Kit,,kits,1,,AMBIENT,false,false
MSD-20080039,AUTOPSY KIT,,,Test Kit,,kits,1,,AMBIENT,false,false
MSD-20080043,DRESSING INSTRUMENTS SET,,,,,sets,1,,AMBIENT,false,false
MSD-20080137,MEDICAL OXYGEN THERAPY SET,,,,,pieces,1,,AMBIENT,false,false
MSD-20090001,APRON THEATRE PLASTIC,,,,,pieces,1,,AMBIENT,false,false
MSD-20090002,BEDSHEET COTTON 270 X 150 CM,,,,,pieces,1,,AMBIENT,false,false
MSD-20090007,CLOTH COTTON GREEN FOR THEATRE USE,,,,100%,pieces,1,,AMBIENT,false,false
MSD-20090008,CLOTH COTTON / VISC NAVY BLUE TUTOR,,,,,pieces,1,,AMBIENT,false,false
MSD-20090009,CLOTH COTTON / VISC SKY BLUE,,,,,pieces,1,,AMBIENT,false,false
MSD-20090010,CLOTH COTTON / VISC WHITE NURSE,,,,,pieces,1,,AMBIENT,false,false
MSD-20090011,CLOTHING MATERIAL LIGHT GREEN HEALTH ATTENDANTS,,,,,pieces,1,,AMBIENT,false,false
MSD-20090012,DISPOSABLE GOWN LARGE,,,,,pieces,1,,AMBIENT,false,false
MSD-20090016,HOSPITAL BLANKET 200 X 150CM,,,,,pieces,1,,AMBIENT,false,false
MSD-20090018,MATTRESS FOAM 200X 95 X 12 CM WITH PVC WATER PROOF COVER,,,,,pieces,1,,REFRIGERATED,true,false
MSD-20090028,SHEETING RUBBER MACINTOSH 1 METRE,,,,,pieces,1,,AMBIENT,false,false
MSD-20090030,THEATRE BOOT SIZE 12,,,,,pairs,1,,AMBIENT,false,false
MSD-20090031,THEATRE BOOTS SZ.10,,,,,pairs,1,,AMBIENT,false,false
MSD-20090032,THEATRE BOOTS SZ.7,,,,,pairs,1,,AMBIENT,false,false
MSD-20090033,THEATRE BOOTS SZ.8,,,,,pairs,1,,AMBIENT,false,false
MSD-20090034,THEATRE BOOTS SZ.9,,,,,pairs,1,,AMBIENT,false,false
MSD-20090035,THEATRE CLOGS SHOES SIZE 43,,,,,pairs,1,,AMBIENT,false,false
MSD-20090036,THEATRE CLOGS SHOES SIZE 45,,,,,pairs,1,,AMBIENT,false,false
MSD-20090050,BABY COT,,,,,pieces,1,,AMBIENT,false,false
MSD-20090058,SHEETING RUBBER MACKNITOSH 25 METRE,,,,,pieces,1,,AMBIENT,false,false
MSD-20100003,BED PAN STAINLESS STEEL,,,,,sets,1,,AMBIENT,false,false
MSD-20100005,BOWL 25 CM STAINLESS STEEL,,,Lotion,,pieces,1,,AMBIENT,false,false
MSD-20100008,CHEATLLE JAR FORCEPS,,,,,pieces,1,,AMBIENT,false,false
MSD-20100009,DRUM DRESSING DEEP 34.5 CM X 23.5 CM,,,,,pieces,1,,AMBIENT,false,false
MSD-20100010,DRUM DRESSING MEDIUM 24CM X 24CM,,,,,pieces,1,,AMBIENT,false,false
MSD-20100011,DRUM DRESSING SHALLOW 34.5 CM X 12 CM,,,,,pieces,1,,REFRIGERATED,true,false
MSD-20100012,DRUM DRESSING SMALL 16.5CM X 16.5CM,,,,,pieces,1,,AMBIENT,false,false
MSD-20100013,EXAMINATION LAMP,,,,,pieces,1,,AMBIENT,false,false
MSD-20100014,GALLI POT STAINLESS STEEL,,,,100 ML,pieces,1,,AMBIENT,false,false
MSD-20100015,GALLI POT MEDIUM 150CC,,,,,pieces,1,,AMBIENT,false,false
MSD-20100019,INSTRUMENT TRAYS - LARGE SIZE,,,,,pieces,1,,AMBIENT,false,false
MSD-20100020,INSTRUMENTS TRAYS MEDIUM,,,,,pieces,1,,AMBIENT,false,false
MSD-20100022,KIDNEY DISH 20 CM SMALL,,,,,pieces,1,,AMBIENT,false,false
MSD-20100023,KIDNEY DISH 25 CM LARGE,,,,,pieces,1,,AMBIENT,false,false
MSD-20100032,TAPE AUTOCLAVE INDICATOR STERILITY TEST STRIP,,,Test Strip,,pieces,1,,AMBIENT,false,false
MSD-20100035,URINAL MALE WITH HANDLE STAINLESS STEEL,,,,,pieces,1,,AMBIENT,false,false
MSD-20110010,DAILY DISPENSING REGISTER,,,,,pieces,1,,AMBIENT,false,false
MSD-20110017,DISPENSING ENVELOPE PAPER TYPE,,,,,pieces,100,,AMBIENT,false,false
MSD-20110049,KITABU CHA AFYA YA MTOTO WA KIKE,,,,,pieces,1,,AMBIENT,false,false
MSD-20110050,KITABU CHA AFYA YA MTOTO WA KIUME,,,,,pieces,1,,AMBIENT,false,false
MSD-20110095,PRESCRIPTION FORM A5,,,,,pieces,1,,AMBIENT,false,false
MSD-20110099,R.C.H NA: KADI UZAZI WA MPANGO,,,,,pieces,1,,AMBIENT,false,false
MSD-20110100,REJESTA NAMBA 1: LEJA YA MALI,,,,,pieces,1,,AMBIENT,false,false
MSD-20110101,REJESTA YA RAPID DIAGNOSTIC TESTS,,,,,pieces,1,,AMBIENT,false,false
MSD-20110173,VOCHA YA MSAMAHA,,,,,pieces,1,,AMBIENT,false,false
MSD-20110174,REJESTA YA MSAMAHA,,,,,pieces,1,,AMBIENT,false,false
MSD-20110175,KITABU CHA AFYA YA MAMA,,,,,pieces,1,,AMBIENT,false,false
MSD-20120001,BIOHAZARD BAG AUTOCLAVABLE - GREEN,,,,20L,pieces,100,,AMBIENT,false,false
MSD-20120002,BIOHAZARD BAG AUTOCLAVABLE - YELLOW,,,,20L,pieces,100,,AMBIENT,false,false
MSD-20120003,BIOHAZARD BAG AUTOCLAVABLE -RED,,,,20L,pieces,100,,AMBIENT,false,false
MSD-20120014,DISPOSABLE COLOSTOMY BAG 160 X 260MM,,,,,pieces,20,,AMBIENT,false,false
MSD-20120024,URINE COLLECTION BAG FOR ADULTS 2000 CC,,,,,pieces,10,,AMBIENT,false,false
MSD-20120031,BIN LINER - RED,,,,20L,pieces,100,,AMBIENT,false,false
MSD-20120032,BIN LINER - BLACK,,,,20L,pieces,100,,AMBIENT,false,false
MSD-20120033,BIN LINER - YELLOW,,,,20L,pieces,100,,AMBIENT,false,false
MSD-20130016,CLINICAL THERMOMETER,,,,,pieces,1,,AMBIENT,false,false
MSD-20130020,DIGITAL BP MACHINE,,,,,pieces,1,,AMBIENT,false,false
MSD-20130021,DISPOSABLE CAP STERILE,,,,,pieces,1,,AMBIENT,false,false
MSD-20130022,DOPPLER FETAL SCOPE,,,,,pieces,1,,AMBIENT,false,false
MSD-20130032,ID TAGS FOR BABIES,,,,,pieces,1,,AMBIENT,false,false
MSD-20130034,INCUBATOR FOR BABIES WITH ACCESSORIES,,,,,pieces,1,,AMBIENT,false,false
MSD-20130038,MUAC CHILD 11.5 RED / PAC - 50,,,,,pieces,1,,AMBIENT,false,false
MSD-20130039,NEBULIZER PUMP MACHINE,,,,,pieces,1,,AMBIENT,false,false
MSD-20130047,PATIENT MONITOR,,,,,pieces,1,,AMBIENT,false,false
MSD-20130057,SAFETY BOXES FOR DISPOSABLE USED SYRINGES ITRE,,,,5 L,pieces,1,,AMBIENT,false,false
MSD-20130059,SPHYGMOMANOMETER BP MACHINE MOBILE TYPE,,,,,pieces,1,,AMBIENT,false,false
MSD-20130063,STETHOSCOPE BINAURAL,,,,,pieces,1,,AMBIENT,false,false
MSD-20130064,STETHOSCOPE FOETAL PINARD MONOAUREL,,,,,pieces,1,,AMBIENT,false,false
MSD-20130066,SUCTION DEVICE PENGUIN SUCKER SILICON MATERIAL RE-USABLE,,,,,pieces,1,,AMBIENT,false,false
MSD-20130071,UMBILICAL CORD CLAMP DISPOSABLE,,,,,pieces,100,,AMBIENT,false,false
MSD-20130072,VACUUM EXTRACTOR BIRD COMPLETE,,,,,pieces,1,,AMBIENT,false,false
MSD-20130080,PHOTOTHERAPY UNIT,,,,,pieces,1,,AMBIENT,false,false
MSD-20130081,CPAP FOR NEONATES TO ADULT,,,,,pieces,1,,AMBIENT,false,false
MSD-20130082,BUBBLE CPAP NEONATES VAYU,,,,,pieces,1,,AMBIENT,false,false
MSD-20130109,DIGITAL ROOM THERMOMETER WALL MOUNTED,,,,,pieces,1,,AMBIENT,false,false
MSD-20130131,TOURNIQUET SMALL SIZE,,,,,pieces,1,,AMBIENT,false,false
MSD-20130132,TOURNIQUET MEDIUM SIZE,,,,,pieces,1,,AMBIENT,false,false
MSD-20130133,TOURNIQUET LARGE SIZE,,,,,pieces,1,,AMBIENT,false,false
MSD-20130134,MANNUAL INFANT RESUSCITATOR,,,,,pieces,1,,AMBIENT,false,false
MSD-20130135,MANNUAL RESUSCITATOR FOR ADULT,,,,,pieces,1,,AMBIENT,false,false
MSD-20130172,VAYU BUBBLES CPAP CONSUMMABLES PACK,,,,,sets,1,,AMBIENT,false,false
MSD-20140080,INFANT RADIANT WARMER,,,,,pieces,1,,AMBIENT,false,false
MSD-20140108,OTOSCOPE WALL MOUNTED,,,,,pieces,1,,AMBIENT,false,false
MSD-20140135,RESUSCITATOR BAG WITH MASK CHILD,,,,,pieces,1,,AMBIENT,false,false
MSD-20140180,X RAY VIEWER.,,,,,pieces,1,,AMBIENT,false,false
MSD-20140219,EYE CARE TONOMETER,,,,,pieces,1,,AMBIENT,false,false
MSD-30020009,LEAD PROTECTION SET APRON CAP COLLAR / THYROID GONADOL SHIEL GLOVES,,,,,sets,1,,AMBIENT,false,false
MSD-30030003,DENTAL X-RAY MACHINE,,,,,pieces,1,,AMBIENT,false,false
MSD-30030005,DIGITAL X-RAY MACHINE Philips,,,,,pieces,1,,AMBIENT,false,false
MSD-30030007,PORTABLE DIGITAL X-RAY MACHINE WITH PRINTER,,,,,pieces,1,,AMBIENT,false,false
MSD-30030008,PORTABLE ULTRASOUND MACHINE,,,,,pieces,1,,AMBIENT,false,false
MSD-30030009,ULTRASOUND MACHINE,,,,,pieces,1,,AMBIENT,false,false
MSD-30030012,AUDIOMETER ECG MACHINE,,,,,pieces,1,,AMBIENT,false,false
MSD-30030017,COMPLETE DENTAL UNIT DENTAL CHAIR,,,,,pieces,1,,AMBIENT,false,false
MSD-30030029,PERIAPICAL DENTAL X-RAY MACHINE - GENORAY,,,,,pieces,1,,AMBIENT,false,false
MSD-30040004,MRI CONTRAST MEDIUM - Gadolinium s,,,Bottle,20ml,bottles,1,,AMBIENT,false,false
MSD-30040005,MICROBAR / POWDER BARIUM SULPHATE s /,,,Suspension,100ml + 300mg,bottles,1,,AMBIENT,false,false
MSD-30040014,ULTRASOUND JELLY WITH DISPENSER,,,Bottle,5L,bottles,1,,AMBIENT,false,false
MSD-30040018,GASTROGRAFIN BOTTLE,,,Bottle,100ML,bottles,1,,AMBIENT,false,false
MSD-30050008,TRAY INSTRUMENT 25CM X 20CM X 5CM STAINLESS STEEL,,,,,pieces,1,,AMBIENT,false,false
MSD-40010001,ANT-HUMAN COOMBS SERUM REAGENT,,,Reagent,10ML,bottles,1,,AMBIENT,false,false
MSD-40010003,BLOOD AGAR BASE M,,,Bottle,500G,bottles,1,,AMBIENT,false,false
MSD-40010004,BLOOD BAG PEDIATRIC SET OF 4 SATELLITES S,,,,100ML,pieces,4,,AMBIENT,false,false
MSD-40010005,BLOOD BAG DOUBLE,,,,450ML,pieces,5,,AMBIENT,false,false
MSD-40010007,BLOOD BAG SINGLE,,,,450ML,pieces,5,,AMBIENT,false,false
MSD-40010010,BLOOD GROUPING REAGENTS A- B- O- D - KIT OF FOUR,,,Test Kit,,kits,1,,AMBIENT,false,false
MSD-40010023,INCOMPLETE ANT -D,,,Vial,10ML,vials,1,,AMBIENT,false,false
MSD-40010031,BLOOD BAG TRIPPLE WITHOUT LEUCOCYTE FILTER,,,,450ML,pieces,3,,AMBIENT,false,false
MSD-40010033,BLOOD BAG TRIPPLE 450 WITH LEUCOCYTES FILTER,,,,,pieces,4,,AMBIENT,false,false
MSD-40020002,ALKALINE PEPTONE WATER M,,,Bottle,500G,bottles,1,,AMBIENT,false,false
MSD-40020003,AMIES TRANSPORT MEDIA WITH CHARCOAL M,,,Bottle,500G,bottles,1,,AMBIENT,false,false
MSD-40020004,AMIKACIN SENSITIVITY DISCS,,,,30 µG,discs,50,,AMBIENT,false,false
MSD-40020005,AMOXCYLLIN + CLAVULANIC ACID SENSITIVITY DISCS,,,,30µG,discs,50,,AMBIENT,false,false
MSD-40020006,AMOXYCILLIN + CLAVULLANIC ACID SENSITIVITY DISCS,,,,,discs,50,,AMBIENT,false,false
MSD-40020007,AMPICILLIN SENSITIVITY DISCS,,,,10 µG,discs,50,,AMBIENT,false,false
MSD-40020008,AMPICILLIN SENSITIVITY DISCS,,,,30 µG,discs,50,,AMBIENT,false,false
MSD-40020009,AMPICLOX SENSITIVITY DISCS,,,,,discs,50,,AMBIENT,false,false
MSD-40020015,BACITRACIN SENSITIVITY DISCS,,,,10 µG,discs,50,,AMBIENT,false,false
MSD-40020024,BILE ESCULIN AGAR M,,,Bottle,500G,bottles,1,,AMBIENT,false,false
MSD-40020025,CARY BLAIR TRANSPORT MEDIA M,,,Bottle,500G,bottles,1,,AMBIENT,false,false
MSD-40020027,CEFOTAXIME SENSITIVITY DISCS,,,,30µG,discs,50,,AMBIENT,false,false
MSD-40020028,CEFTAZIDIME SENSITIVITY DISC,,,,30µG,discs,50,,AMBIENT,false,false
MSD-40020030,CHLORAMPHENICOL SENSITIVITY DISCS,,,,10 µG,discs,50,,AMBIENT,false,false
MSD-40020031,CHRISTENSEN MEDIA M,,,Bottle,500G,bottles,1,,AMBIENT,false,false
MSD-40020032,CIPROFLAXIN SENSITIVITY DISCS,,,,5µG,discs,50,,AMBIENT,false,false
MSD-40020033,CLINDAMYCIN SENSITIVITY DISCS,,,,5µG,discs,50,,AMBIENT,false,false
MSD-40020035,COTRIMOXAZOLE SENSITIVITY DISCS,,,,,discs,50,,AMBIENT,false,false
MSD-40020036,CYSTINE LACTOSE ELECTROLYTE DEFICIENCY CLED MEDIUM M,,,Bottle,500G,bottles,1,,AMBIENT,false,false
MSD-40020042,DNASE AGAR M,,,Bottle,500G,bottles,1,,AMBIENT,false,false
MSD-40020043,DOXYCYCLINE SENSITIVITY DISC,,,,,discs,50,,AMBIENT,false,false
MSD-40020044,ERTHROMYCIN SENSITIVITY DISCS,,,,15µG,discs,50,,AMBIENT,false,false
MSD-40020045,ERYTHROMYCIN SENSITIVITY DISCS,,,,15µG,discs,50,,AMBIENT,false,false
MSD-40020048,GC AGAR BASE M,,,Bottle,500G,bottles,1,,AMBIENT,false,false
MSD-40020049,GENTAMYCIN SENSITIVITY DISCS,,,,30 µG,discs,50,,AMBIENT,false,false
MSD-40020050,GENTAMYCIN SENSITIVITY DISCS,,,,10 µG,discs,50,,AMBIENT,false,false
MSD-40020057,KANAMYCIN SENSITIVITY DISCS,,,,30 µG,discs,50,,AMBIENT,false,false
MSD-40020059,KLIGLER IRON AGAR KIA M,,,Bottle,500G,bottles,1,,AMBIENT,false,false
MSD-40020060,KOVACK'S REAGENT FOR IDENTIFICATION OF GRAM NEGATIVE ORGANISM,,,Reagent,100ML,bottles,1,,AMBIENT,false,false
MSD-40020061,KOVACK'S REAGENT FOR IDENTIFICATION OF GRAM NEGATIVE ORGANISM,,,Reagent,500ML,bottles,1,,AMBIENT,false,false
MSD-40020064,LYSINE IRON AGAR M,,,Bottle,500G,bottles,1,,AMBIENT,false,false
MSD-40020065,MAC CONKEY AGAR WITHOUT CRYSTAL VIOLENT M,,,Bottle,500G,bottles,1,,AMBIENT,false,false
MSD-40020069,MULLER HINTON AGAR M,,,Bottle,500G,bottles,1,,AMBIENT,false,false
MSD-40020075,NALIDIXIC ACID SENSITIVITY DISCS,,,,30 µG,discs,50,,AMBIENT,false,false
MSD-40020079,NITROFURANTOIN SENSITIVITY DISCS,,,,300µG,discs,50,,AMBIENT,false,false
MSD-40020080,NOVOBIOCIN SENSITIVITY DISCS,,,,5µG,discs,50,,AMBIENT,false,false
MSD-40020081,NUTRIENT BROTH NO 02 M,,,Bottle,500G,bottles,1,,AMBIENT,false,false
MSD-40020082,NUTRIENTS AGAR M,,,Bottle,500G,bottles,1,,AMBIENT,false,false
MSD-40020084,OPTOCHIN SENSITIVITY DISCS,,,,,discs,50,,AMBIENT,false,false
MSD-40020087,PENICILLIN GP,,,,10µG,discs,50,,AMBIENT,false,false
MSD-40020088,PETRI DISH WITH COVER -PYREX GLASS AUTOCLAVABLE S 60MM CAPACITY FOR CULTURE,,,,10ML,pieces,20,,AMBIENT,false,false
MSD-40020092,PETRI DISHES + COVER DISPOSLE 85mm x 13mm,,,,,pieces,10,,AMBIENT,false,false
MSD-40020095,PETRIDISHES + COVER PYREX GLASS AUTOCLAVABLE S 90MM,,,,25ML,pieces,18,,AMBIENT,false,false
MSD-40020096,PHENOXYMETHYL PENICILLIN SENSITIVITY DISCS,,,,,discs,50,,AMBIENT,false,false
MSD-40020098,SABOURAD DEXTROSE AGAR SDA M,,,Bottle,500G,bottles,1,,AMBIENT,false,false
MSD-40020099,SALMONELLA O FACTOR 9 ANTISERA,,,Vial,2ML,vials,1,,AMBIENT,false,false
MSD-40020100,SALMONELLA O VI ANTISERA,,,Vial,2ML,vials,1,,AMBIENT,false,false
MSD-40020102,SALMONELLA POLYVALENT TYPE H ANTISERA,,,Vial,2ML,vials,1,,AMBIENT,false,false
MSD-40020103,SALMONELLA SHIGELLA AGAR SSA M,,,Gel,500G,bottles,1,,AMBIENT,false,false
MSD-40020107,MOTILITY INDOLE LYSINE TESTING MEDIUM,,,Bottle,500G,bottles,1,,AMBIENT,false,false
MSD-40020108,SIMMON'S CITRATE AGAR M,,,Bottle,500G,bottles,1,,AMBIENT,false,false
MSD-40020111,STUART'S TRANSPORT MEDIA M,,,Bottle,500G,bottles,1,,AMBIENT,false,false
MSD-40020113,SULPHAMETHOXAZOLE / TRIMETHOPRIM COTRIMOXAZOLE SENSITIVITY DISCS,,,,25µG,discs,50,,AMBIENT,false,false
MSD-40020114,SULPHIDE INDOLE MOTILITY SIM MEDIUM M,,,Bottle,500G,bottles,1,,AMBIENT,false,false
MSD-40020117,TETRACYCLINE SENSITIVITY DISCS,,,,30 µG,discs,50,,AMBIENT,false,false
MSD-40020118,THAYER MARTIN MEDIUM M,,,Bottle,500G,bottles,1,,AMBIENT,false,false
MSD-40020119,THIOSULPHATE CITRATE BILE SUCROSE TCBS MEDIUM M,,,Bottle,500G,bottles,1,,AMBIENT,false,false
MSD-40020122,TRIPPLE SUGAR IRON TSI AGAR M,,,Bottle,500G,bottles,1,,AMBIENT,false,false
MSD-40020124,UREA AGAR BASE MEDIA RI R2,,,Bottle,380mg + 120mg,bottles,1,,AMBIENT,false,false
MSD-40020125,VANCOMYCIN SENSITIVITY DISC,,,,,discs,50,,AMBIENT,false,false
MSD-40020126,VIBRIO CHOLERAE POLYVALENT ANTISERA,,,Vial,2ML,vials,1,,AMBIENT,false,false
MSD-40020130,XYLOSE LYSINE DEOXYCHORATE XLD AGAR M,,,Bottle,500G,bottles,1,,AMBIENT,false,false
MSD-40020132,MACCONKEY AGAR WITH CRYSTAL VIOLET ? M,,,Bottle,2.5% + 500G,bottles,1,,AMBIENT,false,false
MSD-40030001,BRUCELLA ANTIGEN TEST KIT OF 50TESTS,,,Test Kit,,kits,1,,AMBIENT,false,false
MSD-40030007,HELICOBACTOR PYLORI ANTIBODIES RAPID TES KIT OF 25 TESTS,,,Test Kit,,kits,1,,AMBIENT,false,false
MSD-40030008,HELICOBACTER PYLORI ANTIGEN RAPID TEST KIT,,,Test Kit,,kits,25,,AMBIENT,false,false
MSD-40030010,HEPATITIS C ANTIBODIES RAPID TEST,,,Test Kit,,kits,50,,AMBIENT,false,false
MSD-40030014,INDIA INK REAGENT,,,Reagent,,vials,1,,AMBIENT,false,false
MSD-40030018,OCULT BLOOD TEST KIT,,,Test Kit,,kits,1,,AMBIENT,false,false
MSD-40030019,PREGNANCY TEST STRIPS,,,Test Strip,,kits,25,,AMBIENT,false,false
MSD-40030020,PROSTATE-SPECIFIC ANTIGEN PSA RAPID TEST STRIPS,,,Test Strip,,kits,1,,AMBIENT,false,false
MSD-40030023,RAPID TEST KIT FOR SYPHILIS,,,Test Kit,,kits,30,,AMBIENT,false,false
MSD-40030025,SYPHILIS TEST CONFIRMATORY TEST TPPA,,,Test Kit,,kits,100,,AMBIENT,false,false
MSD-40030027,WIDAL TEST REAGENT,,,Reagent,,kits,1,,AMBIENT,false,false
MSD-40040042,CELL-DYN RUBY CD ENZYM CLEANER,,,Bottle,,bottles,1,,AMBIENT,false,false
MSD-40040043,CELL-DYN RUBY CD HEMCAL PLUS CALIBRATOR,,,Vial,3ML,vials,2,,AMBIENT,false,false
MSD-40040044,CELL- DYN RUBY CD 29PLUS TRIVL QC CONTROL 12* S,,,,3ML,packs,1,,AMBIENT,false,false
MSD-40040045,CELL- DYN RUBY CD3K / R HGB LYSE REAGENT,,,Reagent,3.8LTS,packs,1,,AMBIENT,false,false
MSD-40040046,CELL-DYN RUBY CD3K / R RETICULOCYTES REAENT 100* S,,,,3.7ML,packs,1,,AMBIENT,false,false
MSD-40040047,CELL-DYN RUBY CDS / 32 WBC LYSE REAGENT,,,Reagent,3.8LTS,packs,1,,AMBIENT,false,false
MSD-40040050,DYMIND DH76 CLE-P CLEANER S,,,Bottle,50ML,bottles,1,,AMBIENT,false,false
MSD-40040053,TRICONTROL *3 FOR HEMATOLOGY ANALYSER 3 PARTS DIFF,,,,2ml,sets,1,,AMBIENT,false,false
MSD-40040054,SINNOWA HB7021 CONTROLS L N H SET,,,,,sets,1,,AMBIENT,false,false
MSD-40040055,MEK-5 DL / 5DN / 5DH HEMATOLOGY CONTROLS L N H SET,,,Bottle,,bottles,1,,AMBIENT,false,false
MSD-40040064,Sinnowa HB7021 3 part diff Controls H N and L s*3,,,,2ml,sets,1,,AMBIENT,false,false
MSD-40040067,HEMOCHROMA PLUS CUVETTES PK / 50,,,,,packs,1,,AMBIENT,false,false
MSD-40040070,Sinnowa HB7021 3 part diff Detergent 1,,,Bottle,5L,bottles,1,,AMBIENT,false,false
MSD-40040071,Sinnowa HB7021 3 part diff Detergent 2,,,Bottle,100ml,bottles,1,,AMBIENT,false,false
MSD-40040072,Nihon Kolden MEK-7300K 5 part diff Detergent Cleanac 5,,,,5LTS,gallons,1,,AMBIENT,false,false
MSD-40040073,Nihon Kolden MEK-7300K 5 part diff Detergent Cleanac 3,,,Bottle,1LT,bottles,1,,AMBIENT,false,false
MSD-40040074,DYMIND DH76 DILUENT-A,,,,20LTS,gallons,1,,AMBIENT,false,false
MSD-40040075,DYMIND DH76 LYSE-LYA-1 S,,,Bottle,500ML,bottles,1,,AMBIENT,false,false
MSD-40040076,DYMIND DH76 LYSE-LYA-2 S,,,Bottle,500ML,bottles,1,,AMBIENT,false,false
MSD-40040077,DYMIND DH76 LYSE-LYA-3,,,Bottle,1LT,bottles,1,,AMBIENT,false,false
MSD-40040084,SINNOWA HB7021 DILUENT,,,Bottle,20LTS,bottles,1,,AMBIENT,false,false
MSD-40040085,Nihon Kolden MEK-7300K 5 part diff Diluent Isotonic 4,,,,20LTS,gallons,1,,AMBIENT,false,false
MSD-40040102,HEMOCONTROL HB CUVETTE,,,,,pieces,50,,AMBIENT,false,false
MSD-40040104,Sinnowa HB7021 3 part diff Hemolysin S,,,Bottle,500ML,bottles,1,,AMBIENT,false,false
MSD-40040115,Nihon Kolden MEK-7300K 5 part diff Lysing Hemolynac-3,,,Bottle,1LT,bottles,1,,AMBIENT,false,false
MSD-40040116,Nihon Kolden MEK-7300K 5 part diff Lysing Hemolynac-5,,,Bottle,1LT,bottles,1,,AMBIENT,false,false
MSD-40040168,URIT BH40P 3 Part Diff Diluent,,,,20L,packs,1,,AMBIENT,false,false
MSD-40040169,URIT BH40P 3 Part Diff Lytic Reagent,,,Reagent,1L,bottles,1,,AMBIENT,false,false
MSD-40040170,URIT Probe Cleaner -,,,Bottle,100ml,bottles,1,,AMBIENT,false,false
MSD-40040171,URIT 5380 5 Part Diff Diluent -,,,,20L,gallons,1,,FROZEN,true,false
MSD-40040172,URIT 5380 5 Part Diff Detergent -,,,,20L,gallons,1,,FROZEN,true,false
MSD-40040173,URIT 5380 5 Part Diff Sheath -,,,,20L,gallons,1,,FROZEN,true,false
MSD-40040174,URIT 5380 5 Part Diff Lytic Reagent -,,,Reagent,1L,bottles,1,,AMBIENT,false,false
MSD-40040175,Reticulocyte Reagents *50,,,Reagent,4ml,packs,1,,AMBIENT,false,false
MSD-40040176,Getein 5 Part Diff Diluent -,,,,20L,gallons,1,,FROZEN,true,false
MSD-40040177,Getein 5 Part Diff Lysing Solution Lyse -,,,Solution,500ml,bottles,1,,AMBIENT,false,false
MSD-40040178,Getein 5 Part Diff Lysing Solution Lyse -,,,Solution,100ml,bottles,1,,AMBIENT,false,false
MSD-40040179,Getein BHA3000 3 Part Diff Diluent -,,,,20L,gallons,1,,FROZEN,true,false
MSD-40040180,Getein BHA3000 3 Part Diff Lysing Solution Lyse -,,,Solution,500ml,bottles,1,,AMBIENT,false,false
MSD-40040181,Getein Shutdown Solution Probe Cleaner -,,,Solution,50ml,bottles,1,,AMBIENT,false,false
MSD-40040182,TECOM TEK5000P 3 parts diff Lysing Solution,,,Solution,1L,bottles,1,,AMBIENT,false,false
MSD-40040183,TECOM TEK5000P 3 parts diff Diluent,,,,20L,gallons,1,,AMBIENT,false,false
MSD-40040184,TECOM TEK5000P 3 parts diff Detergent,,,,5L,gallons,1,,AMBIENT,false,false
MSD-40040185,TECOM TEK5000P 3 parts diff Conc. Cleaaner 100mils,,,Bottle,,bottles,1,,AMBIENT,false,false
MSD-40040187,CELL-DYN RUBY CDS DILUENT / SHEETH REAGENT,,,Reagent,20LTS,gallons,1,,AMBIENT,false,false
MSD-40040190,TRI-LEVEL HEMATOLOGY CONTROL N L H- s*3*3 Universal,,,,4.5ml,sets,1,,AMBIENT,false,false
MSD-40040201,DIFF LYSE FOR DIFFERENTIALS S FOR KIT 6610 5 PART DIFF HEMATOLOGY ANALYZER,,,Test Kit,500ML,bottles,1,,AMBIENT,false,false
MSD-40050001,DIRUI DR7000D ALBUMIN BCG REAGENT KIT,,,Test Kit,,packs,1,,AMBIENT,false,false
MSD-40050002,ARCHITECT CI4100 ACID WASH REAGENT 2* S,,,Reagent,500ML,packs,1,,AMBIENT,false,false
MSD-40050003,ARCHITECT CI4100 ICT MODULE,,,,,packs,1,,AMBIENT,false,false
MSD-40050005,ARCHITECT CI4100 ALANINE AMINOTRANSFERASE REAENT REAGENT 10* S + 10* S,,,Reagent,70ML + 21ML,packs,1,,AMBIENT,false,false
MSD-40050006,DIRUI DR7000D ALANINIEAMINOTRANSFERASE REAGENT ALAT,,,Reagent,,packs,1,,AMBIENT,false,false
MSD-40050011,ARCHITECT CI4100 ALBUMIN BCG REAGENT 10* S,,,Reagent,84ML,packs,1,,AMBIENT,false,false
MSD-40050015,ARCHITECT CI4100 ALKALINE PHOSPHATASE REAGENT ALP KIT 10* S + 10* S,,,Test Kit,84ML + 35ML,packs,1,,AMBIENT,false,false
MSD-40050016,DIRUI DR7000D ALKALINE PHOSPHATASE REAGENT ALP KIT,,,Test Kit,,packs,1,,AMBIENT,false,false
MSD-40050019,ARCHITECT CI4100 ALKALINE WASH REAGENT 2* S,,,Reagent,500ML,packs,1,,AMBIENT,false,false
MSD-40050021,ARCHITECT CI4100 AMYLASE REAGENT 5* S,,,Reagent,21ML,packs,1,,AMBIENT,false,false
MSD-40050022,DIRUI DR7000D AMYLASE REAGENT KIT,,,Test Kit,,packs,1,,AMBIENT,false,false
MSD-40050026,ARCHITECT CI4100 ASPARTATE AMINOTRANSFERASE ASAT REAGENT KIT 10* S + 10* S,,,Test Kit,70ML + 21ML,packs,1,,AMBIENT,false,false
MSD-40050027,DIRUI DR7000D ASPARTATE AMINOTRANSFERASE AST / SGOT REAGENT 4* S & 1* S KIT,,,Test Kit,50ML,packs,1,,AMBIENT,false,false
MSD-40050031,ARCHITECT CI4100 BILE ACID REAGENT 10* S + 10* S,,,Reagent,93ML + 54ML,packs,1,,AMBIENT,false,false
MSD-40050039,ACRCHITECT CI4100 CALCIUM CA REAGENT 5* S,,,Reagent,13ML,packs,1,,AMBIENT,false,false
MSD-40050044,DIRUI DR7000D CALIBRATOR KIT,,,Test Kit,,packs,1,,AMBIENT,false,false
MSD-40050053,DIRUI DR7000D CHLORIDE CL REAGENTS KIT,,,Test Kit,,packs,1,,AMBIENT,false,false
MSD-40050055,ARCHITECT CI4100 CHOLESTEROL REAGENT PACK 10* S,,,Reagent,84ML,packs,1,,AMBIENT,false,false
MSD-40050056,DIRUI DR7000D CHOLESTEROL REAGENTS KIT,,,Test Kit,,packs,1,,AMBIENT,false,false
MSD-40050073,ARCHITECT CI4100 CONCENTRATED ICT DILUENT 10* S,,,,90ML,packs,1,,AMBIENT,false,false
MSD-40050075,AFINION 2 HEMOGLOBIN A1C CONROL KIT,,,Test Kit,,packs,1,,AMBIENT,false,false
MSD-40050076,ICHROMA 2 HEMOGLOBIN A1C CONTROL KIT,,,Test Kit,,packs,1,,AMBIENT,false,false
MSD-40050077,DIRUI DR7000D CONTROL LEVEL 1 KIT,,,Test Kit,,packs,1,,AMBIENT,false,false
MSD-40050078,DIRUI DR7000D CONTROL LEVEL 2 KIT,,,Test Kit,,packs,1,,AMBIENT,false,false
MSD-40050082,ARCHITECT CI4100 CREAATINE KINASE CK REAGENT PACK 5* S + 2* S,,,Reagent,48ML + 16ML,packs,1,,AMBIENT,false,false
MSD-40050085,ARCHITECT CI4100 CREATININE REAGENT 10* S + 10* S,,,Reagent,55ML + 32ML,packs,1,,AMBIENT,false,false
MSD-40050086,DIRUI DR7000D CREATININE REAGENT KIT,,,Test Kit,,packs,1,,AMBIENT,false,false
MSD-40050096,AFINION 2 HEMOGLOBIN A1C CUVETTES P / 15,,,,,packs,1,,AMBIENT,false,false
MSD-40050097,ICHROMA 2 HEMOGLOBIN A1C CUVETTES P / 25,,,,,packs,1,,AMBIENT,false,false
MSD-40050099,ARCHITECT CI4100 DETRGENT-A PACK 2* S,,,,400ML,packs,1,,AMBIENT,false,false
MSD-40050100,ARCHITECT CI4100 DETRGENT-B PACK 2* S,,,,400ML,packs,1,,AMBIENT,false,false
MSD-40050101,ARCHITECT CI4100 BILIRUBIN DIRECT PACK 10*39 + 10* S,,,,13ML,packs,1,,AMBIENT,false,false
MSD-40050103,DIRUI DR7000D BILIRUBIN DIRECT REAGENT PACK,,,Reagent,,packs,1,,AMBIENT,false,false
MSD-40050104,DIRUI DR7000D LOW DENSITY LIPOPROTEINS LDL PACK,,,,,packs,1,,AMBIENT,false,false
MSD-40050118,ARCHITECT CI4100 GAMMA GLUTAMYL TRANSFERASE GGT REAGENT PACK 5* S + 5* S,,,Reagent,46ML + 45ML,packs,1,,AMBIENT,false,false
MSD-40050132,DIRUI DR7000D GLUCOSE REAGENT PACK,,,Reagent,,packs,1,,AMBIENT,false,false
MSD-40050135,GLUCOPLUS GLUCOSE TEST STRIPS GLUCOSTIX,,,Test Strip,,pieces,50,,AMBIENT,false,false
MSD-40050141,HEMOCUE HB 201 + HAEMOGLOBIN CUVETTES P / 50,,,,,pieces,50,,AMBIENT,false,false
MSD-40050144,ARCHITECT CI4100 ICT CLEANING SOLUTION PACK 10* S,,,Solution,12ML,packs,1,,AMBIENT,false,false
MSD-40050145,ARCHITECT CI4100 ICT INT REF SOLUTION PACK 2* S,,,Solution,12ML,packs,1,,AMBIENT,false,false
MSD-40050146,ARCHITECT CI4100 ICT SERUM CALIBRATOR PACK 2*5* S,,,,10ML,packs,1,,AMBIENT,false,false
MSD-40050147,ARCHITECT CI4100 ICT URINE CALIBRATOR PACK 2*5* S,,,,10ML,packs,1,,AMBIENT,false,false
MSD-40050148,ARCHITECT CI4100 IMMUNOGLOBULIN M IgM REAGENT PACK 4* S,,,Reagent,20ML,packs,1,,AMBIENT,false,false
MSD-40050150,DIRUI DR7000D LACTATE DEHYDROGENASE LDH REAGENTS PACK,,,Reagent,,packs,1,,AMBIENT,false,false
MSD-40050153,ARCHITECT CI4100 LACTATE DEHYDROGENASE LDH REAGENTS PACK 5X50MLS + 5X16MLS,,,Reagent,,packs,1,,AMBIENT,false,false
MSD-40050156,ARCHITECT CI4100 LIPASE REAGENT PACK 5X59MLS + 5X14MLS,,,Reagent,,packs,1,,AMBIENT,false,false
MSD-40050157,ARCHITECT CI4100 LIPASE CALIBRATOR REAGENT PACK 5X59MLS + 5X14MLS,,,Reagent,,packs,1,,AMBIENT,false,false
MSD-40050158,ARCHITECT CI4100 LIPID MCC CALIBRATOR REAGENT PACK 2X3X5MLS,,,Reagent,,packs,1,,AMBIENT,false,false
MSD-40050164,ARCHITECT CI4100 MCC CALIBRATOR REAGENTS PACK 2X3X5MLS,,,Reagent,,packs,1,,AMBIENT,false,false
MSD-40050166,ARCHITECT CI4100 MCHEM SPLS LVL1 ASS REAGENTS PACK 3X4X5MLS,,,Reagent,,packs,1,,AMBIENT,false,false
MSD-40050167,ARCHITECT CI4100 MCHEM LVL2 ASS REAGENTS PACK 3X4X5MLS,,,Reagent,,packs,1,,AMBIENT,false,false
MSD-40050168,ARCHITECT CI4100 MCHEM LVL3 ASS REAGENTS PACK 3X4X5MLS,,,Reagent,,packs,1,,AMBIENT,false,false
MSD-40050169,ARCHITECT CI4100 MCHEM U BL-LVL REAGENTS PACK 2X6X5MLS,,,Reagent,,packs,1,,AMBIENT,false,false
MSD-40050173,ARCHITECT CI4100 MLGNT LDL DIRECT REAGENT PACK 5X20MLS + 5X5MLS,,,Reagent,,packs,1,,AMBIENT,false,false
MSD-40050186,NEGATIVE CONTROL FOR URINE CHEMISTRY ANALYSER,,,Vial,,vials,1,,AMBIENT,false,false
MSD-40050190,ARCHITECT CI4100 PHOSPHORUS REAGENTS 2X40MLS + 2X71MLS,,,Reagent,,packs,1,,AMBIENT,false,false
MSD-40050193,POSITIVE CONTROL FOR URINE CHEMISTRY ANALYSER,,,Vial,,vials,1,,AMBIENT,false,false
MSD-40050197,ARCHITECi4100 PRE-TRIGGER SOLUTION,,,Solution,,kits,1,,AMBIENT,false,false
MSD-40050199,PROBE FOR ARCHITECT MACHINE,,,,,pieces,1,,AMBIENT,false,false
MSD-40050200,ARCHITECT CI4100 PROBE CONDITIONING SOLUTION PACK 4X25MLS,,,Solution,,packs,1,,AMBIENT,false,false
MSD-40050201,ARCHITECT CI4100 PROTEIN REAGENT PACK 10X84,,,Reagent,,packs,1,,AMBIENT,false,false
MSD-40050202,PROTEIN IN URINE REAGENT STRIP ALBUSTIX .,,,Reagent,,pieces,1,,AMBIENT,false,false
MSD-40050211,ARCHITECT CI4100 QUANTINA RF CALIBRATOR PACK 5*1M,,,,,packs,1,,AMBIENT,false,false
MSD-40050212,ARCHITECT CI4100 REAGENT PACK QUANTINA RF REAGENT PACK 2* S &2* S,,,Reagent,37ML + 6ML,packs,1,,AMBIENT,false,false
MSD-40050229,DIRUI DR7000 D SODIUM REAGENT PACK,,,Reagent,,packs,1,,AMBIENT,false,false
MSD-40050231,ARCHITECT CI4100 PROT MC CALIBRATOR PACK,,,,,packs,1,,AMBIENT,false,false
MSD-40050233,DIRUI HC 300 URINALYSIS STRIPS PACK OF 100PCS,,,Test Strip,,packs,1,,AMBIENT,false,false
MSD-40050234,ARCHITECT CI4100 MULTICHEM P MCC PACK 12X5MLS,,,,,packs,1,,AMBIENT,false,false
MSD-40050237,ARCHITECT CI4100 TOTAL BILIRUBIN REAGENT PACK,,,Reagent,,packs,1,,AMBIENT,false,false
MSD-40050240,DIRUI DR7000D TOTAL BILIRUBIN REAGENT PACK,,,Reagent,,packs,1,,AMBIENT,false,false
MSD-40050243,DIRUI DR7000D TOTAL PROTEINS REAGENT PACK,,,Reagent,,packs,1,,AMBIENT,false,false
MSD-40050245,DIRUI DR7000D TRIGLYCERIDES REAGENTS PACK,,,Reagent,,packs,1,,AMBIENT,false,false
MSD-40050250,ARCHITECT CI4100 ULTRA HDL REAGENT PACK,,,Reagent,,packs,1,,AMBIENT,false,false
MSD-40050253,ARCHITECT CI4100 R UREA NITROGEN REAGENT PACK,,,Reagent,,packs,1,,AMBIENT,false,false
MSD-40050254,DIRUI DR7000D UREA NITROGEN REAGENTS PACK,,,Reagent,,packs,1,,AMBIENT,false,false
MSD-40050260,ARCHITECT CI4100 REAGENT URIC ACID REAGENT PACK,,,Reagent,,packs,1,,AMBIENT,false,false
MSD-40050262,DIRUI DR7000D URIC ACID REAGENTS PACK,,,Reagent,,packs,1,,AMBIENT,false,false
MSD-40050264,URINALYSIS STRIPS MULTISTIX 100PCS,,,Test Strip,,packs,1,,AMBIENT,false,false
MSD-40050269,ARCHITECT CI4100 WATER BATH ADD 2X500MLS PACK,,,,,packs,1,,AMBIENT,false,false
MSD-40050273,ACCU CHECK BLOOD GLUCOSE TEST REAGENT STRIPS,,,Reagent,,packs,1,,AMBIENT,false,false
MSD-40050439,CLINDIAG URIC ACID REAGENT *4 + *4,,,Reagent,32ml + 8ml,packs,1,,AMBIENT,false,false
MSD-40050440,CLINDIAG AMYLASE REAGENT *4,,,Reagent,40ml,packs,1,,AMBIENT,false,false
MSD-40050442,CLINDIAG POTASSIUM REAGENT *4 + *4,,,Reagent,30ml + 10ml,packs,1,,AMBIENT,false,false
MSD-40050443,CLINDIAG SODIUM REAGENT *4 + *4,,,Reagent,30ml + 10ml,packs,1,,AMBIENT,false,false
MSD-40050444,CLINDIAG CHLORIDE REAGENT *4,,,Reagent,40ml,packs,1,,AMBIENT,false,false
MSD-40050445,CLINDIAG CHOLESTEROL REAGENT *4 + *4,,,Reagent,32ml + 8ml,packs,1,,AMBIENT,false,false
MSD-40050446,CLINDIAG TRIGLYCERIDES REAGENT *4 + *4,,,Reagent,32ml + 8ml,packs,1,,AMBIENT,false,false
MSD-40050447,CLINDIAG HDL REAGENT *4 + *4,,,Reagent,32ml + 8ml,packs,1,,AMBIENT,false,false
MSD-40050448,CLINDIAG LDL REAGENT *4 + *4,,,Reagent,32ml + 8ml,packs,1,,AMBIENT,false,false
MSD-40050449,CLINDIAG ALP REAGENT *4 + *4,,,Reagent,32ml + 8ml,packs,1,,AMBIENT,false,false
MSD-40050450,CLINDIAG ASAT REAGENT *4 + *4,,,Reagent,32ml + 8ml,packs,1,,AMBIENT,false,false
MSD-40050451,CLINDIAG ALAT REAGENT *4 + *4,,,Reagent,32ml + 8ml,packs,1,,AMBIENT,false,false
MSD-40050452,CLINDIAG ALBUMIN REAGENT *4,,,Reagent,40ml,packs,1,,AMBIENT,false,false
MSD-40050453,CLINDIAG TOTAL PROTEIN REAGENT *4,,,Reagent,40ml,packs,1,,AMBIENT,false,false
MSD-40050454,CLINDIAG TOTAL BILIRUBIN REAGENT *4 + *4 F,,,Reagent,32ml + 8ml,packs,1,,AMBIENT,false,false
MSD-40050455,CLINDIAG DIRECT BILIRUBIN REAGENT *4 + *4,,,Reagent,32ml + 8ml,packs,1,,AMBIENT,false,false
MSD-40050456,CLINDIAG CREATININE REAGENT *4 + *4,,,Reagent,32ml + 8ml,packs,1,,AMBIENT,false,false
MSD-40050457,CLINDIAG UREA REAGENT *4 + *4,,,Reagent,32ml + 8ml,packs,1,,AMBIENT,false,false
MSD-40050458,CLINDIAG GLYCOSYLATED HEMOGLOBIN REAGENT *4 + *4 + *2,,,Reagent,12ml + 6ml + 15ml,packs,1,,AMBIENT,false,false
MSD-40050459,CLINDIAG RHEUMATOID FACTOR REAGENT *4 + *4,,,Reagent,30ml + 10ml,packs,1,,AMBIENT,false,false
MSD-40050461,CLINDIAG CALCIUM REAGENT *4,,,Reagent,10ml,packs,1,,AMBIENT,false,false
MSD-40050462,CLINDIAG GGT REAGENT *4 + *4,,,Reagent,32ml + 8ml,packs,1,,AMBIENT,false,false
MSD-40050463,CLINDIAG LDH REAGENT *4 + *4,,,Reagent,32ml + 8ml,packs,1,,AMBIENT,false,false
MSD-40050464,CLINDIAG C-REACTIVE PROTEIN REAGENT *4 + *4,,,Reagent,32ml + 8ml,packs,1,,AMBIENT,false,false
MSD-40050465,CLINDIAG BILE ACID REAGENT *4 + *4,,,Reagent,32ml + 8ml,packs,1,,AMBIENT,false,false
MSD-40050467,CLINDIAG CARDIAC TRIPONIN REAGENT *4 + *4,,,Reagent,32ml + 8ml,packs,1,,AMBIENT,false,false
MSD-40050468,CLINDIAG CREATINE KINASE-MB REAGENT *4 + *4,,,Reagent,32ml + 8ml,packs,1,,AMBIENT,false,false
MSD-40050469,CLINDIAG CREATINE KINASE REAGENT *4 + *4,,,Reagent,32ml + 8ml,packs,1,,AMBIENT,false,false
MSD-40050475,CLINDIAG FERRITIN REAGENT *4 + *4,,,Reagent,32ml + 8ml,packs,1,,AMBIENT,false,false
MSD-40050477,CLINDIAG PHOSPHOROUS REAGENT *4,,,Reagent,40ml,packs,1,,AMBIENT,false,false
MSD-40050478,CLINDIAG CLINICAL CHEMICAL CALIBRATION SERUM,,,Vial,5ml,vials,1,,AMBIENT,false,false
MSD-40050479,CLINDIAG CLINICAL CHEMICAL CONTROL LEVEL 1,,,Vial,5ml,vials,1,,AMBIENT,false,false
MSD-40050480,CLINDIAG CLINICAL CHEMICAL CONTROL LEVEL 2,,,Vial,5ml,vials,1,,AMBIENT,false,false
MSD-40050481,CLINDIAG LIPID CONTROL LEVEL 1,,,Vial,1ml,vials,1,,AMBIENT,false,false
MSD-40050482,CLINDIAG LIPID CONTROL LEVEL 2,,,Vial,1ml,vials,1,,AMBIENT,false,false
MSD-40050483,URIT -50 URINALYSIS STRIPS 100PCS,,,Test Strip,,packs,1,,AMBIENT,false,false
MSD-40050484,URIT H12 HEMOGLOBIN TEST STRIPS 50 STRIPS,,,Test Strip,,packs,1,,AMBIENT,false,false
MSD-40050486,URIT G25 BLOOD GLUCOSE TEST STRIPS 50 STRIPS,,,Test Strip,,packs,1,,AMBIENT,false,false
MSD-40050487,CLINDIAG URIC ACID REAGENT *4 + *4,,,Reagent,32ml + 8ml,packs,1,,AMBIENT,false,false
MSD-40050523,URIT -560 URINALYSIS TEST STRIPS 100PCS,,,Test Strip,,packs,1,,AMBIENT,false,false
MSD-40050544,Lipid Profile Cholesterol Trigycerides HDL LDL for Afinion 2 Kit of 15 Tests,,,Test Kit,,packs,1,,AMBIENT,false,false
MSD-40050545,CRP Cuvettes for Afinion 2 Kit of 15 Tests,,,Test Kit,,packs,1,,AMBIENT,false,false
MSD-40050546,Albumin / creat ration ACR- CKD Cuvettes for Afinion 2 Kit of 15 Tests,,,Test Kit,,packs,1,,AMBIENT,false,false
MSD-40050547,AFINION CRP control,,,,,packs,1,,AMBIENT,false,false
MSD-40050550,AFINION Lipid Panel controls,,,,,packs,1,,AMBIENT,false,false
MSD-40050551,Albumin / creat ration ACR for CKD controls,,,,,packs,1,,AMBIENT,false,false
MSD-40050553,CONTROL LEVEL 2 FOR DR7000D SEMI-AUTOMATED CHEMISTRY ANALYZER s,,,Vial,5ml,vials,1,,AMBIENT,false,false
MSD-40050554,CONTROL LEVEL 1 FOR DR7000D SEMI-AUTOMATED CHEMISTRY ANALYZER s,,,Vial,5ml,vials,1,,AMBIENT,false,false
MSD-40050571,HEMODIALYSIS CONSUMABLES BASIC KIT CONTENT FOR 100 SESSIONS,,,Test Kit,,sets,1,,AMBIENT,false,false
MSD-40060016,ARCHITECT I1000SR AFP CALIBRATORREAGENT PACK OF 6 @ S,,,Reagent,4ML,packs,1,,AMBIENT,false,false
MSD-40060047,ARCHITECT I1000SR ANTI CCP CALIBRATOR PACK OF 6 @ S,,,,4.3ML,packs,1,,AMBIENT,false,false
MSD-40060060,ARCHITECT I1000SR CA 15-3 REAGENT,,,Reagent,100ML,bottles,1,,AMBIENT,false,false
MSD-40060063,ARCHITECT I1000SR AFP REAGENT,,,Reagent,,packs,1,,AMBIENT,false,false
MSD-40060064,ARCHITECT I1000SR ANTI CCP REAGENT,,,Reagent,100ML,bottles,1,,AMBIENT,false,false
MSD-40060066,ARCHITECT I1000SR B12 CALIBRATOR PACK OF 6 @ S,,,,4 ML,packs,1,,REFRIGERATED,true,false
MSD-40060067,ARCHITECT I1000SR B12 CONTROL PACK OF 6 @ S,,,,4 ML,packs,1,,REFRIGERATED,true,false
MSD-40060068,ARCHITECT I1000SR BHCG CALIBRATOR PACK OF 6 @ S,,,,4 ML,packs,1,,AMBIENT,false,false
MSD-40060069,ARCHITECT I1000SR CA19-9XR REAGENT,,,Reagent,100ML,bottles,1,,AMBIENT,false,false
MSD-40060070,ARCHITECT I1000SR CARBAMAZAPINE REAGENTS,,,Reagent,100ML,bottles,1,,AMBIENT,false,false
MSD-40060079,ARCHITECT I1000SR FOLATE CALIBRATOR PACK OF 6 EACH S,,,,2ML,packs,1,,AMBIENT,false,false
MSD-40060080,ARCHITECT I1000SR FOLATE LYS REAGENT,,,Reagent,,packs,1,,AMBIENT,false,false
MSD-40060084,ARCHITECT I1000SR FSH REAGENT,,,Reagent,100ML,bottles,1,,AMBIENT,false,false
MSD-40060086,ARCHITECT I1000SRFT4 REAGENT,,,Reagent,100ML,bottles,1,,AMBIENT,false,false
MSD-40060095,ARCHITECT I1000SR PRE-TRIG SOLUTION S,,,Solution,975ML,bottles,1,,AMBIENT,false,false
MSD-40060100,ARCHITECT REACTION VESSELS PACK OF 4000,,,,,packs,1,,AMBIENT,false,false
MSD-40060101,ARCHITECT SEPTUM P / 200,,,,,packs,1,,AMBIENT,false,false
MSD-40060104,ARCHITECT I1000SR TOTAL PSA REAGENT,,,Reagent,100ML,bottles,1,,AMBIENT,false,false
MSD-40060162,ARCHITECT I1000SR CONC WASH PACK OF 4 @ S,,,,975ML,packs,1,,AMBIENT,false,false
MSD-40060187,ARCHITECT I1000SR FREE T3 CALIBRATOR PACK OF 6 @ S,,,,4ML,packs,1,,AMBIENT,false,false
MSD-40060188,ARCHITECT I1000SR FREE T4 CALIBRATOR PACK OF 6 @ S,,,,4ML,packs,1,,AMBIENT,false,false
MSD-40060230,ARCHITECT I1000SR INSULIN CALIBARATOR PACK OF 6 @ S,,,,4ML,packs,1,,REFRIGERATED,true,false
MSD-40060231,ARCHITECT I1000SR LH CALIBARATOR PACK OF 6 @ S,,,,4ML,packs,1,,AMBIENT,false,false
MSD-40060269,ARCHITECT REPLACE CAPS CLOSURE GREEN P / 100,,,,,packs,1,,AMBIENT,false,false
MSD-40060274,ARCHITECT SAMPLE CUPS P / 1000,,,,,packs,1,,AMBIENT,false,false
MSD-40060303,ARCHITECT I1000SR TESTOSTERONE CALIBRATOR PACK OF 6 @ S,,,,4ML,packs,1,,AMBIENT,false,false
MSD-40060311,ARCHITECT I1000SR TOTAL T3 HORMONE CALIBRATOR PACK OF 6 @ S,,,,4ML,packs,1,,AMBIENT,false,false
MSD-40060312,ARCHITECT I1000SR TOTAL T4 HORMONE CALIBRATOR PACK OF 6 @ S,,,,4ML,packs,1,,AMBIENT,false,false
MSD-40060331,ARCHITECT I1000SR VITAMIN D CALIBRATOR PACK OF 6 @ S,,,,4ML,packs,1,,AMBIENT,false,false
MSD-40060412,Tropinin I Cassettes for Getein1100,,,Test Kit,,kits,1,,AMBIENT,false,false
MSD-40060413,hs-CRP + CRP Fast test Cassettes for Immunology Analyzer Getein 1100 .,,,Test Kit,,kits,1,,AMBIENT,false,false
MSD-40060414,CK-MB / cTnI / Myo Cassettes for Immunology Analyzer Getein 1100 .,,,Test Kit,,kits,1,,AMBIENT,false,false
MSD-40060415,D-Dimer Cassettes for Immunology Analyzer Getein 1100 .,,,Test Kit,,kits,1,,AMBIENT,false,false
MSD-40060417,Progesterone Cassettes for Immunology Analyzer Getein 1100 .,,,Test Kit,,kits,1,,AMBIENT,false,false
MSD-40060418,Triiodothyronine T3 Cassettes for Immunology Analyzer Getein 1100 .,,,Test Kit,,kits,1,,AMBIENT,false,false
MSD-40060419,Free Triiodothyronine fT3 Cassettes for Immunology Analyzer Getein 1100 .,,,Test Kit,,kits,1,,AMBIENT,false,false
MSD-40060420,Thyronine T4 Cassettes for Immunology Analyzer Getein 1100 .,,,Test Kit,,kits,1,,AMBIENT,false,false
MSD-40060421,Free Thyronine fT4 Cassettes for Immunology Analyzer Getein 1100 .,,,Test Kit,,kits,1,,AMBIENT,false,false
MSD-40060422,Thyroid Stimullating Hormone TSH Cassettes for Immunology Analyzer Getein 1100 .,,,Test Kit,,kits,1,,AMBIENT,false,false
MSD-40060423,Total Prostate-specific antigen tPSA Cassettes for Immunology Analyzer Getein 1100 .,,,Test Kit,,kits,1,,AMBIENT,false,false
MSD-40060424,Free Prostate-specific antigen fPSA Cassettes for Immunology Analyzer Getein 1100 .,,,Test Kit,,kits,1,,AMBIENT,false,false
MSD-40060456,BHCG RGT 100T REAGENT FOR ARCHITECT i1000sr IMMUNOLOGY ANALYSER,,,Reagent,,packs,1,,AMBIENT,false,false
MSD-40060460,Luteinizing Hormone LH Cassettes for Immunology Analyzer Getein 1100 .,,,Test Kit,,kits,1,,AMBIENT,false,false
MSD-40060461,Follicle-Stimulating Hormone FSH Cassettes for Immunology Analyzer Getein 1100 .,,,Test Kit,,kits,1,,AMBIENT,false,false
MSD-40060462,Prolactin Hormone PRL Cassettes for Immunology Analyzer Getein 1100 .,,,Test Kit,,kits,1,,AMBIENT,false,false
MSD-40060463,H.Pylori Cassettes for Immunology Analyzer Getein 1100 .,,,Test Kit,,kits,1,,AMBIENT,false,false
MSD-40060472,HbA1c test Cassettes for Immunology Analyzer Getein 1100 .,,,Test Kit,,kits,1,,AMBIENT,false,false
MSD-40060473,CK-MB test Cassettes for Immunology Analyzer Getein 1100 .,,,Test Kit,,kits,1,,AMBIENT,false,false
MSD-40060474,CEA test Cassettes for Immunology Analyzer Getein 1100 .,,,Test Kit,,kits,1,,AMBIENT,false,false
MSD-40060475,Ferritin test Cassettes for Immunology Analyzer Getein 1100 .,,,Test Kit,,kits,1,,AMBIENT,false,false
MSD-40060522,?-Human chorionic gonadotropin ?-hCG Cassettes for Immunology Analyzer Getein 1100 .,,,Test Kit,,kits,1,,AMBIENT,false,false
MSD-40060537,ANTI CCP CONTROL 2* S FOR ARCHITECT I1000SR IMMUNOLOGY ANALYSER,,,,7ML,packs,1,,AMBIENT,false,false
MSD-40060553,ARC CA 15-3 REAGENT FOR ARCHITECT I1000SR IMMUNOLOGY ANALYSER,,,Reagent,,packs,1,,AMBIENT,false,false
MSD-40060566,ARC FSH REAGENT FOR ARCHITECT I1000SR IMMUNOLOGY ANALYSER,,,Reagent,,packs,1,,AMBIENT,false,false
MSD-40060568,ARC FT4 REAGENT FOR ARCHITECT I1000SR IMMUNOLOGY ANALYSER,,,Reagent,,packs,1,,AMBIENT,false,false
MSD-40060586,ARC TRIG SOLUTION S FOR ARCHITECT I1000SR IMMUNOLOGY ANALYSER,,,Solution,975ML,packs,1,,AMBIENT,false,false
MSD-40060594,FSH CALIBRATOR 2* S FOR ARCHITECT I1000SR IMMUNOLOGY ANALYSER,,,,4ML,packs,1,,AMBIENT,false,false
MSD-40060600,PROGESTERONE HORMONE CALIBRATOR 2* S FOR ARCHITECT I1000SR IMMUNOLOGY ANALYSER,,,,4ML,packs,1,,AMBIENT,false,false
MSD-40060603,PROLACTIN HORMONE CALIBRATOR 2* S FOR ARCHITECT I1000SR IMMUNOLOGY ANALYSER,,,,4ML,packs,1,,AMBIENT,false,false
MSD-40060605,TOTAL PSA HORMONE CALIBRATOR 2* S FOR ARCHITECT I1000SR IMMUNOLOGY ANALYSER,,,,4ML,packs,1,,AMBIENT,false,false
MSD-40060614,TSH CALIBRATOR S FOR ARCHITECT I1000SR IMMUNOLOGY ANALYSER,,,,4ML,packs,1,,AMBIENT,false,false
MSD-40060628,ESTRADIOL CALIBRATOR 6x5ml FOR ARCHITECT I1000SR IMMUNOLOGY ANALYSER,,,,,packs,1,,AMBIENT,false,false
MSD-40070002,ACETIC ACID GLACIAL,,,Bottle,2.5L,bottles,1,,AMBIENT,false,false
MSD-40070017,BUFFER 7.0,,,Tablet,,tablets,100,,AMBIENT,false,false
MSD-40070018,BUFFER PH:6.8 -CONTAINING PHOSPHATE,,,Tablet,,tablets,100,,AMBIENT,false,false
MSD-40070032,ETHANOL,,,Bottle,96% + 1L,bottles,1,,AMBIENT,false,false
MSD-40070036,ETHYL ALCOHOL ETHANOL ITER,,,Bottle,90% + 1 L,bottles,1,,AMBIENT,false,false
MSD-40070037,ETHYL ALCOHOL ETHANOL ITERS,,,Bottle,96% + 2.5 L,bottles,1,,AMBIENT,false,false
MSD-40070039,ETHYLDIAMINE TETRA ACETIC ACID DISODIUM M,,,,500G,tins,1,,AMBIENT,false,false
MSD-40070046,HYDROCHLORIC ACID ITERS,,,Bottle,2.5L,bottles,1,,AMBIENT,false,false
MSD-40070054,METHANOL ABSOLUTE,,,Bottle,99.9% + 500ML,bottles,1,,AMBIENT,false,false
MSD-40070055,METHANOL ABSOLUTE 99 - MWT 98.7,,,Bottle,100%,bottles,1,,AMBIENT,false,false
MSD-40070056,METHANOL ABSOLUTE ITER,,,Bottle,1 L,bottles,1,,AMBIENT,false,false
MSD-40070081,SODIUM CHLORIDE POWDER RAMS,,,Powder,500G,bottles,1,,AMBIENT,false,false
MSD-40070082,SODIUM CITRATE M,,,Bottle,500G,bottles,1,,AMBIENT,false,false
MSD-40070117,POTASSIUM HYDROXIDE KOH,,,Bottle,1L,bottles,1,,AMBIENT,false,false
MSD-40070130,BUFFER ph 7.2,,,Tablet,,tablets,100,,AMBIENT,false,false
MSD-40070136,DIALYSIS CONCENTRATE SOLUTION A ITERS,,,Solution,5 L,gallons,1,,AMBIENT,false,false
MSD-40070154,PARACETIC ACID DISINFECTANT FOR THE WHOLE DIALYSIS SYSTEM,,,,,gallons,1,,AMBIENT,false,false
MSD-40070160,SODIUM HYPOCHLORITE FOR HEMODIALYSIS MACHINE DISINFECTION,,,,3.5%,gallons,1,,AMBIENT,false,false
MSD-40070161,CITRIC ACID DISINFECTANT FOR HEMODIALYSIS MACHINE,,,,50%,gallons,1,,AMBIENT,false,false
MSD-40080015,BLOOD BANK REFRIGERATOR,,,,,pieces,1,,REFRIGERATED,true,false
MSD-40080017,BLOOD DONATION CHAIR / BED THREE SECTIONS NON-ELECTRICAL,,,,,pieces,1,,AMBIENT,false,false
MSD-40080019,BLOOD GLUCOSE ANLYSER ACCU CHEK,,,,,pieces,1,,AMBIENT,false,false
MSD-40080023,CENTRIFUGE FOR 8X15 MLS TUBES ELECTRICAL OPERATED,,,,,packs,1,,AMBIENT,false,false
MSD-40080028,DIFFERENTIAL COUNTER,,,,,pieces,1,,AMBIENT,false,false
MSD-40080031,ELECTRIC MICROSCOPE,,,,,pieces,1,,AMBIENT,false,false
MSD-40080052,MICROSCOPE BINOCULAR,,,,,pieces,1,,AMBIENT,false,false
MSD-40080055,MICROSCOPE OLYMPUS,,,,,pieces,1,,AMBIENT,false,false
MSD-40080075,STAND FOR BLOOD-SEDIMENTATION WESTERGREEN 10-UNIT,,,,,pieces,10,,AMBIENT,false,false
MSD-40080076,STOP CLOCK 60 MIN X 1 SEC / TIMER,,,,,pieces,1,,AMBIENT,false,false
MSD-40080079,HAND TALLY COUNTER,,,,,pieces,1,,AMBIENT,false,false
MSD-40080080,TIMER CLOCK / BELL TIMER,,,,,pieces,1,,AMBIENT,false,false
MSD-40080085,VORTEX MIXER,,,,,pieces,1,,AMBIENT,false,false
MSD-40080086,WATER BATH ELECTRICAL OPERATED,,,,,pieces,1,,AMBIENT,false,false
MSD-40080088,WATER DISTILLER MACHINE,,,,,pieces,1,,AMBIENT,false,false
MSD-40080092,BIOSAFETY CABINET,,,,,pieces,1,,AMBIENT,false,false
MSD-40080117,IMMUNOLOGY ANALYZER POC -Getein 1100,,,,,pieces,1,,AMBIENT,false,false
MSD-40080135,AUTOMATIC MIXER MEDICAL GRADE,,,,,pieces,1,,AMBIENT,false,false
MSD-40090004,APPLICATOR STICK WOOD,,,,,pieces,100,,AMBIENT,false,false
MSD-40090008,BEAKER S,,,,1000ML,pieces,1,,AMBIENT,false,false
MSD-40090009,BEAKER,,,,500 ML,pieces,1,,AMBIENT,false,false
MSD-40090013,BLOOD LANCETS,,,,,pieces,100,,AMBIENT,false,false
MSD-40090016,REAGENT BOTTLE S,,,Reagent,1000ML,pieces,1,,AMBIENT,false,false
MSD-40090017,BOTTLE UNIVERSAL WITH ALUMINIUM SCREW CAPS,,,Bottle,,bottles,144,,AMBIENT,false,false
MSD-40090019,BRUSH FOR PIPETTES,,,,,pieces,1,,AMBIENT,false,false
MSD-40090020,BRUSH FOR TEST TUBE,,,,,pieces,1,,AMBIENT,false,false
MSD-40090021,CANDLE JAR,,,,,pieces,1,,AMBIENT,false,false
MSD-40090027,COVER SLIPS 22X22MM FOR SLIDES,,,,,pieces,100,,AMBIENT,false,false
MSD-40090028,COVER GLASS 22X50MM FOR SLIDES,,,,,pieces,100,,AMBIENT,false,false
MSD-40090029,COVER SLIPS 22X60MM FOR SLIDES,,,,,pieces,100,,AMBIENT,false,false
MSD-40090036,CYLINDER GRADUATED S,,,,100ML,pieces,1,,AMBIENT,false,false
MSD-40090037,CYLINDER GRADUATED S,,,,250ML,pieces,1,,AMBIENT,false,false
MSD-40090038,CYLINDER GRADUATED S,,,,1000ML,pieces,1,,AMBIENT,false,false
MSD-40090039,CYLINDER MEASURING S,,,,10ML,pieces,1,,AMBIENT,false,false
MSD-40090051,DISPOSABLE LOOP 20µL STERILE,,,,,pieces,20,,AMBIENT,false,false
MSD-40090061,ERYTHROCYTE SEDIMENTATION RATE ESR TUBES WESTERGREN,,,,,pieces,1,,AMBIENT,false,false
MSD-40090068,FILTER PAPER 250 MM,,,,,pieces,100,,AMBIENT,false,false
MSD-40090069,FILTER PAPER CIRCULAR DIAMETER 110MM,,,,,pieces,100,,AMBIENT,false,false
MSD-40090070,FILTER PAPER SIZE 150MM,,,,,pieces,100,,AMBIENT,false,false
MSD-40090073,FLASK CONICAL S,,,,25ML,pieces,1,,AMBIENT,false,false
MSD-40090084,STAINING JAR 10 SLIDES,,,,,pieces,1,,AMBIENT,false,false
MSD-40090091,LITMUS PAPER BLUE,,,,,pieces,100,,AMBIENT,false,false
MSD-40090092,LITMUS PAPER RED,,,,,pieces,100,,AMBIENT,false,false
MSD-40090093,MACROTITRE PLATES WITH U SHAPED WELLS-MIN 9 WELLS,,,,,pieces,10,,AMBIENT,false,false
MSD-40090095,MICRO CAPILLARY TUBES FOR HB CHECK,,,,,pieces,100,,AMBIENT,false,false
MSD-40090098,MICROPIPETTE TIPS BLUE 1000 µL PACK OF 96PCS,,,,,pieces,500,,AMBIENT,false,false
MSD-40090099,MICROPIPETTE TIPS BLUE 1000µL,,,,,pieces,500,,AMBIENT,false,false
MSD-40090100,MICROPIPETTE TIPS YELLOW 200 µL PACK OF 96PCS,,,,,pieces,1000,,AMBIENT,false,false
MSD-40090102,MICROSCOPE SLIDE 76 X 25 MM,,,,,pieces,50,,AMBIENT,false,false
MSD-40090112,OIL FOR MICROSCOPE OIL IMMERSION,,,Bottle,25ML,bottles,1,,AMBIENT,false,false
MSD-40090117,ESR WESTERGREN PIPETTE,,,,,pieces,10,,AMBIENT,false,false
MSD-40090120,PIPETTE GRADUATED S,,,,5.0ML,pieces,1,,AMBIENT,false,false
MSD-40090124,PIPETTE- PASTEUR GRADUATED ; PLASTIC DISPOSABLE,,,,3 ML,pieces,500,,AMBIENT,false,false
MSD-40090137,PIPETTING TIPS YELLOW 0-200 µL,,,,,pieces,1000,,FROZEN,true,false
MSD-40090138,PIPPETE BLOOD,,,,20L,gallons,1,,AMBIENT,false,false
MSD-40090139,PIPPETE GRADUATED,,,,0.5ML,pieces,1,,AMBIENT,false,false
MSD-40090158,STERILE COTTON SWAB STICK FOR SPECIMEN COLLECTION,,,,,pieces,100,,AMBIENT,false,false
MSD-40090159,STOOL SPECIMEN COLLECTION CONTAINER PLASTIC- DISPOSABLE,,,,,pieces,1,,AMBIENT,false,false
MSD-40090160,TEST TUBE 50X 6MM,,,,,pieces,1,,AMBIENT,false,false
MSD-40090161,TEST TUBE HOLDER,,,,,pieces,1,,AMBIENT,false,false
MSD-40090164,TEST TUBES POLYSTYRENE CYLINDRICAL,,,,,pieces,500,,AMBIENT,false,false
MSD-40090171,TRAY FOR MICRO -TUBES; PLASTIC,,,,,pieces,1,,AMBIENT,false,false
MSD-40090172,AGGLUTINATION TUBES 100PCS,,,,,pieces,1,,AMBIENT,false,false
MSD-40090176,URINE SPECIMEN COLLECTION CONTAINER PLASTIC -DISPOSABLE,,,,,pieces,1,,AMBIENT,false,false
MSD-40090178,VACUTAINER NEEDLE AND PRE-ATTACHED HOLDER WITH SAFETY SHIELD,,,,21G,pieces,100,,AMBIENT,false,false
MSD-40090182,VENOUS BLOOD COLLECTION TUBES VACUTAINER FOR PLASMA S WITH EDTA,,,Tube,4.5 ML,tubes,100,,AMBIENT,false,false
MSD-40090186,VENOUS BLOOD COLLECTION TUBES PLAIN S FOR SERUM WITH CLOTTING ACTIVATOR,,,Tube,5ML,tubes,100,,AMBIENT,false,false
MSD-40090188,WALL CLOCK,,,,,pieces,1,,AMBIENT,false,false
MSD-40090207,BLOOD COLLECTION TUBE WITHOUT CLOTTING ACTIVATOR,,,,4.5 ML,pieces,100,,AMBIENT,false,false
MSD-40090215,MICROPIPETTE 5- 50µL,,,,,pieces,1,,AMBIENT,false,false
MSD-40090216,MICROPIPETTE 100- 1000µL,,,,,pieces,1,,AMBIENT,false,false
MSD-40090220,MICROPIPETTE0.5-10µL,,,,,pieces,1,,AMBIENT,false,false
MSD-40090257,CLINDIAG LAMP BULB FOR CHEMISTRY SEMI AUTOMATED SA-30,,,,,pieces,1,,AMBIENT,false,false
MSD-40090258,CLINDIAG CUVETTE CELL FOR CHEMISTRY SEMI AUTOMATED SA-30,,,,,pieces,1,,AMBIENT,false,false
MSD-40090259,CLINDIAG PUMP PIPE FOR CHEMISTRY SEMI AUTOMATED SA-30,,,,,pieces,1,,AMBIENT,false,false
MSD-40090261,THERMAL PRINTING PAPER FOR CLINDIAG SA-30,,,,,rolls,1,,AMBIENT,false,false
MSD-40090262,CUVETTES FOR CHEMISTRY ANALYZER SEMI AUTOMATED SA-30 PACK OF 100,,,,,packs,1,,AMBIENT,false,false
MSD-40090264,SAMPLE CUPS FOR CHEMISTRY ANALYZER FULL AUTOMATED FA200 / 300 / 400 PACK OF 200,,,,,packs,1,,AMBIENT,false,false
MSD-40090275,MICROBIOLOGY TRANSPORT SWAB,,,,,pieces,50,,AMBIENT,false,false
MSD-40100011,GRAM STAINING KIT 250 X 4 BOTTLES,,,Test Kit,,sets,1,,AMBIENT,false,false
MSD-40100018,GIEMSA STAIN SOLUTIONS S,,,Solution,250ML,bottles,1,,AMBIENT,false,false
MSD-40100021,LEISHMANS STAINS s,,,Bottle,500ml,bottles,1,,AMBIENT,false,false
MSD-50010001,ALGINATE IMPRESSION MATERIAL FAST SETTING DUST FREE ALGINATE MATERIAL,,,Bottle,450G,bottles,1,,AMBIENT,false,false
MSD-50010003,CALCIUM HYDROXIDE DYCAL . CAVITY LINER BASE CATALYST 1 MIXING PAD,,,,13G + 11G,packs,1,,AMBIENT,false,false
MSD-50010004,CALCIUM HYDROXIDE CAVITY LINER AND ROOT CANAL SEALER RAM TOTAL RAM BASE & RAM CATALYST,,,,24G + 12G,pieces,1,,AMBIENT,false,false
MSD-50010005,CARTRIDGE NEEDLES DENTAL CARTRIDGE NEEDLES LONG SIZE 34MM METRIC THREAD,,,,,pieces,100,,AMBIENT,false,false
MSD-50010006,CARTRIDGE NEEDLES DENTAL CARTRIDGE NEEDLES SHORT 24MM METRIC THREAD,,,,,pieces,100,,AMBIENT,false,false
MSD-50010007,COLD MOULD SEAL PLASTER SEPARATING MEDIA,,,Bottle,,bottles,1,,AMBIENT,false,false
MSD-50010014,DENTURE BASE MATERIAL ACRYLIC HEAT CURE POWDER AND ITRE LIQUID PACK,,,Powder,850G + 1L,packs,1,,AMBIENT,false,false
MSD-50010015,DURAPHAT FLUORIDE VARNISH - PACK,,,,10ML,pieces,1,,AMBIENT,false,false
MSD-50010016,ETHYL CHLORIDE BOTTLE,,,Spray,50ML,bottles,1,,AMBIENT,false,false
MSD-50010017,GLASS IONOMER. LOW VISCOSITY FOR CEMENTING AND LUTING FUJI II POWDER LIQUID PACK,,,Powder,15G + 6ML,pieces,1,,AMBIENT,false,false
MSD-50010018,GLASS IONOMER. HIGH VISCOSITY FOR RESTORATION FUJI IX KETAC MOLAR EASY MIX RIVA SELF CURE SHADE A2 POWDER LIQUID PACK,,,Powder,15G + 8ML,bottles,1,,AMBIENT,false,false
MSD-50010020,LEDERMIX CORTICOSTEROID-ANTIBIOTIC PASTE OR CEMENT. PASTE OF M,,,Tube,5G,tubes,1,,AMBIENT,false,false
MSD-50010024,LOCAL DENTAL ANAESTHETIC IN CARTRIDGE WITHOUT ADRENALINE,,,,1.8ML,pieces,50,,AMBIENT,false,false
MSD-50010025,LOCAL DENTAL ANAESTHETIC IN CARTRIDGES WITH ADRENALINE 1: 80000 IN GLASS CARTRIDGES IN BLISTER PACKS,,,,2% + 1.8ML,pieces,50,,AMBIENT,false,false
MSD-50010031,ZINC OXIDE EUGENOL POWDER AND LIQUID PACK,,,Powder,30G + 15ML,packs,1,,AMBIENT,false,false
MSD-50010032,ZINC OXIDE EUGENOL REINFORCED POWDER AND LIQUID PACK,,,Powder,15G + 6ML,packs,1,,AMBIENT,false,false
MSD-50010034,ROOT CANAL SEALER CEMENT,,,,,packs,1,,AMBIENT,false,false
MSD-50010037,DENTURE BASE MATERIAL - ACRYLIC COLD CURE POWDER AND PACK,,,Powder,500G + 250ML,packs,1,,AMBIENT,false,false
MSD-50020013,CHILDREN FORCEPS UPPER MOLAR ASH NO. 37 RIGHT,,,,,pieces,1,,AMBIENT,false,false
MSD-50020014,CHILDREN LOWER ANTERIOR FORCEPS ASH NO. 123,,,,,pieces,1,,AMBIENT,false,false
MSD-50020018,COMPOSITE LIGHT CURE PACK KT OF SYRINGE ASSORTED SHADES 7X4 M SYRINGES ACID ETCH S AND BOND S,,,,5G + 9ML + 6ML,packs,1,,AMBIENT,false,false
MSD-50020024,DENTAL CHAIR WITH COMPLETE ACCESSORIES,,,,,sets,1,,AMBIENT,false,false
MSD-50020026,DENTAL ELEVATOR APICAL RIGHT NO. 28,,,,,pieces,1,,AMBIENT,false,false
MSD-50020027,DENTAL ELEVATOR CRYERS RIGHT NO.28,,,,,pieces,1,,AMBIENT,false,false
MSD-50020032,DENTAL EXCAVATOR MEDIUM ASH NO 127 / 128,,,,,pieces,1,,AMBIENT,false,false
MSD-50020034,DENTAL HAND PIECE HIGH SPEED,,,,,pieces,1,,AMBIENT,false,false
MSD-50020037,DENTAL SPATULA,,,,,pieces,1,,AMBIENT,false,false
MSD-50020038,DENTAL EXCAVATOR SMALL ASH NO. 125 / 126,,,,,pieces,1,,AMBIENT,false,false
MSD-50020047,DIAMOND FLAT FISSURED BURS FG PATTERN ISO SIZE: 001 / 009 -PACK OF 5,,,,,packs,1,,AMBIENT,false,false
MSD-50020048,DIAMOND FLAT FISSURED BURS FG PATTERN ISO SIZE: 001 / 010 -PACK OF 5,,,,,packs,1,,AMBIENT,false,false
MSD-50020049,DIAMOND FLAT FISSURED BURS FG PATTERN ISO SIZE: 001 / 012 -PACK OF 5,,,,,packs,1,,AMBIENT,false,false
MSD-50020051,DIAMOND ROUND BURS FG PATTERN ISO SIZE: 001 / 009 -PACK OF 5,,,,,packs,1,,AMBIENT,false,false
MSD-50020052,DIAMOND ROUND BURS FG PATTERN ISO SIZE: 001 / 010 -PACK OF 5,,,,,packs,1,,AMBIENT,false,false
MSD-50020053,DIAMOND ROUND BURS FG PATTERN ISO SIZE: 001 / 012 -PACK OF 5,,,,,packs,1,,AMBIENT,false,false
MSD-50020055,DIAMOND TAPERED BURS FG PATTERN ISO SIZE: 001 / 009 -PACK OF 5,,,,,packs,1,,AMBIENT,false,false
MSD-50020056,DIAMOND TAPERED BURS FG PATTERN ISO SIZE: 001 / 010 -PACK OF 5,,,,,packs,1,,AMBIENT,false,false
MSD-50020057,DIAMOND TAPERED BURS FG PATTERN ISO SIZE: 001 / 012 -PACK OF 5,,,,,packs,1,,AMBIENT,false,false
MSD-50020059,ENDODONTIC H FILES SIZE 15-40,,,,,pieces,1,,AMBIENT,false,false
MSD-50020060,ENDODONTIC H FILES SIZE 45-80,,,,,pieces,1,,FROZEN,true,false
MSD-50020061,ENDODONTIC K FILES SIZE 15-40,,,,,pieces,1,,AMBIENT,false,false
MSD-50020063,ENDODONTIC K FILES SIZE 90-120,,,,,pieces,6,,AMBIENT,false,false
MSD-50020064,ENDODONTIC K FILES SIZE 45-80,,,,,pieces,1,,FROZEN,true,false
MSD-50020065,ENDODONTIC REAMERS SIZES: 15-40,,,,,pieces,1,,AMBIENT,false,false
MSD-50020066,ENDODONTIC REAMERS SIZES: 45-80,,,,,pieces,1,,FROZEN,true,false
MSD-50020073,FULL LOWER MOLAR FORCEPS ASH NO 73,,,,,pieces,1,,AMBIENT,false,false
MSD-50020080,GUTTA PERCHA POINTS COLOUR CODED SIZE 15-40 BOX OF 120,,,,,packs,1,,AMBIENT,false,false
MSD-50020081,GUTTA PERCHA POINTS COLOUR CODED SIZE 45-80 BOX OF 120,,,,,packs,1,,FROZEN,true,false
MSD-50020085,LIGHT CURE FILING MACHINE,,,,,pieces,1,,AMBIENT,false,false
MSD-50020086,LIGHT CURE ORTHODONTIC COMPOSITE BONDING ADHESIVE,,,,,packs,1,,AMBIENT,false,false
MSD-50020088,LOW SPEED CONTRANGLE E-TYPE HANDPIECE,,,,,pieces,1,,AMBIENT,false,false
MSD-50020090,LOWER MOLAR EXTRACTION FORCEPS ASH NO 22,,,,,pieces,1,,AMBIENT,false,false
MSD-50020091,LOWER PREMOLAR EXTRACTION FORCEPS ; ASH NO. 75,,,,,pieces,1,,AMBIENT,false,false
MSD-50020093,MATRIX BAND UNIVERSAL / CONTRA ANGLE TOFFLEMIRE,,,,,pieces,1,,AMBIENT,false,false
MSD-50020096,MOBILE DENTAL UNITS 1002C COMPLETE WITH 3IN 1 SYRINGE PRESSURISED-WITH COMPRESSOR,,,,,sets,1,,REFRIGERATED,true,false
MSD-50020102,NITI ARCHWIRES UPPER AND LOWER JAWS =0.012-IN,,,,,pieces,1,,AMBIENT,false,false
MSD-50020103,NITI ARCHWIRES UPPER AND LOWER JAWS =0.014-IN,,,,,pieces,1,,AMBIENT,false,false
MSD-50020104,NITI ARCHWIRES UPPER AND LOWER JAWS =0.016-IN,,,,,pieces,1,,AMBIENT,false,false
MSD-50020105,NITI ARCHWIRES UPPER AND LOWER JAWS =0.016X0.016-IN,,,,,pieces,1,,AMBIENT,false,false
MSD-50020106,NITI ARCHWIRES UPPER AND LOWER JAWS =0.016X0.022-IN,,,,,pieces,1,,AMBIENT,false,false
MSD-50020107,NITI ARCHWIRES UPPER AND LOWER JAWS =0.018X0.025-IN,,,,,pieces,1,,AMBIENT,false,false
MSD-50020108,NITI ARCHWIRES UPPER AND LOWER JAWS =0.019X0.025-IN,,,,,pieces,1,,AMBIENT,false,false
MSD-50020110,PERIODONTAL PROBE CPITN WHO,,,,,pieces,1,,AMBIENT,false,false
MSD-50020125,STAINLESS STEEL WIRE - SOFT: GAUGE 0.4MM 5M ROLL,,,,,rolls,1,,AMBIENT,false,false
MSD-50020126,STAINLESS STEEL WIRE - SOFT: GAUGE 0.5MM 5M ROLL,,,,,rolls,1,,AMBIENT,false,false
MSD-50020127,STAINLESS STEEL WIRE - SOFT: GAUGE 0.6MM 5M ROLL,,,,,rolls,1,,AMBIENT,false,false
MSD-50020128,ARCH BAR WIRE WITH HOOKS 5.5MM X 0.35MM ROLL,,,,,pieces,1,,AMBIENT,false,false
MSD-50020130,STRAIGHT ELEVATOR-ASH COLEMAN HEAVY NO.723,,,,,pieces,1,,AMBIENT,false,false
MSD-50020133,TUNGSTEN CARBIDE STEEL ROUND BURS FG PATTERN ISO SIZE 001-006-008 -PACK OF 6,,,,,packs,1,,AMBIENT,false,false
MSD-50020134,TUNGSTEN CARBIDE STEEL ROUND BURS FG PATTERN ISO SIZE 001-006-010 -PACK OF 6,,,,,packs,1,,AMBIENT,false,false
MSD-50020136,TUNGSTEN STEEL FLAT FISSURED BURS FG PATTERN ISO SIZE 001-006-008 -PACK OF 6,,,,,packs,1,,AMBIENT,false,false
MSD-50020137,TUNGSTEN STEEL FLAT FISSURED BURS FG PATTERN ISO SIZE 001-006-010 -PACK OF 6,,,,,packs,1,,AMBIENT,false,false
MSD-50020138,TUNGSTEN STEEL FLAT FISSURED BURS FG PATTERN ISO SIZE 001-006-012 -PACK OF 6,,,,,packs,1,,AMBIENT,false,false
MSD-50020141,TUNGSTEN STEEL TAPERED BURS FG PATTERN ISO SIZE 001-006-010 -PACK OF 6,,,,,packs,1,,AMBIENT,false,false
MSD-50020142,TUNGSTEN STEEL TAPERED BURS FG PATTERN ISO SIZE 001-006-012 -PACK OF 6,,,,,packs,1,,AMBIENT,false,false
MSD-50020143,TUNGSTEN STEEL TAPERED BURS FG PATTERN ISO SIZE 001-006-08 -PACK OF 6,,,,,packs,1,,AMBIENT,false,false
MSD-50020147,UPPER EXTRACTION FORCEPS PREMOLAR ASH NO. 7,,,,,pieces,1,,AMBIENT,false,false
MSD-50020148,UPPER ANTERIOR ASH NO.74,,,,,pieces,1,,AMBIENT,false,false
MSD-50020150,UPPER MOLAR LEFT EXTRACTION FORCEPS ASH NO.18,,,,,pieces,1,,AMBIENT,false,false
MSD-50020152,UPPER MOLAR RIGHT EXTRACTION FORCEPS ASH NO.17,,,,,pieces,1,,AMBIENT,false,false
MSD-50020153,UPPER PRE MOLAR FORCEPS; ASH NO. 136,,,,,pieces,1,,AMBIENT,false,false
MSD-50020154,UPPER ROOT BAYONET ASH NO.151,,,,,pieces,1,,AMBIENT,false,false
MSD-50020158,X-RAY FILMS- -SUPER PHIL X-30 SACHET CONTAIN BOTH FIXER AND DEVELOPER -P / 50,,,,,packs,1,,AMBIENT,false,false
MSD-50020169,DENTAL ELEVATOR COUPLAND,,,,,pieces,1,,AMBIENT,false,false
MSD-50020172,COWHORN BREAK-FIG NO 87,,,,,pieces,1,,AMBIENT,false,false
MSD-50020209,CASTING MACHINE DENTAL,,,,,pieces,1,,AMBIENT,false,false
MSD-50020258,DENTAL EXTRACTION FORCEPS UPPER ROOT ASH NO.138,,,,,sets,1,,AMBIENT,false,false
MSD-50020283,CONE BEAM COMPUTED TOMOGRAPHY 3D-DENTAL CBCT PAPAYA,,,,,pieces,1,,AMBIENT,false,false
MSD-50020459,ACRYLIC TEETH ANTERIOR LOWER SET OF 1X8,,,,,sets,1,,AMBIENT,false,false
MSD-50020460,ACRYLIC TEETH POSTERIOR LOWER SET OF 1X8,,,,,sets,1,,AMBIENT,false,false
MSD-50020461,ACRYLIC TEETH POSTERIOR UPPER SET OF 1X8,,,,,sets,1,,AMBIENT,false,false
MSD-50020462,ACRYLIC TEETH UPPER ANTERIOR SET OF 1X8,,,,,sets,1,,AMBIENT,false,false
MSD-50020464,ZINC OXIDE EUGENOL REINFORCED IRM POWDER AND LIQUID PACK,,,Powder,40G + 15ML,packs,1,,AMBIENT,false,false
MSD-50020474,DIGITAL OPG - 2D ORTHOPANTOMAGRAPHY - MACHINE,,,,,pieces,1,,AMBIENT,false,false
