sourceKey,sourceName,sourceUrl,productName,genericName,category,sku,strengthText,dosageFormName,packSizeLabel,unitPriceTzs,currency,detailUrl,rawText,confidence,notes
BARIKI_PROFILE,Bariki Pharma Group,https://barikipharmacy.co.tz/,NO_PUBLIC_STRUCTURED_PRODUCT_LIST,,,,,,,,,,PHARMACEUTICALS | PHARMACEUTICALS | PHARMACEUTICALS | PHARMACEUTICALS | Pharmaceutical | Pharmaceutical | Pharmaceutical And Equipment Storage & Transportation​,NO_PRODUCT_ROWS,Public site confirms supplier/wholesaler presence but did not expose a structured drug list.
GLOBAL_PHARMA_PROFILE,Global Pharma Group Tanzania,https://www.globalgrouptz.com/,NO_PUBLIC_STRUCTURED_PRODUCT_LIST,,,,,,,,,,Product Range,NO_PRODUCT_ROWS,Public site confirms supplier/wholesaler presence but did not expose a structured drug list.
TMDA_APPROVED_PRODUCT_INFO,TMDA Approved Medicines Product Information,https://www.tmda.go.tz/index.php/pages/approved-product-information,Abacavir (As Sulfate) And Lamivudine Dispersible Tablets 120/60 Mg Abacavir Sulfate And Lamivudine 120/60 mg Dispersible Tablets,Abacavir Sulfate And Lamivudine 120/60 mg Dispersible Tablets,,,60 mg,Tablets,,,,https://www.tmda.go.tz/uploads/1678450682-T20H0480SmPCv1.pdf,Abacavir (As Sulfate) And Lamivudine Dispersible Tablets 120/60 Mg Abacavir Sulfate And Lamivudine 120/60 mg Dispersible Tablets Abacavir Sulfate And Lamivudine 120/60 mg Dispersible Tablets,SOURCE_LISTED,"Selected TMDA SmPC/TPAR listing, not the full registered medicines universe."
TMDA_APPROVED_PRODUCT_INFO,TMDA Approved Medicines Product Information,https://www.tmda.go.tz/index.php/pages/approved-product-information,Abacavir Sulfate And Lamivudine Dispersible Tablets 120/60 Mg Abacavir Sulfate And Lamivudine 120/60 mg Dispersible Tablets,Abacavir Sulfate And Lamivudine 120/60 mg Dispersible Tablets,,,60 mg,Tablets,,,,https://www.tmda.go.tz/uploads/1678431815-T19H0746SmPCv1.pdf,Abacavir Sulfate And Lamivudine Dispersible Tablets 120/60 Mg Abacavir Sulfate And Lamivudine 120/60 mg Dispersible Tablets Abacavir Sulfate And Lamivudine 120/60 mg Dispersible Tablets,SOURCE_LISTED,"Selected TMDA SmPC/TPAR listing, not the full registered medicines universe."
TMDA_APPROVED_PRODUCT_INFO,TMDA Approved Medicines Product Information,https://www.tmda.go.tz/index.php/pages/approved-product-information,ABAGANIL 150,"Pregabalin, 150 mg, Capsules",,,150 mg,Capsules,,,,https://www.tmda.go.tz/uploads/1707805311-TZ19H0283SmPCv1.pdf,"ABAGANIL 150 Pregabalin, 150 mg, Capsules",SOURCE_LISTED,"Selected TMDA SmPC/TPAR listing, not the full registered medicines universe."
TMDA_APPROVED_PRODUCT_INFO,TMDA Approved Medicines Product Information,https://www.tmda.go.tz/index.php/pages/approved-product-information,Accecpan Aceclofenac 200 mg Tablets,Aceclofenac 200 mg Tablets,,,200 mg,Tablets,,,,https://www.tmda.go.tz/uploads/1678193018-T19H0403SmPCv1.pdf,Accecpan Aceclofenac 200 mg Tablets Aceclofenac 200 mg Tablets,SOURCE_LISTED,"Selected TMDA SmPC/TPAR listing, not the full registered medicines universe."
TMDA_APPROVED_PRODUCT_INFO,TMDA Approved Medicines Product Information,https://www.tmda.go.tz/index.php/pages/approved-product-information,ACE LEVO,"Levonorgestrel, 1.5 mg/tablet, Solid Oral Film Coated Tablet",,,1.5 mg,Tablet,,,,https://www.tmda.go.tz/uploads/1707805549-TZ19H0204SmPCv1.pdf,"ACE LEVO Levonorgestrel, 1.5 mg/tablet, Solid Oral Film Coated Tablet",SOURCE_LISTED,"Selected TMDA SmPC/TPAR listing, not the full registered medicines universe."
TMDA_APPROVED_PRODUCT_INFO,TMDA Approved Medicines Product Information,https://www.tmda.go.tz/index.php/pages/approved-product-information,Actinac Er 200 Aceclofenac 200 mg Film Coated Tablet,Aceclofenac 200 mg Film Coated Tablet,,,200 mg,Tablet,,,,https://www.tmda.go.tz/uploads/1678450826-T21H0649SmPcV1.pdf,Actinac Er 200 Aceclofenac 200 mg Film Coated Tablet Aceclofenac 200 mg Film Coated Tablet,SOURCE_LISTED,"Selected TMDA SmPC/TPAR listing, not the full registered medicines universe."
TMDA_APPROVED_PRODUCT_INFO,TMDA Approved Medicines Product Information,https://www.tmda.go.tz/index.php/pages/approved-product-information,ADCARB,"Carboplatin, 150, Solution for injection",,,,Injection,,,,https://www.tmda.go.tz/uploads/1707805930-T19H0679-SmPC.pdf,"ADCARB Carboplatin, 150, Solution for injection",SOURCE_LISTED,"Selected TMDA SmPC/TPAR listing, not the full registered medicines universe."
TMDA_APPROVED_PRODUCT_INFO,TMDA Approved Medicines Product Information,https://www.tmda.go.tz/index.php/pages/approved-product-information,Adrenaline Injection 1 mg/ml,"Adrenaline, 1, Solution for injection",,,,Injection,,,,https://www.tmda.go.tz/uploads/1707806060-T19H0603SmPCv1.pdf,"Adrenaline Injection 1 mg/ml Adrenaline, 1, Solution for injection",SOURCE_LISTED,"Selected TMDA SmPC/TPAR listing, not the full registered medicines universe."
TMDA_APPROVED_PRODUCT_INFO,TMDA Approved Medicines Product Information,https://www.tmda.go.tz/index.php/pages/approved-product-information,Aepisetem Levetiracetam 100 mg/5 ml Solution For Injection,Levetiracetam 100 mg/5 ml Solution For Injection,,,100 mg/5 ml,Injection,,,,https://www.tmda.go.tz/uploads/1678193122-T21H0379SmPCV1.pdf,Aepisetem Levetiracetam 100 mg/5 ml Solution For Injection Levetiracetam 100 mg/5 ml Solution For Injection,SOURCE_LISTED,"Selected TMDA SmPC/TPAR listing, not the full registered medicines universe."
TMDA_APPROVED_PRODUCT_INFO,TMDA Approved Medicines Product Information,https://www.tmda.go.tz/index.php/pages/approved-product-information,Agofulvin Tablets Griseofulvin 500 mg Tablets,Griseofulvin 500 mg Tablets,,,500 mg,Tablets,,,,https://www.tmda.go.tz/uploads/1678167233-T18H0283SmPCv1.pdf,Agofulvin Tablets Griseofulvin 500 mg Tablets Griseofulvin 500 mg Tablets,SOURCE_LISTED,"Selected TMDA SmPC/TPAR listing, not the full registered medicines universe."
TMDA_APPROVED_PRODUCT_INFO,TMDA Approved Medicines Product Information,https://www.tmda.go.tz/index.php/pages/approved-product-information,Aksone Injection Ceftriaxone Sodium 1 gm Powder For Injection,Ceftriaxone Sodium 1 gm Powder For Injection,,,,Powder for injection,,,,https://www.tmda.go.tz/uploads/1678450907-T21H0058SmPCV1.pdf,Aksone Injection Ceftriaxone Sodium 1 gm Powder For Injection Ceftriaxone Sodium 1 gm Powder For Injection,SOURCE_LISTED,"Selected TMDA SmPC/TPAR listing, not the full registered medicines universe."
TMDA_APPROVED_PRODUCT_INFO,TMDA Approved Medicines Product Information,https://www.tmda.go.tz/index.php/pages/approved-product-information,AKUCLAV,"Amoxicillin and Clavulanate Potassium, 1000/200 mg, Powder for solution for injection",,,200 mg,Injection,,,,https://www.tmda.go.tz/uploads/1707806528-T18H0781SmPCv1.pdf,"AKUCLAV Amoxicillin and Clavulanate Potassium, 1000/200 mg, Powder for solution for injection",SOURCE_LISTED,"Selected TMDA SmPC/TPAR listing, not the full registered medicines universe."
TMDA_APPROVED_PRODUCT_INFO,TMDA Approved Medicines Product Information,https://www.tmda.go.tz/index.php/pages/approved-product-information,ALCEF 500,Ceftriaxone Sodium Dry Powder for injection 500mg,,,500mg,Powder for injection,,,,https://www.tmda.go.tz/uploads/1657976130-T20H0006SmPCv1.pdf,ALCEF 500 Ceftriaxone Sodium Dry Powder for injection 500mg,SOURCE_LISTED,"Selected TMDA SmPC/TPAR listing, not the full registered medicines universe."
TMDA_APPROVED_PRODUCT_INFO,TMDA Approved Medicines Product Information,https://www.tmda.go.tz/index.php/pages/approved-product-information,ALCEF-SB,Ceftriaxone Sodium & Sulbactam Dry Powder for Injection 1 g+0.5 g,,,1 g + 0.5 g,Powder for injection,,,,https://www.tmda.go.tz/uploads/1657976915-T21H0143-SmPCV1.pdf,ALCEF-SB Ceftriaxone Sodium & Sulbactam Dry Powder for Injection 1 g+0.5 g,SOURCE_LISTED,"Selected TMDA SmPC/TPAR listing, not the full registered medicines universe."
TMDA_APPROVED_PRODUCT_INFO,TMDA Approved Medicines Product Information,https://www.tmda.go.tz/index.php/pages/approved-product-information,alcillin,"ampicillin sodium, 0.5, Injection",,,,Injection,,,,https://www.tmda.go.tz/uploads/1707810181-T18H0626SmPCV1.pdf,"alcillin ampicillin sodium, 0.5, Injection",SOURCE_LISTED,"Selected TMDA SmPC/TPAR listing, not the full registered medicines universe."
TMDA_APPROVED_PRODUCT_INFO,TMDA Approved Medicines Product Information,https://www.tmda.go.tz/index.php/pages/approved-product-information,ALDROL 10,"Donepezil, 10 mg, Tablets",,,10 mg,Tablets,,,,https://www.tmda.go.tz/uploads/1708927614-T20H0019SmPCv1.pdf,"ALDROL 10 Donepezil, 10 mg, Tablets",SOURCE_LISTED,"Selected TMDA SmPC/TPAR listing, not the full registered medicines universe."
TMDA_APPROVED_PRODUCT_INFO,TMDA Approved Medicines Product Information,https://www.tmda.go.tz/index.php/pages/approved-product-information,ALDROL 5,"Donepezil, 5 mg, Tablets",,,5 mg,Tablets,,,,https://www.tmda.go.tz/uploads/1708927489-T20H0017SmPCv1.pdf,"ALDROL 5 Donepezil, 5 mg, Tablets",SOURCE_LISTED,"Selected TMDA SmPC/TPAR listing, not the full registered medicines universe."
TMDA_APPROVED_PRODUCT_INFO,TMDA Approved Medicines Product Information,https://www.tmda.go.tz/index.php/pages/approved-product-information,Alfuzosin 10 mg Tablets,Alfuzosin 10 mg Tablets,,,10 mg,Tablets,,,,https://www.tmda.go.tz/uploads/files/Alfuzosin_10_mg_Tablets.pdf,Alfuzosin 10 mg Tablets Alfuzosin 10 mg Tablets,SOURCE_LISTED,"Selected TMDA SmPC/TPAR listing, not the full registered medicines universe."
TMDA_APPROVED_PRODUCT_INFO,TMDA Approved Medicines Product Information,https://www.tmda.go.tz/index.php/pages/approved-product-information,Allerieve 10,"Cetirizine hydrochloride, 10 mg, Tablets",,,10 mg,Tablets,,,,https://www.tmda.go.tz/uploads/1707826616-TZ19H0243SmPCv1.pdf,"Allerieve 10 Cetirizine hydrochloride, 10 mg, Tablets",SOURCE_LISTED,"Selected TMDA SmPC/TPAR listing, not the full registered medicines universe."
TMDA_APPROVED_PRODUCT_INFO,TMDA Approved Medicines Product Information,https://www.tmda.go.tz/index.php/pages/approved-product-information,Alltera 50 Lopinavir + Ritonavir 50 mg Granules,Lopinavir + Ritonavir 50 mg Granules,,,50 mg,,,,,https://www.tmda.go.tz/uploads/1678167581-T20H0667SmPCv1.pdf,Alltera 50 Lopinavir + Ritonavir 50 mg Granules Lopinavir + Ritonavir 50 mg Granules,SOURCE_LISTED,"Selected TMDA SmPC/TPAR listing, not the full registered medicines universe."
TMDA_APPROVED_PRODUCT_INFO,TMDA Approved Medicines Product Information,https://www.tmda.go.tz/index.php/pages/approved-product-information,Alphaclav Tablets Amoxicillin And Clavulanic Acid 625 mg Oral Tablet,Amoxicillin And Clavulanic Acid 625 mg Oral Tablet,,,625 mg,Tablet,,,,https://www.tmda.go.tz/uploads/1678450973-T20H0483SmPCV1.pdf,Alphaclav Tablets Amoxicillin And Clavulanic Acid 625 mg Oral Tablet Amoxicillin And Clavulanic Acid 625 mg Oral Tablet,SOURCE_LISTED,"Selected TMDA SmPC/TPAR listing, not the full registered medicines universe."
TMDA_APPROVED_PRODUCT_INFO,TMDA Approved Medicines Product Information,https://www.tmda.go.tz/index.php/pages/approved-product-information,Alrinast,Desloratadine 5 mg film coated tablets,,,5 mg,Tablets,,,,https://www.tmda.go.tz/uploads/1620040949-T19H0563SmPCv1.pdf,Alrinast Desloratadine 5 mg film coated tablets,SOURCE_LISTED,"Selected TMDA SmPC/TPAR listing, not the full registered medicines universe."
TMDA_APPROVED_PRODUCT_INFO,TMDA Approved Medicines Product Information,https://www.tmda.go.tz/index.php/pages/approved-product-information,ALRINAST,"Desloratadine, 0.5, Syrup",,,,Syrup,,,,https://www.tmda.go.tz/uploads/1707825763-2_T19H0557-SmPC.pdf,"ALRINAST Desloratadine, 0.5, Syrup",SOURCE_LISTED,"Selected TMDA SmPC/TPAR listing, not the full registered medicines universe."
TMDA_APPROVED_PRODUCT_INFO,TMDA Approved Medicines Product Information,https://www.tmda.go.tz/index.php/pages/approved-product-information,Amcardia 10 Amlodipine Besylate 10 mg Tablets,Amlodipine Besylate 10 mg Tablets,,,10 mg,Tablets,,,,https://www.tmda.go.tz/uploads/1678167697-T18H0454SmPCv1.pdf,Amcardia 10 Amlodipine Besylate 10 mg Tablets Amlodipine Besylate 10 mg Tablets,SOURCE_LISTED,"Selected TMDA SmPC/TPAR listing, not the full registered medicines universe."
TMDA_APPROVED_PRODUCT_INFO,TMDA Approved Medicines Product Information,https://www.tmda.go.tz/index.php/pages/approved-product-information,Amlovie 10,Amlodopine Tablet 10mg,,,10mg,Tablet,,,,https://www.tmda.go.tz/uploads/1657977179-1_T20H144E2-Approved.pdf,Amlovie 10 Amlodopine Tablet 10mg,SOURCE_LISTED,"Selected TMDA SmPC/TPAR listing, not the full registered medicines universe."
TMDA_APPROVED_PRODUCT_INFO,TMDA Approved Medicines Product Information,https://www.tmda.go.tz/index.php/pages/approved-product-information,AMLOVIE 5,Amlodopine Tablet 5mg,,,5mg,Tablet,,,,https://www.tmda.go.tz/uploads/1657976316-1_T20H143E2-Approved.pdf,AMLOVIE 5 Amlodopine Tablet 5mg,SOURCE_LISTED,"Selected TMDA SmPC/TPAR listing, not the full registered medicines universe."
TMDA_APPROVED_PRODUCT_INFO,TMDA Approved Medicines Product Information,https://www.tmda.go.tz/index.php/pages/approved-product-information,Amor Levonorgestrel 0.75 mg Capsules,Levonorgestrel 0.75 mg Capsules,,,0.75 mg,Capsules,,,,https://www.tmda.go.tz/uploads/1678167757-T18H0801SmPCv1.pdf,Amor Levonorgestrel 0.75 mg Capsules Levonorgestrel 0.75 mg Capsules,SOURCE_LISTED,"Selected TMDA SmPC/TPAR listing, not the full registered medicines universe."
TMDA_APPROVED_PRODUCT_INFO,TMDA Approved Medicines Product Information,https://www.tmda.go.tz/index.php/pages/approved-product-information,Amoxicillin,Amoxicillin 500 mg capsule,,,500 mg,Capsule,,,,https://www.tmda.go.tz/uploads/1620115799-T19H0270SmPCv1.pdf,Amoxicillin Amoxicillin 500 mg capsule,SOURCE_LISTED,"Selected TMDA SmPC/TPAR listing, not the full registered medicines universe."
TMDA_APPROVED_PRODUCT_INFO,TMDA Approved Medicines Product Information,https://www.tmda.go.tz/index.php/pages/approved-product-information,Amoxicillin,Amoxicillin 250 mg capsule,,,250 mg,Capsule,,,,https://www.tmda.go.tz/uploads/1620034661-T19H0271SmPCv1.pdf,Amoxicillin Amoxicillin 250 mg capsule,SOURCE_LISTED,"Selected TMDA SmPC/TPAR listing, not the full registered medicines universe."
TMDA_APPROVED_PRODUCT_INFO,TMDA Approved Medicines Product Information,https://www.tmda.go.tz/index.php/pages/approved-product-information,Amphonex Amphotericin B 50 mg Lyophilized Injection,Amphotericin B 50 mg Lyophilized Injection,,,50 mg,Injection,,,,https://www.tmda.go.tz/uploads/1678451027-T19H0134SmPCv1.pdf,Amphonex Amphotericin B 50 mg Lyophilized Injection Amphotericin B 50 mg Lyophilized Injection,SOURCE_LISTED,"Selected TMDA SmPC/TPAR listing, not the full registered medicines universe."
TMDA_APPROVED_PRODUCT_INFO,TMDA Approved Medicines Product Information,https://www.tmda.go.tz/index.php/pages/approved-product-information,Ampicillin Ampicillin Sodium 500 mg Powder For Injection,Ampicillin Sodium 500 mg Powder For Injection,,,500 mg,Powder for injection,,,,https://www.tmda.go.tz/uploads/1678193179-T21H0174SmPCv1.pdf,Ampicillin Ampicillin Sodium 500 mg Powder For Injection Ampicillin Sodium 500 mg Powder For Injection,SOURCE_LISTED,"Selected TMDA SmPC/TPAR listing, not the full registered medicines universe."
TMDA_APPROVED_PRODUCT_INFO,TMDA Approved Medicines Product Information,https://www.tmda.go.tz/index.php/pages/approved-product-information,Ampicillin Sodium Ampicillin Sodium 0.5 g Powder And Solvent For Solution For Injection,Ampicillin Sodium 0.5 g Powder And Solvent For Solution For Injection,,,0.5 g,Injection,,,,https://www.tmda.go.tz/uploads/1678193254-T19H0124SmPCv1.pdf,Ampicillin Sodium Ampicillin Sodium 0.5 g Powder And Solvent For Solution For Injection Ampicillin Sodium 0.5 g Powder And Solvent For Solution For Injection,SOURCE_LISTED,"Selected TMDA SmPC/TPAR listing, not the full registered medicines universe."
TMDA_APPROVED_PRODUCT_INFO,TMDA Approved Medicines Product Information,https://www.tmda.go.tz/index.php/pages/approved-product-information,Ampimax Plus Ampicillin Trihydrate And Cloxacillin Sodium 250/250 mg Injection,Ampicillin Trihydrate And Cloxacillin Sodium 250/250 mg Injection,,,250 mg,Injection,,,,https://www.tmda.go.tz/uploads/1678434075-T20H0078SmPCv1.pdf,Ampimax Plus Ampicillin Trihydrate And Cloxacillin Sodium 250/250 mg Injection Ampicillin Trihydrate And Cloxacillin Sodium 250/250 mg Injection,SOURCE_LISTED,"Selected TMDA SmPC/TPAR listing, not the full registered medicines universe."
TMDA_APPROVED_PRODUCT_INFO,TMDA Approved Medicines Product Information,https://www.tmda.go.tz/index.php/pages/approved-product-information,Anasoma Anastrazole 1 mg Film Coated Tablet,Anastrazole 1 mg Film Coated Tablet,,,1 mg,Tablet,,,,https://www.tmda.go.tz/uploads/1678434272-T20H0237SmPCv1.pdf,Anasoma Anastrazole 1 mg Film Coated Tablet Anastrazole 1 mg Film Coated Tablet,SOURCE_LISTED,"Selected TMDA SmPC/TPAR listing, not the full registered medicines universe."
TMDA_APPROVED_PRODUCT_INFO,TMDA Approved Medicines Product Information,https://www.tmda.go.tz/index.php/pages/approved-product-information,Anatax,"Betahistine, 16 mg, Tablets",,,16 mg,Tablets,,,,https://www.tmda.go.tz/uploads/1707827088-TZ 19 H 0192.pdf,"Anatax Betahistine, 16 mg, Tablets",SOURCE_LISTED,"Selected TMDA SmPC/TPAR listing, not the full registered medicines universe."
TMDA_APPROVED_PRODUCT_INFO,TMDA Approved Medicines Product Information,https://www.tmda.go.tz/index.php/pages/approved-product-information,Anginet 160 Mg Valsartan 160 mg Tablets,Valsartan 160 mg Tablets,,,160 mg,Tablets,,,,https://www.tmda.go.tz/uploads/1678193309-T17H0554SmPCv1.pdf,Anginet 160 Mg Valsartan 160 mg Tablets Valsartan 160 mg Tablets,SOURCE_LISTED,"Selected TMDA SmPC/TPAR listing, not the full registered medicines universe."
TMDA_APPROVED_PRODUCT_INFO,TMDA Approved Medicines Product Information,https://www.tmda.go.tz/index.php/pages/approved-product-information,Anginet 80 Mg Valsartan 80 mg Tablets,Valsartan 80 mg Tablets,,,80 mg,Tablets,,,,https://www.tmda.go.tz/uploads/1678193375-T17H0553SmPCv1.pdf,Anginet 80 Mg Valsartan 80 mg Tablets Valsartan 80 mg Tablets,SOURCE_LISTED,"Selected TMDA SmPC/TPAR listing, not the full registered medicines universe."
TMDA_APPROVED_PRODUCT_INFO,TMDA Approved Medicines Product Information,https://www.tmda.go.tz/index.php/pages/approved-product-information,arbitense 50,"Losartan Potassium, 50 mg, Tablets",,,50 mg,Tablets,,,,https://www.tmda.go.tz/uploads/1707827302-T18H0061SmPcv1.pdf,"arbitense 50 Losartan Potassium, 50 mg, Tablets",SOURCE_LISTED,"Selected TMDA SmPC/TPAR listing, not the full registered medicines universe."
TMDA_APPROVED_PRODUCT_INFO,TMDA Approved Medicines Product Information,https://www.tmda.go.tz/index.php/pages/approved-product-information,Argesun 120,"Artesunate, 120, Powder and solvent for solution for injection",,,,Injection,,,,https://www.tmda.go.tz/uploads/1708928255-T20H0123SmPCv1.pdf,"Argesun 120 Artesunate, 120, Powder and solvent for solution for injection",SOURCE_LISTED,"Selected TMDA SmPC/TPAR listing, not the full registered medicines universe."
TMDA_APPROVED_PRODUCT_INFO,TMDA Approved Medicines Product Information,https://www.tmda.go.tz/index.php/pages/approved-product-information,Argesun 30,"Artesunate, 30 mg, Powder for solution for injection",,,30 mg,Injection,,,,https://www.tmda.go.tz/uploads/1708928445-T20H0125SmPCv1.pdf,"Argesun 30 Artesunate, 30 mg, Powder for solution for injection",SOURCE_LISTED,"Selected TMDA SmPC/TPAR listing, not the full registered medicines universe."
TMDA_APPROVED_PRODUCT_INFO,TMDA Approved Medicines Product Information,https://www.tmda.go.tz/index.php/pages/approved-product-information,Argesun 60,"Artesunate, 60, Powder for solution for injection",,,,Injection,,,,https://www.tmda.go.tz/uploads/1708928214-T20H0124 SmPCv1.pdf,"Argesun 60 Artesunate, 60, Powder for solution for injection",SOURCE_LISTED,"Selected TMDA SmPC/TPAR listing, not the full registered medicines universe."
TMDA_APPROVED_PRODUCT_INFO,TMDA Approved Medicines Product Information,https://www.tmda.go.tz/index.php/pages/approved-product-information,AROXICAM 7.5,"Meloxicam, 7.5 mg, Tablets",,,7.5 mg,Tablets,,,,https://www.tmda.go.tz/uploads/1708928627-TZ19H0230SmPCv1.pdf,"AROXICAM 7.5 Meloxicam, 7.5 mg, Tablets",SOURCE_LISTED,"Selected TMDA SmPC/TPAR listing, not the full registered medicines universe."
TMDA_APPROVED_PRODUCT_INFO,TMDA Approved Medicines Product Information,https://www.tmda.go.tz/index.php/pages/approved-product-information,Artepil Artesunate 60 mg Solution For Injection,Artesunate 60 mg Solution For Injection,,,60 mg,Injection,,,,https://www.tmda.go.tz/uploads/1678167916-T21H0316SmPCV1.pdf,Artepil Artesunate 60 mg Solution For Injection Artesunate 60 mg Solution For Injection,SOURCE_LISTED,"Selected TMDA SmPC/TPAR listing, not the full registered medicines universe."
TMDA_APPROVED_PRODUCT_INFO,TMDA Approved Medicines Product Information,https://www.tmda.go.tz/index.php/pages/approved-product-information,Artesiane 100 Artemether 100 mg/ml Solution For Injection,Artemether 100 mg/ml Solution For Injection,,,100 mg,Injection,,,,https://www.tmda.go.tz/uploads/1678193569-T20H0629SmPCv1.pdf,Artesiane 100 Artemether 100 mg/ml Solution For Injection Artemether 100 mg/ml Solution For Injection,SOURCE_LISTED,"Selected TMDA SmPC/TPAR listing, not the full registered medicines universe."
TMDA_APPROVED_PRODUCT_INFO,TMDA Approved Medicines Product Information,https://www.tmda.go.tz/index.php/pages/approved-product-information,Artesunate,"Artesunate, 100 mg, Suppositories",,,100 mg,,,,,https://www.tmda.go.tz/uploads/1708929248-TZ19H0248SmPCv1.pdf,"Artesunate Artesunate, 100 mg, Suppositories",SOURCE_LISTED,"Selected TMDA SmPC/TPAR listing, not the full registered medicines universe."
TMDA_APPROVED_PRODUCT_INFO,TMDA Approved Medicines Product Information,https://www.tmda.go.tz/index.php/pages/approved-product-information,Asthamol,"Salbutamol Sulphate, 2/5 mg/ml, Syrup",,,5 mg,Syrup,,,,https://www.tmda.go.tz/uploads/1708929313-TZ19H0222SmPCv1.pdf,"Asthamol Salbutamol Sulphate, 2/5 mg/ml, Syrup",SOURCE_LISTED,"Selected TMDA SmPC/TPAR listing, not the full registered medicines universe."
TMDA_APPROVED_PRODUCT_INFO,TMDA Approved Medicines Product Information,https://www.tmda.go.tz/index.php/pages/approved-product-information,Atenolol 100 mg Tablets,Atenolol 100 mg Tablets,,,100 mg,Tablets,,,,https://www.tmda.go.tz/uploads/files/Atenolol_100_mg_Tablets.pdf,Atenolol 100 mg Tablets Atenolol 100 mg Tablets,SOURCE_LISTED,"Selected TMDA SmPC/TPAR listing, not the full registered medicines universe."
TMDA_APPROVED_PRODUCT_INFO,TMDA Approved Medicines Product Information,https://www.tmda.go.tz/index.php/pages/approved-product-information,Atorkey,Atorvastatin 20 mg tablets,,,20 mg,Tablets,,,,https://www.tmda.go.tz/uploads/1620043518-T20H0069SmPCv1.pdf,Atorkey Atorvastatin 20 mg tablets,SOURCE_LISTED,"Selected TMDA SmPC/TPAR listing, not the full registered medicines universe."
TMDA_APPROVED_PRODUCT_INFO,TMDA Approved Medicines Product Information,https://www.tmda.go.tz/index.php/pages/approved-product-information,ATORKEY 40,"Atorvastatin, 40 mg, Tablets",,,40 mg,Tablets,,,,https://www.tmda.go.tz/uploads/1708929374-T20H0027SmPCv1.pdf,"ATORKEY 40 Atorvastatin, 40 mg, Tablets",SOURCE_LISTED,"Selected TMDA SmPC/TPAR listing, not the full registered medicines universe."
TMDA_APPROVED_PRODUCT_INFO,TMDA Approved Medicines Product Information,https://www.tmda.go.tz/index.php/pages/approved-product-information,Atorva 10,"Atorvastatin Calcium, 10 mg, Film Coated Tablet",,,10 mg,Tablet,,,,https://www.tmda.go.tz/uploads/1708929814-T19H0716 SmPCV1.pdf,"Atorva 10 Atorvastatin Calcium, 10 mg, Film Coated Tablet",SOURCE_LISTED,"Selected TMDA SmPC/TPAR listing, not the full registered medicines universe."
TMDA_APPROVED_PRODUCT_INFO,TMDA Approved Medicines Product Information,https://www.tmda.go.tz/index.php/pages/approved-product-information,Atorva 20,"Atorvastatin Calcium, 20, Film Coated Tablet",,,,Tablet,,,,https://www.tmda.go.tz/uploads/1708929902-T0019H0717 SmPCV1.pdf,"Atorva 20 Atorvastatin Calcium, 20, Film Coated Tablet",SOURCE_LISTED,"Selected TMDA SmPC/TPAR listing, not the full registered medicines universe."
TMDA_APPROVED_PRODUCT_INFO,TMDA Approved Medicines Product Information,https://www.tmda.go.tz/index.php/pages/approved-product-information,"Atorvas 10 Atorvastatin 10 mg Tablet, Film-Coated","Atorvastatin 10 mg Tablet, Film-Coated",,,10 mg,Tablet,,,,https://www.tmda.go.tz/uploads/1678193625-T17H0748SmPCv0.pdf,"Atorvas 10 Atorvastatin 10 mg Tablet, Film-Coated Atorvastatin 10 mg Tablet, Film-Coated",SOURCE_LISTED,"Selected TMDA SmPC/TPAR listing, not the full registered medicines universe."
TMDA_APPROVED_PRODUCT_INFO,TMDA Approved Medicines Product Information,https://www.tmda.go.tz/index.php/pages/approved-product-information,Atorvastatin 10 mg Tablets,Atorvastatin 10 mg Tablets,,,10 mg,Tablets,,,,https://www.tmda.go.tz/uploads/files/Atorvastatin_10_mg_Tablets.pdf,Atorvastatin 10 mg Tablets Atorvastatin 10 mg Tablets,SOURCE_LISTED,"Selected TMDA SmPC/TPAR listing, not the full registered medicines universe."
TMDA_APPROVED_PRODUCT_INFO,TMDA Approved Medicines Product Information,https://www.tmda.go.tz/index.php/pages/approved-product-information,Atorvastatin 20 mg Tablets,Atorvastatin 20 mg Tablets,,,20 mg,Tablets,,,,https://www.tmda.go.tz/uploads/files/Atorvastatin_20_mg_Tablets.pdf,Atorvastatin 20 mg Tablets Atorvastatin 20 mg Tablets,SOURCE_LISTED,"Selected TMDA SmPC/TPAR listing, not the full registered medicines universe."
TMDA_APPROVED_PRODUCT_INFO,TMDA Approved Medicines Product Information,https://www.tmda.go.tz/index.php/pages/approved-product-information,Auritz 10 Rosuvastatin 10mg Film Coated Tablet,Rosuvastatin 10mg Film Coated Tablet,,,10mg,Tablet,,,,https://www.tmda.go.tz/uploads/1678451088-T21H0894SmPcv1.pdf,Auritz 10 Rosuvastatin 10mg Film Coated Tablet Rosuvastatin 10mg Film Coated Tablet,SOURCE_LISTED,"Selected TMDA SmPC/TPAR listing, not the full registered medicines universe."
TMDA_APPROVED_PRODUCT_INFO,TMDA Approved Medicines Product Information,https://www.tmda.go.tz/index.php/pages/approved-product-information,Auritz 20 Rosuvastatin 20mg Film Coated Tablet,Rosuvastatin 20mg Film Coated Tablet,,,20mg,Tablet,,,,https://www.tmda.go.tz/uploads/1678451157-T21H0897SmPCv1.pdf,Auritz 20 Rosuvastatin 20mg Film Coated Tablet Rosuvastatin 20mg Film Coated Tablet,SOURCE_LISTED,"Selected TMDA SmPC/TPAR listing, not the full registered medicines universe."
TMDA_APPROVED_PRODUCT_INFO,TMDA Approved Medicines Product Information,https://www.tmda.go.tz/index.php/pages/approved-product-information,AURODANZ 8,"Ondansetron Hydrochloride, 8, Film Coated Tablet",,,,Tablet,,,,https://www.tmda.go.tz/uploads/1708930260-T20H0476-SmPC.pdf,"AURODANZ 8 Ondansetron Hydrochloride, 8, Film Coated Tablet",SOURCE_LISTED,"Selected TMDA SmPC/TPAR listing, not the full registered medicines universe."
TMDA_APPROVED_PRODUCT_INFO,TMDA Approved Medicines Product Information,https://www.tmda.go.tz/index.php/pages/approved-product-information,AUROPODOX 40,Cefpodoxime Proxetil Powder for Oral Suspension of 40 mg/5 mL,,,40 mg/5 mL,Suspension,,,,https://www.tmda.go.tz/uploads/1657977435-T20H0651-SmPCV1.pdf,AUROPODOX 40 Cefpodoxime Proxetil Powder for Oral Suspension of 40 mg/5 mL,SOURCE_LISTED,"Selected TMDA SmPC/TPAR listing, not the full registered medicines universe."
TMDA_APPROVED_PRODUCT_INFO,TMDA Approved Medicines Product Information,https://www.tmda.go.tz/index.php/pages/approved-product-information,Auropram 20 Citalopram 20 mg Film Coated Tablets,Citalopram 20 mg Film Coated Tablets,,,20 mg,Tablets,,,,https://www.tmda.go.tz/uploads/1678167969-20-TMDA-WEB0020-HM-0504.pdf,Auropram 20 Citalopram 20 mg Film Coated Tablets Citalopram 20 mg Film Coated Tablets,SOURCE_LISTED,"Selected TMDA SmPC/TPAR listing, not the full registered medicines universe."
TMDA_APPROVED_PRODUCT_INFO,TMDA Approved Medicines Product Information,https://www.tmda.go.tz/index.php/pages/approved-product-information,Auropram 40 Citalopram 40 mg Film Coated Tablet,Citalopram 40 mg Film Coated Tablet,,,40 mg,Tablet,,,,https://www.tmda.go.tz/uploads/1678168050-19-TMDA-WEB0020-HM-0503.pdf,Auropram 40 Citalopram 40 mg Film Coated Tablet Citalopram 40 mg Film Coated Tablet,SOURCE_LISTED,"Selected TMDA SmPC/TPAR listing, not the full registered medicines universe."
TMDA_APPROVED_PRODUCT_INFO,TMDA Approved Medicines Product Information,https://www.tmda.go.tz/index.php/pages/approved-product-information,Aurotaz-P 4.5,"Tazobactam + Piperacillin, 4.5 g, Injection",,,4.5 g,Injection,,,,https://www.tmda.go.tz/uploads/1708930344-T19H0138SmPCv1.pdf,"Aurotaz-P 4.5 Tazobactam + Piperacillin, 4.5 g, Injection",SOURCE_LISTED,"Selected TMDA SmPC/TPAR listing, not the full registered medicines universe."
TMDA_APPROVED_PRODUCT_INFO,TMDA Approved Medicines Product Information,https://www.tmda.go.tz/index.php/pages/approved-product-information,Austfluzol,"Fluconazole, 150 mg, Tablets",,,150 mg,Tablets,,,,https://www.tmda.go.tz/uploads/1708930836-T18H0819SmPCv1.pdf,"Austfluzol Fluconazole, 150 mg, Tablets",SOURCE_LISTED,"Selected TMDA SmPC/TPAR listing, not the full registered medicines universe."
TMDA_APPROVED_PRODUCT_INFO,TMDA Approved Medicines Product Information,https://www.tmda.go.tz/index.php/pages/approved-product-information,Avansart,"Irbesartan, 300, Film Coated Tablet",,,,Tablet,,,,https://www.tmda.go.tz/uploads/1708930909-T18H0792SmPCV1.pdf,"Avansart Irbesartan, 300, Film Coated Tablet",SOURCE_LISTED,"Selected TMDA SmPC/TPAR listing, not the full registered medicines universe."
TMDA_APPROVED_PRODUCT_INFO,TMDA Approved Medicines Product Information,https://www.tmda.go.tz/index.php/pages/approved-product-information,Axa Aqua Water For Injection 10 ml Solvent For Parenteral Use,Water For Injection 10 ml Solvent For Parenteral Use,,,10 ml,Injection,,,,https://www.tmda.go.tz/uploads/1678193723-T20H0517SmPCv1.pdf,Axa Aqua Water For Injection 10 ml Solvent For Parenteral Use Water For Injection 10 ml Solvent For Parenteral Use,SOURCE_LISTED,"Selected TMDA SmPC/TPAR listing, not the full registered medicines universe."
TMDA_APPROVED_PRODUCT_INFO,TMDA Approved Medicines Product Information,https://www.tmda.go.tz/index.php/pages/approved-product-information,Axa-Levo Levofloxacin 100 mg Solution For Infusion,Levofloxacin 100 mg Solution For Infusion,,,100 mg,Solution,,,,https://www.tmda.go.tz/uploads/1678168139-25-TMDA-WEB0020-HM-0516.pdf,Axa-Levo Levofloxacin 100 mg Solution For Infusion Levofloxacin 100 mg Solution For Infusion,SOURCE_LISTED,"Selected TMDA SmPC/TPAR listing, not the full registered medicines universe."
TMDA_APPROVED_PRODUCT_INFO,TMDA Approved Medicines Product Information,https://www.tmda.go.tz/index.php/pages/approved-product-information,AXACIP,Ciprofloxacin Solution for Infusion 200mg/100 ml,,,200mg/100 ml,Solution,,,,https://www.tmda.go.tz/uploads/1657977524-T20H0524SmPCv1.pdf,AXACIP Ciprofloxacin Solution for Infusion 200mg/100 ml,SOURCE_LISTED,"Selected TMDA SmPC/TPAR listing, not the full registered medicines universe."
TMDA_APPROVED_PRODUCT_INFO,TMDA Approved Medicines Product Information,https://www.tmda.go.tz/index.php/pages/approved-product-information,Axadex D50 Glucose Anhydrous 50 mg Intravenous Infusion,Glucose Anhydrous 50 mg Intravenous Infusion,,,50 mg,,,,,https://www.tmda.go.tz/uploads/1678168311-4-TMDA-WEB0020-HM-0526.pdf,Axadex D50 Glucose Anhydrous 50 mg Intravenous Infusion Glucose Anhydrous 50 mg Intravenous Infusion,SOURCE_LISTED,"Selected TMDA SmPC/TPAR listing, not the full registered medicines universe."
TMDA_APPROVED_PRODUCT_INFO,TMDA Approved Medicines Product Information,https://www.tmda.go.tz/index.php/pages/approved-product-information,Axagyl Metronidazole 500 mg Solution For Infussion,Metronidazole 500 mg Solution For Infussion,,,500 mg,Solution,,,,https://www.tmda.go.tz/uploads/1678169367-T20H0525SmPCV1 3.pdf,Axagyl Metronidazole 500 mg Solution For Infussion Metronidazole 500 mg Solution For Infussion,SOURCE_LISTED,"Selected TMDA SmPC/TPAR listing, not the full registered medicines universe."
TMDA_APPROVED_PRODUCT_INFO,TMDA Approved Medicines Product Information,https://www.tmda.go.tz/index.php/pages/approved-product-information,Axaline-N Sodium Chloride 0.9% Nasal Drops,Sodium Chloride 0.9% Nasal Drops,,,,Drops,,,,https://www.tmda.go.tz/uploads/1678193791-T21H0372SmPCv1.pdf,Axaline-N Sodium Chloride 0.9% Nasal Drops Sodium Chloride 0.9% Nasal Drops,SOURCE_LISTED,"Selected TMDA SmPC/TPAR listing, not the full registered medicines universe."
TMDA_APPROVED_PRODUCT_INFO,TMDA Approved Medicines Product Information,https://www.tmda.go.tz/index.php/pages/approved-product-information,"Axylin Suspension Ampicillin Trihydrate And Cloxacillin Sodium 125 mg/5 ml Suspension, Oral","Ampicillin Trihydrate And Cloxacillin Sodium 125 mg/5 ml Suspension, Oral",,,125 mg/5 ml,Suspension,,,,https://www.tmda.go.tz/uploads/1678451220-T18H0636SmPCv1.pdf,"Axylin Suspension Ampicillin Trihydrate And Cloxacillin Sodium 125 mg/5 ml Suspension, Oral Ampicillin Trihydrate And Cloxacillin Sodium 125 mg/5 ml Suspension, Oral",SOURCE_LISTED,"Selected TMDA SmPC/TPAR listing, not the full registered medicines universe."
TMDA_APPROVED_PRODUCT_INFO,TMDA Approved Medicines Product Information,https://www.tmda.go.tz/index.php/pages/approved-product-information,Azito Suspension Azithromycin 200 mg/5 mL Dry Powder For Suspension,Azithromycin 200 mg/5 mL Dry Powder For Suspension,,,200 mg/5 mL,Powder for suspension,,,,https://www.tmda.go.tz/uploads/1678169477-T20H0370SmPCv1.pdf,Azito Suspension Azithromycin 200 mg/5 mL Dry Powder For Suspension Azithromycin 200 mg/5 mL Dry Powder For Suspension,SOURCE_LISTED,"Selected TMDA SmPC/TPAR listing, not the full registered medicines universe."
TMDA_APPROVED_PRODUCT_INFO,TMDA Approved Medicines Product Information,https://www.tmda.go.tz/index.php/pages/approved-product-information,Azunate (Artesunate Powder Of Injection) Artesunate 60 mg Powder For Solution For Injection,Artesunate 60 mg Powder For Solution For Injection,,,60 mg,Injection,,,,https://www.tmda.go.tz/uploads/1678169640-T19H0527SmPCv1.pdf,Azunate (Artesunate Powder Of Injection) Artesunate 60 mg Powder For Solution For Injection Artesunate 60 mg Powder For Solution For Injection,SOURCE_LISTED,"Selected TMDA SmPC/TPAR listing, not the full registered medicines universe."
TMDA_APPROVED_PRODUCT_INFO,TMDA Approved Medicines Product Information,https://www.tmda.go.tz/index.php/pages/approved-product-information,Bactigen Eye/ear Drops,"Gentamycin Sulphate, 0.3 %w/v, Ear/Eye Drops",,,0.3 %,Drops,,,,https://www.tmda.go.tz/uploads/1708931122-TZ19H0190SmPCv1.pdf,"Bactigen Eye/ear Drops Gentamycin Sulphate, 0.3 %w/v, Ear/Eye Drops",SOURCE_LISTED,"Selected TMDA SmPC/TPAR listing, not the full registered medicines universe."
TMDA_APPROVED_PRODUCT_INFO,TMDA Approved Medicines Product Information,https://www.tmda.go.tz/index.php/pages/approved-product-information,BDA Amlosive 5,"Amlodipine Besylate, 5 mg, Tablets",,,5 mg,Tablets,,,,https://www.tmda.go.tz/uploads/1708931247-T18H0820SmPCv1.pdf,"BDA Amlosive 5 Amlodipine Besylate, 5 mg, Tablets",SOURCE_LISTED,"Selected TMDA SmPC/TPAR listing, not the full registered medicines universe."
TMDA_APPROVED_PRODUCT_INFO,TMDA Approved Medicines Product Information,https://www.tmda.go.tz/index.php/pages/approved-product-information,BECLOGEN,"Beclomethasone + Clotrimazole + Gentamycin, 1+0.025+0.1+0.18+0.02 %, Cream",,,,Cream,,,,https://www.tmda.go.tz/uploads/1708931395-T0016H0473 SmPCv1.pdf,"BECLOGEN Beclomethasone + Clotrimazole + Gentamycin, 1+0.025+0.1+0.18+0.02 %, Cream",SOURCE_LISTED,"Selected TMDA SmPC/TPAR listing, not the full registered medicines universe."
TMDA_APPROVED_PRODUCT_INFO,TMDA Approved Medicines Product Information,https://www.tmda.go.tz/index.php/pages/approved-product-information,Bendamex-S Mebendazole 100 mg Oral Suspension,Mebendazole 100 mg Oral Suspension,,,100 mg,Suspension,,,,https://www.tmda.go.tz/uploads/1678169710-T21H0930SmPCV1.pdf,Bendamex-S Mebendazole 100 mg Oral Suspension Mebendazole 100 mg Oral Suspension,SOURCE_LISTED,"Selected TMDA SmPC/TPAR listing, not the full registered medicines universe."
TMDA_APPROVED_PRODUCT_INFO,TMDA Approved Medicines Product Information,https://www.tmda.go.tz/index.php/pages/approved-product-information,BEVAAS 100,"Bevacizumab, 100/4 mg/ml, Solution for injection",,,4 mg,Injection,,,,https://www.tmda.go.tz/uploads/1708931643-TZ19H0239SmPCv1.pdf,"BEVAAS 100 Bevacizumab, 100/4 mg/ml, Solution for injection",SOURCE_LISTED,"Selected TMDA SmPC/TPAR listing, not the full registered medicines universe."
TMDA_APPROVED_PRODUCT_INFO,TMDA Approved Medicines Product Information,https://www.tmda.go.tz/index.php/pages/approved-product-information,BEVAAS 400,"Bevacizumab, 400/16 mg/ml, Solution for injection",,,16 mg,Injection,,,,https://www.tmda.go.tz/uploads/1708931717-TZ19H0240SmPCv1.pdf,"BEVAAS 400 Bevacizumab, 400/16 mg/ml, Solution for injection",SOURCE_LISTED,"Selected TMDA SmPC/TPAR listing, not the full registered medicines universe."
TMDA_APPROVED_PRODUCT_INFO,TMDA Approved Medicines Product Information,https://www.tmda.go.tz/index.php/pages/approved-product-information,BEXITROL-F 25/125,Salmeterol Xinafoate + Fluticasone Propionate Aerosol Suspension inhaler of 25 µg + 125 µg,,,,Suspension,,,,https://www.tmda.go.tz/uploads/1657978036-T18H0678 - SmPCV1.pdf,BEXITROL-F 25/125 Salmeterol Xinafoate + Fluticasone Propionate Aerosol Suspension inhaler of 25 µg + 125 µg,SOURCE_LISTED,"Selected TMDA SmPC/TPAR listing, not the full registered medicines universe."
TMDA_APPROVED_PRODUCT_INFO,TMDA Approved Medicines Product Information,https://www.tmda.go.tz/index.php/pages/approved-product-information,Bi Preterax Perindopril+Indapamide 5/1.25 mg Film Coated Tablet,Perindopril+Indapamide 5/1.25 mg Film Coated Tablet,,,1.25 mg,Tablet,,,,https://www.tmda.go.tz/uploads/1678451355-T21H0688SmPCv1.pdf,Bi Preterax Perindopril+Indapamide 5/1.25 mg Film Coated Tablet Perindopril+Indapamide 5/1.25 mg Film Coated Tablet,SOURCE_LISTED,"Selected TMDA SmPC/TPAR listing, not the full registered medicines universe."
TMDA_APPROVED_PRODUCT_INFO,TMDA Approved Medicines Product Information,https://www.tmda.go.tz/index.php/pages/approved-product-information,Bimato Bimatoprost 0.3 mg Ophthalmic Solution,Bimatoprost 0.3 mg Ophthalmic Solution,,,0.3 mg,Solution,,,,https://www.tmda.go.tz/uploads/1678169917-T21H0342SmPCv1.pdf,Bimato Bimatoprost 0.3 mg Ophthalmic Solution Bimatoprost 0.3 mg Ophthalmic Solution,SOURCE_LISTED,"Selected TMDA SmPC/TPAR listing, not the full registered medicines universe."
TMDA_APPROVED_PRODUCT_INFO,TMDA Approved Medicines Product Information,https://www.tmda.go.tz/index.php/pages/approved-product-information,Binoven 75 Venlafaxine 75 mg/ 3 ml Tablet,Venlafaxine 75 mg/ 3 ml Tablet,,,75 mg/ 3 ml,Tablet,,,,https://www.tmda.go.tz/uploads/1678451508-T20H0070SmPCv1.pdf,Binoven 75 Venlafaxine 75 mg/ 3 ml Tablet Venlafaxine 75 mg/ 3 ml Tablet,SOURCE_LISTED,"Selected TMDA SmPC/TPAR listing, not the full registered medicines universe."
TMDA_APPROVED_PRODUCT_INFO,TMDA Approved Medicines Product Information,https://www.tmda.go.tz/index.php/pages/approved-product-information,Bisodac-HF,"Bisoprolol, 5 mg, Tablet, Film-coated",,,5 mg,Tablet,,,,https://www.tmda.go.tz/uploads/1708932582-T19H0320SmPCv1.pdf,"Bisodac-HF Bisoprolol, 5 mg, Tablet, Film-coated",SOURCE_LISTED,"Selected TMDA SmPC/TPAR listing, not the full registered medicines universe."
TMDA_APPROVED_PRODUCT_INFO,TMDA Approved Medicines Product Information,https://www.tmda.go.tz/index.php/pages/approved-product-information,Bisoprolol 10 mg Tablets,Bisoprolol 10 mg Tablets,,,10 mg,Tablets,,,,https://www.tmda.go.tz/uploads/files/Bisoprolol_10_mg_Tablets.pdf,Bisoprolol 10 mg Tablets Bisoprolol 10 mg Tablets,SOURCE_LISTED,"Selected TMDA SmPC/TPAR listing, not the full registered medicines universe."
TMDA_APPROVED_PRODUCT_INFO,TMDA Approved Medicines Product Information,https://www.tmda.go.tz/index.php/pages/approved-product-information,Bisoprolol 5 mg Tablets,Bisoprolol 5 mg Tablets,,,5 mg,Tablets,,,,https://www.tmda.go.tz/uploads/files/Bisoprolol_5_mg_Tablets.pdf,Bisoprolol 5 mg Tablets Bisoprolol 5 mg Tablets,SOURCE_LISTED,"Selected TMDA SmPC/TPAR listing, not the full registered medicines universe."
TMDA_APPROVED_PRODUCT_INFO,TMDA Approved Medicines Product Information,https://www.tmda.go.tz/index.php/pages/approved-product-information,Blemish Gel Adapalene 1/10 mg Gel,Adapalene 1/10 mg Gel,,,10 mg,Gel,,,,https://www.tmda.go.tz/uploads/1678169997-T19H0674SmPCv1.pdf,Blemish Gel Adapalene 1/10 mg Gel Adapalene 1/10 mg Gel,SOURCE_LISTED,"Selected TMDA SmPC/TPAR listing, not the full registered medicines universe."
TMDA_APPROVED_PRODUCT_INFO,TMDA Approved Medicines Product Information,https://www.tmda.go.tz/index.php/pages/approved-product-information,Bortebin,Bortezomib 3.5 mg powder for solution for injection,,,3.5 mg,Injection,,,,https://www.tmda.go.tz/uploads/1620043480-T20H0068SmPCv1.pdf,Bortebin Bortezomib 3.5 mg powder for solution for injection,SOURCE_LISTED,"Selected TMDA SmPC/TPAR listing, not the full registered medicines universe."
TMDA_APPROVED_PRODUCT_INFO,TMDA Approved Medicines Product Information,https://www.tmda.go.tz/index.php/pages/approved-product-information,Bortepan 3.5 Bortezomib 3.5 mg Injection,Bortezomib 3.5 mg Injection,,,3.5 mg,Injection,,,,https://www.tmda.go.tz/uploads/1678170123-T20H0048SmPCv1.pdf,Bortepan 3.5 Bortezomib 3.5 mg Injection Bortezomib 3.5 mg Injection,SOURCE_LISTED,"Selected TMDA SmPC/TPAR listing, not the full registered medicines universe."
TMDA_APPROVED_PRODUCT_INFO,TMDA Approved Medicines Product Information,https://www.tmda.go.tz/index.php/pages/approved-product-information,Brumox-250 Amoxicillin 250 mg Capsules,Amoxicillin 250 mg Capsules,,,250 mg,Capsules,,,,https://www.tmda.go.tz/uploads/1678194374-T20H0223SmPCv1.pdf,Brumox-250 Amoxicillin 250 mg Capsules Amoxicillin 250 mg Capsules,SOURCE_LISTED,"Selected TMDA SmPC/TPAR listing, not the full registered medicines universe."
TMDA_APPROVED_PRODUCT_INFO,TMDA Approved Medicines Product Information,https://www.tmda.go.tz/index.php/pages/approved-product-information,Bupilin Bupivacaine Hydrochloride 0.5% w/v Injection,Bupivacaine Hydrochloride 0.5% w/v Injection,,,,Injection,,,,https://www.tmda.go.tz/uploads/1678194446-T21H0044SmPCv1.pdf,Bupilin Bupivacaine Hydrochloride 0.5% w/v Injection Bupivacaine Hydrochloride 0.5% w/v Injection,SOURCE_LISTED,"Selected TMDA SmPC/TPAR listing, not the full registered medicines universe."
TMDA_APPROVED_PRODUCT_INFO,TMDA Approved Medicines Product Information,https://www.tmda.go.tz/index.php/pages/approved-product-information,BUPILIN HEAVY,", 5 mg/ml, Solution for injection",,,5 mg,Injection,,,,https://www.tmda.go.tz/uploads/1708932647-TZ19H0202SmPCv1.pdf,"BUPILIN HEAVY , 5 mg/ml, Solution for injection",SOURCE_LISTED,"Selected TMDA SmPC/TPAR listing, not the full registered medicines universe."
TMDA_APPROVED_PRODUCT_INFO,TMDA Approved Medicines Product Information,https://www.tmda.go.tz/index.php/pages/approved-product-information,Cachcet Cetrizine 5/5 mg/ml Syrup,Cetrizine 5/5 mg/ml Syrup,,,5 mg,Syrup,,,,https://www.tmda.go.tz/uploads/1678194551-T19H0350SmPCv0.pdf,Cachcet Cetrizine 5/5 mg/ml Syrup Cetrizine 5/5 mg/ml Syrup,SOURCE_LISTED,"Selected TMDA SmPC/TPAR listing, not the full registered medicines universe."
TMDA_APPROVED_PRODUCT_INFO,TMDA Approved Medicines Product Information,https://www.tmda.go.tz/index.php/pages/approved-product-information,CACHEWORM,Mebendazole Oral Suspension of 100 mg/5mL,,,100 mg/5mL,Suspension,,,,https://www.tmda.go.tz/uploads/1657978380-T19H0773SmPCV1.pdf,CACHEWORM Mebendazole Oral Suspension of 100 mg/5mL,SOURCE_LISTED,"Selected TMDA SmPC/TPAR listing, not the full registered medicines universe."
TMDA_APPROVED_PRODUCT_INFO,TMDA Approved Medicines Product Information,https://www.tmda.go.tz/index.php/pages/approved-product-information,CACHEWORM,Mebendazole Uncoated tablet of 100 mg,,,100 mg,Tablet,,,,https://www.tmda.go.tz/uploads/1657978472-T19H0774-SmpcV1.pdf,CACHEWORM Mebendazole Uncoated tablet of 100 mg,SOURCE_LISTED,"Selected TMDA SmPC/TPAR listing, not the full registered medicines universe."
TMDA_APPROVED_PRODUCT_INFO,TMDA Approved Medicines Product Information,https://www.tmda.go.tz/index.php/pages/approved-product-information,Calcium Carbonate Calcium Carbonate 1250 mg Tablets,Calcium Carbonate 1250 mg Tablets,,,1250 mg,Tablets,,,,https://www.tmda.go.tz/uploads/1678170327-T17H0055-SmPCv1.pdf,Calcium Carbonate Calcium Carbonate 1250 mg Tablets Calcium Carbonate 1250 mg Tablets,SOURCE_LISTED,"Selected TMDA SmPC/TPAR listing, not the full registered medicines universe."
TMDA_APPROVED_PRODUCT_INFO,TMDA Approved Medicines Product Information,https://www.tmda.go.tz/index.php/pages/approved-product-information,Calcium folinate,Calcium folinate 50 mg/5 mL solution for injection,,,50 mg/5 mL,Injection,,,,https://www.tmda.go.tz/uploads/1620041269-T19H0737SmPCv1.pdf,Calcium folinate Calcium folinate 50 mg/5 mL solution for injection,SOURCE_LISTED,"Selected TMDA SmPC/TPAR listing, not the full registered medicines universe."
TMDA_APPROVED_PRODUCT_INFO,TMDA Approved Medicines Product Information,https://www.tmda.go.tz/index.php/pages/approved-product-information,Candivor,Voriconazole 200 mg/vial injection,,,200 mg,Injection,,,,https://www.tmda.go.tz/uploads/1619780032-T18H0197SmPCv1.pdf,Candivor Voriconazole 200 mg/vial injection,SOURCE_LISTED,"Selected TMDA SmPC/TPAR listing, not the full registered medicines universe."
TMDA_APPROVED_PRODUCT_INFO,TMDA Approved Medicines Product Information,https://www.tmda.go.tz/index.php/pages/approved-product-information,canhera,"Trastuzumab, 150, Powder for Injection",,,,Powder for injection,,,,https://www.tmda.go.tz/uploads/1708938237-T19H0057SmPCV1.pdf,"canhera Trastuzumab, 150, Powder for Injection",SOURCE_LISTED,"Selected TMDA SmPC/TPAR listing, not the full registered medicines universe."
TMDA_APPROVED_PRODUCT_INFO,TMDA Approved Medicines Product Information,https://www.tmda.go.tz/index.php/pages/approved-product-information,Carboplatin,"Carboplatin, 450, Solution for injection",,,,Injection,,,,https://www.tmda.go.tz/uploads/1708940570-T19H0677-SmPC.pdf,"Carboplatin Carboplatin, 450, Solution for injection",SOURCE_LISTED,"Selected TMDA SmPC/TPAR listing, not the full registered medicines universe."
TMDA_APPROVED_PRODUCT_INFO,TMDA Approved Medicines Product Information,https://www.tmda.go.tz/index.php/pages/approved-product-information,Carboplatin 150Mg/15 Ml Carboplatin 150mg/15ml Solution For Injection/Concentrate For Solution For Infusion,Carboplatin 150mg/15ml Solution For Injection/Concentrate For Solution For Infusion,,,150mg/15ml,Injection,,,,https://www.tmda.go.tz/uploads/1678170674-T21H0933SmPCV1.pdf,Carboplatin 150Mg/15 Ml Carboplatin 150mg/15ml Solution For Injection/Concentrate For Solution For Infusion Carboplatin 150mg/15ml Solution For Injection/Concentrate For Solution For Infusion,SOURCE_LISTED,"Selected TMDA SmPC/TPAR listing, not the full registered medicines universe."
TMDA_APPROVED_PRODUCT_INFO,TMDA Approved Medicines Product Information,https://www.tmda.go.tz/index.php/pages/approved-product-information,Carboplatin 450Mg/45Ml Carboplatin 450/45 mg/ml Solution For Injection/Concentrate For Solution For Infusion,Carboplatin 450/45 mg/ml Solution For Injection/Concentrate For Solution For Infusion,,,45 mg,Injection,,,,https://www.tmda.go.tz/uploads/1678170768-T21H0932SmPCV1.pdf,Carboplatin 450Mg/45Ml Carboplatin 450/45 mg/ml Solution For Injection/Concentrate For Solution For Infusion Carboplatin 450/45 mg/ml Solution For Injection/Concentrate For Solution For Infusion,SOURCE_LISTED,"Selected TMDA SmPC/TPAR listing, not the full registered medicines universe."
TMDA_APPROVED_PRODUCT_INFO,TMDA Approved Medicines Product Information,https://www.tmda.go.tz/index.php/pages/approved-product-information,Cardiolek - 320,Iodixanol Solution for Injection 320mg,,,320mg,Injection,,,,https://www.tmda.go.tz/uploads/1657978564-T18H0444SmPCv1.pdf,Cardiolek - 320 Iodixanol Solution for Injection 320mg,SOURCE_LISTED,"Selected TMDA SmPC/TPAR listing, not the full registered medicines universe."
TMDA_APPROVED_PRODUCT_INFO,TMDA Approved Medicines Product Information,https://www.tmda.go.tz/index.php/pages/approved-product-information,Cardisar HT 160/12.5,"Valsartan + Hydrochlorothiazide, 160 + 12.5 mg, Tablets",,,12.5 mg,Tablets,,,,https://www.tmda.go.tz/uploads/1708940814-TZ19H0205SmPCv1.pdf,"Cardisar HT 160/12.5 Valsartan + Hydrochlorothiazide, 160 + 12.5 mg, Tablets",SOURCE_LISTED,"Selected TMDA SmPC/TPAR listing, not the full registered medicines universe."
TMDA_APPROVED_PRODUCT_INFO,TMDA Approved Medicines Product Information,https://www.tmda.go.tz/index.php/pages/approved-product-information,Cardisar HT 160/25,"Valsartan + Hydrochlorothiazide, 160 + 25 mg, Tablets",,,25 mg,Tablets,,,,https://www.tmda.go.tz/uploads/1708940709-TZ19H0206SmPCv1.pdf,"Cardisar HT 160/25 Valsartan + Hydrochlorothiazide, 160 + 25 mg, Tablets",SOURCE_LISTED,"Selected TMDA SmPC/TPAR listing, not the full registered medicines universe."
TMDA_APPROVED_PRODUCT_INFO,TMDA Approved Medicines Product Information,https://www.tmda.go.tz/index.php/pages/approved-product-information,Cardisar HT 80/12.5,"Valsartan + Hydrochlorothiazide, 80 + 12.5 mg, Tablets",,,12.5 mg,Tablets,,,,https://www.tmda.go.tz/uploads/1708940637-TZ19H0207SmPCv1.pdf,"Cardisar HT 80/12.5 Valsartan + Hydrochlorothiazide, 80 + 12.5 mg, Tablets",SOURCE_LISTED,"Selected TMDA SmPC/TPAR listing, not the full registered medicines universe."
TMDA_APPROVED_PRODUCT_INFO,TMDA Approved Medicines Product Information,https://www.tmda.go.tz/index.php/pages/approved-product-information,Carfilnat,Carfilzomib 60 mg/vial lyophilized powder for injection,,,60 mg,Powder for injection,,,,https://www.tmda.go.tz/uploads/1620043443-T20H0063SmPCv1.pdf,Carfilnat Carfilzomib 60 mg/vial lyophilized powder for injection,SOURCE_LISTED,"Selected TMDA SmPC/TPAR listing, not the full registered medicines universe."
TMDA_APPROVED_PRODUCT_INFO,TMDA Approved Medicines Product Information,https://www.tmda.go.tz/index.php/pages/approved-product-information,CARFILNAT,Carfilozimab Lyophilized powder for injection each 1 ml contains 2mg of Carfilozimab,,,1 ml + 2mg,Powder for injection,,,,https://www.tmda.go.tz/uploads/1657978728-T20H0063SmPcv0.1.pdf,CARFILNAT Carfilozimab Lyophilized powder for injection each 1 ml contains 2mg of Carfilozimab,SOURCE_LISTED,"Selected TMDA SmPC/TPAR listing, not the full registered medicines universe."
TMDA_APPROVED_PRODUCT_INFO,TMDA Approved Medicines Product Information,https://www.tmda.go.tz/index.php/pages/approved-product-information,Cdtel-H Telmisartan 40 + 12.5 mg Tablets,Telmisartan 40 + 12.5 mg Tablets,,,12.5 mg,Tablets,,,,https://www.tmda.go.tz/uploads/1678194717-T17H0162SmPCv0.pdf,Cdtel-H Telmisartan 40 + 12.5 mg Tablets Telmisartan 40 + 12.5 mg Tablets,SOURCE_LISTED,"Selected TMDA SmPC/TPAR listing, not the full registered medicines universe."
TMDA_APPROVED_PRODUCT_INFO,TMDA Approved Medicines Product Information,https://www.tmda.go.tz/index.php/pages/approved-product-information,CEFRIM 500,"Cefuroxime Axetil, 500 mg, Film Coated Tablet",,,500 mg,Tablet,,,,https://www.tmda.go.tz/uploads/1708941220-TZ19H0195SmPCv1.pdf,"CEFRIM 500 Cefuroxime Axetil, 500 mg, Film Coated Tablet",SOURCE_LISTED,"Selected TMDA SmPC/TPAR listing, not the full registered medicines universe."
TMDA_APPROVED_PRODUCT_INFO,TMDA Approved Medicines Product Information,https://www.tmda.go.tz/index.php/pages/approved-product-information,Ceftazidime pentahydrate,"Ceftazidime Pentahydrate, 1 g, Powder and solvent for solution for injection",,,1 g,Injection,,,,https://www.tmda.go.tz/uploads/1708941382-T18H0018 SmPCv1.pdf,"Ceftazidime pentahydrate Ceftazidime Pentahydrate, 1 g, Powder and solvent for solution for injection",SOURCE_LISTED,"Selected TMDA SmPC/TPAR listing, not the full registered medicines universe."
TMDA_APPROVED_PRODUCT_INFO,TMDA Approved Medicines Product Information,https://www.tmda.go.tz/index.php/pages/approved-product-information,Ceftrisone-1000 Ceftriaxone Sodium 1000 mg Powder For Injection,Ceftriaxone Sodium 1000 mg Powder For Injection,,,1000 mg,Powder for injection,,,,https://www.tmda.go.tz/uploads/1678170837-T21H0110SmPCV1.pdf,Ceftrisone-1000 Ceftriaxone Sodium 1000 mg Powder For Injection Ceftriaxone Sodium 1000 mg Powder For Injection,SOURCE_LISTED,"Selected TMDA SmPC/TPAR listing, not the full registered medicines universe."
TMDA_APPROVED_PRODUCT_INFO,TMDA Approved Medicines Product Information,https://www.tmda.go.tz/index.php/pages/approved-product-information,CEPHAXIM,Cefalexin Monohydrate Hard gelatin capsules 250 mg,,,250 mg,Capsules,,,,https://www.tmda.go.tz/uploads/1657979972-5_T20H0175E1-Smpc-Approved.pdf,CEPHAXIM Cefalexin Monohydrate Hard gelatin capsules 250 mg,SOURCE_LISTED,"Selected TMDA SmPC/TPAR listing, not the full registered medicines universe."
TMDA_APPROVED_PRODUCT_INFO,TMDA Approved Medicines Product Information,https://www.tmda.go.tz/index.php/pages/approved-product-information,Cetafor,Ceftriaxone 500 mg powder for injection,,,500 mg,Powder for injection,,,,https://www.tmda.go.tz/uploads/1620115645-T17H0040SmPCv1.pdf,Cetafor Ceftriaxone 500 mg powder for injection,SOURCE_LISTED,"Selected TMDA SmPC/TPAR listing, not the full registered medicines universe."
TMDA_APPROVED_PRODUCT_INFO,TMDA Approved Medicines Product Information,https://www.tmda.go.tz/index.php/pages/approved-product-information,Cetafor,Ceftriaxone 1000 mg powder for injection,,,1000 mg,Powder for injection,,,,https://www.tmda.go.tz/uploads/1620042261-T19H0799SmPCv1.pdf,Cetafor Ceftriaxone 1000 mg powder for injection,SOURCE_LISTED,"Selected TMDA SmPC/TPAR listing, not the full registered medicines universe."
TMDA_APPROVED_PRODUCT_INFO,TMDA Approved Medicines Product Information,https://www.tmda.go.tz/index.php/pages/approved-product-information,Chaleate Chlorphenamine Maleate 4 mg Tablets,Chlorphenamine Maleate 4 mg Tablets,,,4 mg,Tablets,,,,https://www.tmda.go.tz/uploads/1678451700-T18H0773SmPCv1.pdf,Chaleate Chlorphenamine Maleate 4 mg Tablets Chlorphenamine Maleate 4 mg Tablets,SOURCE_LISTED,"Selected TMDA SmPC/TPAR listing, not the full registered medicines universe."
TMDA_APPROVED_PRODUCT_INFO,TMDA Approved Medicines Product Information,https://www.tmda.go.tz/index.php/pages/approved-product-information,Chlorphenamine,Chlorphenamine 5 mg tablets,,,5 mg,Tablets,,,,https://www.tmda.go.tz/uploads/1620043950-T20H0280SmPCv1.pdf,Chlorphenamine Chlorphenamine 5 mg tablets,SOURCE_LISTED,"Selected TMDA SmPC/TPAR listing, not the full registered medicines universe."
TMDA_APPROVED_PRODUCT_INFO,TMDA Approved Medicines Product Information,https://www.tmda.go.tz/index.php/pages/approved-product-information,Chlozine Tablets Chlorpromazine Hydrochloride Bp 100 mg Film Coated Tablet,Chlorpromazine Hydrochloride Bp 100 mg Film Coated Tablet,,,100 mg,Tablet,,,,https://www.tmda.go.tz/uploads/1678170963-T20H0233SmPCv1.pdf,Chlozine Tablets Chlorpromazine Hydrochloride Bp 100 mg Film Coated Tablet Chlorpromazine Hydrochloride Bp 100 mg Film Coated Tablet,SOURCE_LISTED,"Selected TMDA SmPC/TPAR listing, not the full registered medicines universe."
TMDA_APPROVED_PRODUCT_INFO,TMDA Approved Medicines Product Information,https://www.tmda.go.tz/index.php/pages/approved-product-information,Cholvat Atorvastatin Calcium 20 mg Film Coated Tablet,Atorvastatin Calcium 20 mg Film Coated Tablet,,,20 mg,Tablet,,,,https://www.tmda.go.tz/uploads/1678451764-T21H0403SmPCV1 2.pdf,Cholvat Atorvastatin Calcium 20 mg Film Coated Tablet Atorvastatin Calcium 20 mg Film Coated Tablet,SOURCE_LISTED,"Selected TMDA SmPC/TPAR listing, not the full registered medicines universe."
TMDA_APPROVED_PRODUCT_INFO,TMDA Approved Medicines Product Information,https://www.tmda.go.tz/index.php/pages/approved-product-information,Cholvat Atorvastatin Calcium 40 mg Film Coated Tablet,Atorvastatin Calcium 40 mg Film Coated Tablet,,,40 mg,Tablet,,,,https://www.tmda.go.tz/uploads/1678451840-T21H0402SmPCV1 2.pdf,Cholvat Atorvastatin Calcium 40 mg Film Coated Tablet Atorvastatin Calcium 40 mg Film Coated Tablet,SOURCE_LISTED,"Selected TMDA SmPC/TPAR listing, not the full registered medicines universe."
TMDA_APPROVED_PRODUCT_INFO,TMDA Approved Medicines Product Information,https://www.tmda.go.tz/index.php/pages/approved-product-information,Cipladon,"paracetamol, 1000 mg, Effeverscent Granules",,,1000 mg,,,,,https://www.tmda.go.tz/uploads/1708941691-TZ19H0217SmPCv1.pdf,"Cipladon paracetamol, 1000 mg, Effeverscent Granules",SOURCE_LISTED,"Selected TMDA SmPC/TPAR listing, not the full registered medicines universe."
TMDA_APPROVED_PRODUCT_INFO,TMDA Approved Medicines Product Information,https://www.tmda.go.tz/index.php/pages/approved-product-information,CIPROBID 500,Ciprofloxacin Hydrochloride Film coated Tablets 500 mg,,,500 mg,Tablets,,,,https://www.tmda.go.tz/uploads/1657980197-T19HM0552SmPCv1..pdf,CIPROBID 500 Ciprofloxacin Hydrochloride Film coated Tablets 500 mg,SOURCE_LISTED,"Selected TMDA SmPC/TPAR listing, not the full registered medicines universe."
TMDA_APPROVED_PRODUCT_INFO,TMDA Approved Medicines Product Information,https://www.tmda.go.tz/index.php/pages/approved-product-information,Ciprofloxacin Ciprofloxacin Hydrochloride 500 mg Tablets,Ciprofloxacin Hydrochloride 500 mg Tablets,,,500 mg,Tablets,,,,https://www.tmda.go.tz/uploads/1678451901-T20H0583SmPCv1.pdf,Ciprofloxacin Ciprofloxacin Hydrochloride 500 mg Tablets Ciprofloxacin Hydrochloride 500 mg Tablets,SOURCE_LISTED,"Selected TMDA SmPC/TPAR listing, not the full registered medicines universe."
TMDA_APPROVED_PRODUCT_INFO,TMDA Approved Medicines Product Information,https://www.tmda.go.tz/index.php/pages/approved-product-information,Cisteen Injection,Cisplatin Solution for Injection 50mg/50ml,,,50mg/50ml,Injection,,,,https://www.tmda.go.tz/uploads/1657980338-3_T17H0526E2-Approved.pdf,Cisteen Injection Cisplatin Solution for Injection 50mg/50ml,SOURCE_LISTED,"Selected TMDA SmPC/TPAR listing, not the full registered medicines universe."
TMDA_APPROVED_PRODUCT_INFO,TMDA Approved Medicines Product Information,https://www.tmda.go.tz/index.php/pages/approved-product-information,Clariscan Gadoteric Acid 279.3 mg/0.5 mmol Solution For Injection,Gadoteric Acid 279.3 mg/0.5 mmol Solution For Injection,,,279.3 mg,Injection,,,,https://www.tmda.go.tz/uploads/1678171055-T21H0086SmPCv1.pdf,Clariscan Gadoteric Acid 279.3 mg/0.5 mmol Solution For Injection Gadoteric Acid 279.3 mg/0.5 mmol Solution For Injection,SOURCE_LISTED,"Selected TMDA SmPC/TPAR listing, not the full registered medicines universe."
TMDA_APPROVED_PRODUCT_INFO,TMDA Approved Medicines Product Information,https://www.tmda.go.tz/index.php/pages/approved-product-information,Clariscan Solution For Injection Gadoteric Acid 279.3 mg Solution For Injection,Gadoteric Acid 279.3 mg Solution For Injection,,,279.3 mg,Injection,,,,https://www.tmda.go.tz/uploads/1678171975-T19HB0728SmPCv1.pdf,Clariscan Solution For Injection Gadoteric Acid 279.3 mg Solution For Injection Gadoteric Acid 279.3 mg Solution For Injection,SOURCE_LISTED,"Selected TMDA SmPC/TPAR listing, not the full registered medicines universe."
TMDA_APPROVED_PRODUCT_INFO,TMDA Approved Medicines Product Information,https://www.tmda.go.tz/index.php/pages/approved-product-information,CLAVIX - 75,"Clopidogrel Bisulphate, 75 mg, Tablet, Film-coated",,,75 mg,Tablet,,,,https://www.tmda.go.tz/uploads/1708941789-TZ19H0268SmPCv1.pdf,"CLAVIX - 75 Clopidogrel Bisulphate, 75 mg, Tablet, Film-coated",SOURCE_LISTED,"Selected TMDA SmPC/TPAR listing, not the full registered medicines universe."
TMDA_APPROVED_PRODUCT_INFO,TMDA Approved Medicines Product Information,https://www.tmda.go.tz/index.php/pages/approved-product-information,"Clindarex Clindamycin 100/200 mg Capsules, Soft","Clindamycin 100/200 mg Capsules, Soft",,,200 mg,Capsules,,,,https://www.tmda.go.tz/uploads/1678172042-T18H0539SmPCv1.pdf,"Clindarex Clindamycin 100/200 mg Capsules, Soft Clindamycin 100/200 mg Capsules, Soft",SOURCE_LISTED,"Selected TMDA SmPC/TPAR listing, not the full registered medicines universe."
TMDA_APPROVED_PRODUCT_INFO,TMDA Approved Medicines Product Information,https://www.tmda.go.tz/index.php/pages/approved-product-information,Clofazimine Tablets 100 Mg Clofazimine 100 mg Film Coated Tablet,Clofazimine 100 mg Film Coated Tablet,,,100 mg,Tablet,,,,https://www.tmda.go.tz/uploads/1678451998-T22H0181SmPcV1.pdf,Clofazimine Tablets 100 Mg Clofazimine 100 mg Film Coated Tablet Clofazimine 100 mg Film Coated Tablet,SOURCE_LISTED,"Selected TMDA SmPC/TPAR listing, not the full registered medicines universe."
TMDA_APPROVED_PRODUCT_INFO,TMDA Approved Medicines Product Information,https://www.tmda.go.tz/index.php/pages/approved-product-information,Clopi 75 Clopidogrel 75 mg Oral Tablet,Clopidogrel 75 mg Oral Tablet,,,75 mg,Tablet,,,,https://www.tmda.go.tz/uploads/1678175352-T21H0021SmPCv1.pdf,Clopi 75 Clopidogrel 75 mg Oral Tablet Clopidogrel 75 mg Oral Tablet,SOURCE_LISTED,"Selected TMDA SmPC/TPAR listing, not the full registered medicines universe."
TMDA_APPROVED_PRODUCT_INFO,TMDA Approved Medicines Product Information,https://www.tmda.go.tz/index.php/pages/approved-product-information,Clopiplav,"Clopidogrel Bisulfate, 75 mg, Tablet, Film-coated",,,75 mg,Tablet,,,,https://www.tmda.go.tz/uploads/1708941874-TZ19H0246SmPCv1.pdf,"Clopiplav Clopidogrel Bisulfate, 75 mg, Tablet, Film-coated",SOURCE_LISTED,"Selected TMDA SmPC/TPAR listing, not the full registered medicines universe."
TMDA_APPROVED_PRODUCT_INFO,TMDA Approved Medicines Product Information,https://www.tmda.go.tz/index.php/pages/approved-product-information,Clotrilin Clotrimazole 1% Cream,Clotrimazole 1% Cream,,,,Cream,,,,https://www.tmda.go.tz/uploads/1678194777-T20H0545SmPCv1.pdf,Clotrilin Clotrimazole 1% Cream Clotrimazole 1% Cream,SOURCE_LISTED,"Selected TMDA SmPC/TPAR listing, not the full registered medicines universe."
TMDA_APPROVED_PRODUCT_INFO,TMDA Approved Medicines Product Information,https://www.tmda.go.tz/index.php/pages/approved-product-information,Clotrilin Clotrimazole 100 mg Vaginal Tablets,Clotrimazole 100 mg Vaginal Tablets,,,100 mg,Tablets,,,,https://www.tmda.go.tz/uploads/1678175430-T20H0655SmPCv1.pdf,Clotrilin Clotrimazole 100 mg Vaginal Tablets Clotrimazole 100 mg Vaginal Tablets,SOURCE_LISTED,"Selected TMDA SmPC/TPAR listing, not the full registered medicines universe."
TMDA_APPROVED_PRODUCT_INFO,TMDA Approved Medicines Product Information,https://www.tmda.go.tz/index.php/pages/approved-product-information,Clotripin,Clotrimazole 1% w/w cream,,,,Cream,,,,https://www.tmda.go.tz/uploads/1620044158-T20H0492SmPCv1.pdf,Clotripin Clotrimazole 1% w/w cream,SOURCE_LISTED,"Selected TMDA SmPC/TPAR listing, not the full registered medicines universe."
TMDA_APPROVED_PRODUCT_INFO,TMDA Approved Medicines Product Information,https://www.tmda.go.tz/index.php/pages/approved-product-information,Co-Anginet 80/12.5 Valsartan + Hydrochlorothiazide 80/12.5 mg Tablets,Valsartan + Hydrochlorothiazide 80/12.5 mg Tablets,,,12.5 mg,Tablets,,,,https://www.tmda.go.tz/uploads/1678194832-T17H0628SmPCv1.pdf,Co-Anginet 80/12.5 Valsartan + Hydrochlorothiazide 80/12.5 mg Tablets Valsartan + Hydrochlorothiazide 80/12.5 mg Tablets,SOURCE_LISTED,"Selected TMDA SmPC/TPAR listing, not the full registered medicines universe."
TMDA_APPROVED_PRODUCT_INFO,TMDA Approved Medicines Product Information,https://www.tmda.go.tz/index.php/pages/approved-product-information,Co-Artesiane Artemether + Lumefantrine 3mg/ml + 18mg/ml Powder For Oral Suspension,Artemether + Lumefantrine 3mg/ml + 18mg/ml Powder For Oral Suspension,,,3mg + 18mg,Suspension,,,,https://www.tmda.go.tz/uploads/1678175504-T20H0485SmPCv1.pdf,Co-Artesiane Artemether + Lumefantrine 3mg/ml + 18mg/ml Powder For Oral Suspension Artemether + Lumefantrine 3mg/ml + 18mg/ml Powder For Oral Suspension,SOURCE_LISTED,"Selected TMDA SmPC/TPAR listing, not the full registered medicines universe."
TMDA_APPROVED_PRODUCT_INFO,TMDA Approved Medicines Product Information,https://www.tmda.go.tz/index.php/pages/approved-product-information,"Coldril Paracetamol+Chlorpheniramine+Phenylephrine Hydrochloride +Levomenthol 500 + 30 + 20 mg Capsules, Hard","Paracetamol+Chlorpheniramine+Phenylephrine Hydrochloride +Levomenthol 500 + 30 + 20 mg Capsules, Hard",,,20 mg,Capsules,,,,https://www.tmda.go.tz/uploads/1678175571-T21H0052SmPCv1.pdf,"Coldril Paracetamol+Chlorpheniramine+Phenylephrine Hydrochloride +Levomenthol 500 + 30 + 20 mg Capsules, Hard Paracetamol+Chlorpheniramine+Phenylephrine Hydrochloride +Levomenthol 500 + 30 + 20 mg Capsules, Hard",SOURCE_LISTED,"Selected TMDA SmPC/TPAR listing, not the full registered medicines universe."
TMDA_APPROVED_PRODUCT_INFO,TMDA Approved Medicines Product Information,https://www.tmda.go.tz/index.php/pages/approved-product-information,"Combisar 10/160 Amlodipine And Valsartan 10MG/160 mg Tablet, Film-Coated","Amlodipine And Valsartan 10MG/160 mg Tablet, Film-Coated",,,10MG/160 mg,Tablet,,,,https://www.tmda.go.tz/uploads/1678353549-T19H0876SmPCv1.pdf,"Combisar 10/160 Amlodipine And Valsartan 10MG/160 mg Tablet, Film-Coated Amlodipine And Valsartan 10MG/160 mg Tablet, Film-Coated",SOURCE_LISTED,"Selected TMDA SmPC/TPAR listing, not the full registered medicines universe."
TMDA_APPROVED_PRODUCT_INFO,TMDA Approved Medicines Product Information,https://www.tmda.go.tz/index.php/pages/approved-product-information,Combisar 5/160 Amlodipine And Valsartan 5/160 mg/mg Film Coated Tablet,Amlodipine And Valsartan 5/160 mg/mg Film Coated Tablet,,,160 mg,Tablet,,,,https://www.tmda.go.tz/uploads/1678452048-T19H0877SmPCv1.pdf,Combisar 5/160 Amlodipine And Valsartan 5/160 mg/mg Film Coated Tablet Amlodipine And Valsartan 5/160 mg/mg Film Coated Tablet,SOURCE_LISTED,"Selected TMDA SmPC/TPAR listing, not the full registered medicines universe."
TMDA_APPROVED_PRODUCT_INFO,TMDA Approved Medicines Product Information,https://www.tmda.go.tz/index.php/pages/approved-product-information,Corolor Ticagrelor 90 mg Tablets,Ticagrelor 90 mg Tablets,,,90 mg,Tablets,,,,https://www.tmda.go.tz/uploads/1678175637-T20H0147SmPCv1.pdf,Corolor Ticagrelor 90 mg Tablets Ticagrelor 90 mg Tablets,SOURCE_LISTED,"Selected TMDA SmPC/TPAR listing, not the full registered medicines universe."
TMDA_APPROVED_PRODUCT_INFO,TMDA Approved Medicines Product Information,https://www.tmda.go.tz/index.php/pages/approved-product-information,Cotrikant - 960 Sulfamethazine + Trimethoprim 960 mg Tablets,Sulfamethazine + Trimethoprim 960 mg Tablets,,,960 mg,Tablets,,,,https://www.tmda.go.tz/uploads/1678195215-T14H0252SmPCv1.pdf,Cotrikant - 960 Sulfamethazine + Trimethoprim 960 mg Tablets Sulfamethazine + Trimethoprim 960 mg Tablets,SOURCE_LISTED,"Selected TMDA SmPC/TPAR listing, not the full registered medicines universe."
TMDA_APPROVED_PRODUCT_INFO,TMDA Approved Medicines Product Information,https://www.tmda.go.tz/index.php/pages/approved-product-information,Coveram 10Mg/5Mg Tablet *Perindopril 10Mg And Amlodipine 5Mg Tablet 10+ 5mg Oral Tablet,*Perindopril 10Mg And Amlodipine 5Mg Tablet 10+ 5mg Oral Tablet,,,10Mg + 5Mg + 5mg,Tablet,,,,https://www.tmda.go.tz/uploads/1678175817-T21H0841SmPCV1.pdf,Coveram 10Mg/5Mg Tablet *Perindopril 10Mg And Amlodipine 5Mg Tablet 10+ 5mg Oral Tablet *Perindopril 10Mg And Amlodipine 5Mg Tablet 10+ 5mg Oral Tablet,SOURCE_LISTED,"Selected TMDA SmPC/TPAR listing, not the full registered medicines universe."
TMDA_APPROVED_PRODUCT_INFO,TMDA Approved Medicines Product Information,https://www.tmda.go.tz/index.php/pages/approved-product-information,COVERSYL,"Perindopril, 10 mg, Tablets",,,10 mg,Tablets,,,,https://www.tmda.go.tz/uploads/1708941926-T18H0633SmPCV1.pdf,"COVERSYL Perindopril, 10 mg, Tablets",SOURCE_LISTED,"Selected TMDA SmPC/TPAR listing, not the full registered medicines universe."
TMDA_APPROVED_PRODUCT_INFO,TMDA Approved Medicines Product Information,https://www.tmda.go.tz/index.php/pages/approved-product-information,Crestor,Crestor 5 mg film-coated tablets,,,5 mg,Tablets,,,,https://www.tmda.go.tz/uploads/1717144969-TFDA09-HM-0325SmPC_Accepted.pdf,Crestor Crestor 5 mg film-coated tablets,SOURCE_LISTED,"Selected TMDA SmPC/TPAR listing, not the full registered medicines universe."
TMDA_APPROVED_PRODUCT_INFO,TMDA Approved Medicines Product Information,https://www.tmda.go.tz/index.php/pages/approved-product-information,Crestor,CCrestor 10 mg film-coated tablets,,,10 mg,Tablets,,,,https://www.tmda.go.tz/uploads/1717145311-TFDA09-HM-0326SmPC_Accepted.pdf,Crestor CCrestor 10 mg film-coated tablets,SOURCE_LISTED,"Selected TMDA SmPC/TPAR listing, not the full registered medicines universe."
TMDA_APPROVED_PRODUCT_INFO,TMDA Approved Medicines Product Information,https://www.tmda.go.tz/index.php/pages/approved-product-information,Crevastin 10 Rosuvastatin Calcium 10 mg Film Coated Tablet,Rosuvastatin Calcium 10 mg Film Coated Tablet,,,10 mg,Tablet,,,,https://www.tmda.go.tz/uploads/1678175902-T19H0879SmPCv1.pdf,Crevastin 10 Rosuvastatin Calcium 10 mg Film Coated Tablet Rosuvastatin Calcium 10 mg Film Coated Tablet,SOURCE_LISTED,"Selected TMDA SmPC/TPAR listing, not the full registered medicines universe."
TMDA_APPROVED_PRODUCT_INFO,TMDA Approved Medicines Product Information,https://www.tmda.go.tz/index.php/pages/approved-product-information,Crevastin 20 Rosuvastatin Calcium 20 mg Film Coated Tablet,Rosuvastatin Calcium 20 mg Film Coated Tablet,,,20 mg,Tablet,,,,https://www.tmda.go.tz/uploads/1678175967-T19H0880SmPCv1.pdf,Crevastin 20 Rosuvastatin Calcium 20 mg Film Coated Tablet Rosuvastatin Calcium 20 mg Film Coated Tablet,SOURCE_LISTED,"Selected TMDA SmPC/TPAR listing, not the full registered medicines universe."
TMDA_APPROVED_PRODUCT_INFO,TMDA Approved Medicines Product Information,https://www.tmda.go.tz/index.php/pages/approved-product-information,Cycloserin Capsules Usp 250 Mg Cycloserine 250 mg Capsules,Cycloserine 250 mg Capsules,,,250 mg,Capsules,,,,https://www.tmda.go.tz/uploads/1678452097-T21H0429SmPCv1.pdf,Cycloserin Capsules Usp 250 Mg Cycloserine 250 mg Capsules Cycloserine 250 mg Capsules,SOURCE_LISTED,"Selected TMDA SmPC/TPAR listing, not the full registered medicines universe."
TMDA_APPROVED_PRODUCT_INFO,TMDA Approved Medicines Product Information,https://www.tmda.go.tz/index.php/pages/approved-product-information,Dacarbazine,Dacarbazine 200 mg/vial injection,,,200 mg,Injection,,,,https://www.tmda.go.tz/uploads/1620031142-T18H0238SmPCv1.pdf,Dacarbazine Dacarbazine 200 mg/vial injection,SOURCE_LISTED,"Selected TMDA SmPC/TPAR listing, not the full registered medicines universe."
TMDA_APPROVED_PRODUCT_INFO,TMDA Approved Medicines Product Information,https://www.tmda.go.tz/index.php/pages/approved-product-information,DAPOXEM 30,Dapoxetine Hydrochloride Hard Gelatin Capsule 100mg,,,100mg,Capsule,,,,https://www.tmda.go.tz/uploads/1658212383-2_T16H0468-SmPC-Approved..pdf,DAPOXEM 30 Dapoxetine Hydrochloride Hard Gelatin Capsule 100mg,SOURCE_LISTED,"Selected TMDA SmPC/TPAR listing, not the full registered medicines universe."
TMDA_APPROVED_PRODUCT_INFO,TMDA Approved Medicines Product Information,https://www.tmda.go.tz/index.php/pages/approved-product-information,DAPOXEM 60,Dapoxetine Hydrochloride Film coated tablets 60 mg,,,60 mg,Tablets,,,,https://www.tmda.go.tz/uploads/1657889816-2_T16H0463-SmPC-Approved..pdf,DAPOXEM 60 Dapoxetine Hydrochloride Film coated tablets 60 mg,SOURCE_LISTED,"Selected TMDA SmPC/TPAR listing, not the full registered medicines universe."
TMDA_APPROVED_PRODUCT_INFO,TMDA Approved Medicines Product Information,https://www.tmda.go.tz/index.php/pages/approved-product-information,DAPTOMYCIN,Daptomycin Lyophilized powder for reconstitution for injection 500 mg,,,500 mg,Injection,,,,https://www.tmda.go.tz/uploads/1658212801-3_T19H0719E2-SmPC-Approved.pdf,DAPTOMYCIN Daptomycin Lyophilized powder for reconstitution for injection 500 mg,SOURCE_LISTED,"Selected TMDA SmPC/TPAR listing, not the full registered medicines universe."
TMDA_APPROVED_PRODUCT_INFO,TMDA Approved Medicines Product Information,https://www.tmda.go.tz/index.php/pages/approved-product-information,Dapzin-10,Dapagliflozin 10 mg tablets,,,10 mg,Tablets,,,,https://www.tmda.go.tz/uploads/1620043716-T20H0130SmPCv1.pdf,Dapzin-10 Dapagliflozin 10 mg tablets,SOURCE_LISTED,"Selected TMDA SmPC/TPAR listing, not the full registered medicines universe."
TMDA_APPROVED_PRODUCT_INFO,TMDA Approved Medicines Product Information,https://www.tmda.go.tz/index.php/pages/approved-product-information,Dapzin-5,Dapagliflozin 5 mg tablets,,,5 mg,Tablets,,,,https://www.tmda.go.tz/uploads/1620043679-T20H0129SmPCv1.pdf,Dapzin-5 Dapagliflozin 5 mg tablets,SOURCE_LISTED,"Selected TMDA SmPC/TPAR listing, not the full registered medicines universe."
TMDA_APPROVED_PRODUCT_INFO,TMDA Approved Medicines Product Information,https://www.tmda.go.tz/index.php/pages/approved-product-information,Darunavir Darunavir 600 mg Tablets,Darunavir 600 mg Tablets,,,600 mg,Tablets,,,,https://www.tmda.go.tz/uploads/1678176263-T17H0676SmPCv1.pdf,Darunavir Darunavir 600 mg Tablets Darunavir 600 mg Tablets,SOURCE_LISTED,"Selected TMDA SmPC/TPAR listing, not the full registered medicines universe."
TMDA_APPROVED_PRODUCT_INFO,TMDA Approved Medicines Product Information,https://www.tmda.go.tz/index.php/pages/approved-product-information,DARUNAVIR TABLETS 400 MG,"Darunavir, 400 mg, Film Coated Tablet",,,400 mg,Tablet,,,,https://www.tmda.go.tz/uploads/1708942268-TZ19H0224SmPCv1.pdf,"DARUNAVIR TABLETS 400 MG Darunavir, 400 mg, Film Coated Tablet",SOURCE_LISTED,"Selected TMDA SmPC/TPAR listing, not the full registered medicines universe."
TMDA_APPROVED_PRODUCT_INFO,TMDA Approved Medicines Product Information,https://www.tmda.go.tz/index.php/pages/approved-product-information,DARUNAVIR TABLETS 600 MG,"Darunavir, 600 mg, Film Coated Tablet",,,600 mg,Tablet,,,,https://www.tmda.go.tz/uploads/1708942378-TZ19H0223SmPCv1.pdf,"DARUNAVIR TABLETS 600 MG Darunavir, 600 mg, Film Coated Tablet",SOURCE_LISTED,"Selected TMDA SmPC/TPAR listing, not the full registered medicines universe."
TMDA_APPROVED_PRODUCT_INFO,TMDA Approved Medicines Product Information,https://www.tmda.go.tz/index.php/pages/approved-product-information,DARUNAVIR TABLETS 800 MG,"Darunavir, 800 mg, Tablet, Film-coated",,,800 mg,Tablet,,,,https://www.tmda.go.tz/uploads/1708942441-TZ19H0225SmPCv1.pdf,"DARUNAVIR TABLETS 800 MG Darunavir, 800 mg, Tablet, Film-coated",SOURCE_LISTED,"Selected TMDA SmPC/TPAR listing, not the full registered medicines universe."
TMDA_APPROVED_PRODUCT_INFO,TMDA Approved Medicines Product Information,https://www.tmda.go.tz/index.php/pages/approved-product-information,DelstrigoTM,"Doravirine, Lamivudine and Tenofovir Disoproxil Fumarate Tablet 100mg+300mg+300mg",,,100mg + 300mg + 300mg,Tablet,,,,https://www.tmda.go.tz/uploads/1658213216-T21H0978SmPCv1.pdf,"DelstrigoTM Doravirine, Lamivudine and Tenofovir Disoproxil Fumarate Tablet 100mg+300mg+300mg",SOURCE_LISTED,"Selected TMDA SmPC/TPAR listing, not the full registered medicines universe."
TMDA_APPROVED_PRODUCT_INFO,TMDA Approved Medicines Product Information,https://www.tmda.go.tz/index.php/pages/approved-product-information,Dermicolon,Triamcinolone acetonide 0.1% w/w ointment,,,,Ointment,,,,https://www.tmda.go.tz/uploads/1620031246-T18H0519SmPCv1.pdf,Dermicolon Triamcinolone acetonide 0.1% w/w ointment,SOURCE_LISTED,"Selected TMDA SmPC/TPAR listing, not the full registered medicines universe."
TMDA_APPROVED_PRODUCT_INFO,TMDA Approved Medicines Product Information,https://www.tmda.go.tz/index.php/pages/approved-product-information,Dermolin Clobetasol 0.05% w/w Cream,Clobetasol 0.05% w/w Cream,,,,Cream,,,,https://www.tmda.go.tz/uploads/1678176357-T20H0497SmPCv1.pdf,Dermolin Clobetasol 0.05% w/w Cream Clobetasol 0.05% w/w Cream,SOURCE_LISTED,"Selected TMDA SmPC/TPAR listing, not the full registered medicines universe."
TMDA_APPROVED_PRODUCT_INFO,TMDA Approved Medicines Product Information,https://www.tmda.go.tz/index.php/pages/approved-product-information,Diapride Plus-2 Glimepiride And Metformin 2+500 mg Tablets,Glimepiride And Metformin 2+500 mg Tablets,,,500 mg,Tablets,,,,https://www.tmda.go.tz/uploads/1678353865-T20H0128SmPCV1.pdf,Diapride Plus-2 Glimepiride And Metformin 2+500 mg Tablets Glimepiride And Metformin 2+500 mg Tablets,SOURCE_LISTED,"Selected TMDA SmPC/TPAR listing, not the full registered medicines universe."
TMDA_APPROVED_PRODUCT_INFO,TMDA Approved Medicines Product Information,https://www.tmda.go.tz/index.php/pages/approved-product-information,Dicorate Er 500 Divalproex Sodium 500 mg Tablets,Divalproex Sodium 500 mg Tablets,,,500 mg,Tablets,,,,https://www.tmda.go.tz/uploads/1678176458-T20H0092SmPCv1.pdf,Dicorate Er 500 Divalproex Sodium 500 mg Tablets Divalproex Sodium 500 mg Tablets,SOURCE_LISTED,"Selected TMDA SmPC/TPAR listing, not the full registered medicines universe."
TMDA_APPROVED_PRODUCT_INFO,TMDA Approved Medicines Product Information,https://www.tmda.go.tz/index.php/pages/approved-product-information,Dikon Diclofenac 75 mg/ 3 ml Injection,Diclofenac 75 mg/ 3 ml Injection,,,75 mg/ 3 ml,Injection,,,,https://www.tmda.go.tz/uploads/1678452313-T20H0081SmPCv1.pdf,Dikon Diclofenac 75 mg/ 3 ml Injection Diclofenac 75 mg/ 3 ml Injection,SOURCE_LISTED,"Selected TMDA SmPC/TPAR listing, not the full registered medicines universe."
TMDA_APPROVED_PRODUCT_INFO,TMDA Approved Medicines Product Information,https://www.tmda.go.tz/index.php/pages/approved-product-information,Dio-1 Cetirizine Hydrochloride 10 mg Tablets,Cetirizine Hydrochloride 10 mg Tablets,,,10 mg,Tablets,,,,https://www.tmda.go.tz/uploads/1678353981-T21H0324SmPCv1.pdf,Dio-1 Cetirizine Hydrochloride 10 mg Tablets Cetirizine Hydrochloride 10 mg Tablets,SOURCE_LISTED,"Selected TMDA SmPC/TPAR listing, not the full registered medicines universe."
TMDA_APPROVED_PRODUCT_INFO,TMDA Approved Medicines Product Information,https://www.tmda.go.tz/index.php/pages/approved-product-information,"Diphtheria Antitoxin Diptheria, Tetanus, Whole Cell Pertussis, Hepatitis-B And Hemophillus Influenzae Type B Conjugate Vaccine (Adsorbed) 10000 IU/ml Liquid","Diptheria, Tetanus, Whole Cell Pertussis, Hepatitis-B And Hemophillus Influenzae Type B Conjugate Vaccine (Adsorbed) 10000 IU/ml Liquid",,,10000 IU,,,,,https://www.tmda.go.tz/uploads/1678354042-T19H0266SmPCv1.pdf,"Diphtheria Antitoxin Diptheria, Tetanus, Whole Cell Pertussis, Hepatitis-B And Hemophillus Influenzae Type B Conjugate Vaccine (Adsorbed) 10000 IU/ml Liquid Diptheria, Tetanus, Whole Cell Pertussis, Hepatitis-B And Hemophillus Influenzae Type B Conjugate Vaccine (Adsorbed) 10000 IU/ml Liquid",SOURCE_LISTED,"Selected TMDA SmPC/TPAR listing, not the full registered medicines universe."
TMDA_APPROVED_PRODUCT_INFO,TMDA Approved Medicines Product Information,https://www.tmda.go.tz/index.php/pages/approved-product-information,DIPVENTIN,"Propofol, 200, Emulsion for Injection",,,,Injection,,,,https://www.tmda.go.tz/uploads/1708943173-T17H0418 SmPCV1.pdf,"DIPVENTIN Propofol, 200, Emulsion for Injection",SOURCE_LISTED,"Selected TMDA SmPC/TPAR listing, not the full registered medicines universe."
TMDA_APPROVED_PRODUCT_INFO,TMDA Approved Medicines Product Information,https://www.tmda.go.tz/index.php/pages/approved-product-information,Dogomol Paracetamol 120 mg/ml Oral Solution,Paracetamol 120 mg/ml Oral Solution,,,120 mg,Solution,,,,https://www.tmda.go.tz/uploads/1678452397-T21H0430SmPCV1.pdf,Dogomol Paracetamol 120 mg/ml Oral Solution Paracetamol 120 mg/ml Oral Solution,SOURCE_LISTED,"Selected TMDA SmPC/TPAR listing, not the full registered medicines universe."
TMDA_APPROVED_PRODUCT_INFO,TMDA Approved Medicines Product Information,https://www.tmda.go.tz/index.php/pages/approved-product-information,"Dolutegravir (Sodium) Dolutegravir Sodium 50 mg Tablet, Film-Coated","Dolutegravir Sodium 50 mg Tablet, Film-Coated",,,50 mg,Tablet,,,,https://www.tmda.go.tz/uploads/1678176692-T18H0598SmPCv1.pdf,"Dolutegravir (Sodium) Dolutegravir Sodium 50 mg Tablet, Film-Coated Dolutegravir Sodium 50 mg Tablet, Film-Coated",SOURCE_LISTED,"Selected TMDA SmPC/TPAR listing, not the full registered medicines universe."
TMDA_APPROVED_PRODUCT_INFO,TMDA Approved Medicines Product Information,https://www.tmda.go.tz/index.php/pages/approved-product-information,"Dolutegravir 50 Mg, Lamivudine 300 Mg And Tenofovir Disoproxil Fumarate 300 Mg Tablet Dolutegravir Sodium+ Lamivudine + Tenofovovir Disoproxil Fumarate Dolutegravir 50mg, Lamivudine 300mg and Tenofovir disoproxil fumerate 300mg Film Coated Tablet","Dolutegravir Sodium+ Lamivudine + Tenofovovir Disoproxil Fumarate Dolutegravir 50mg, Lamivudine 300mg and Tenofovir disoproxil fumerate 300mg Film Coated Tablet",,,50mg + 300mg + 300mg,Tablet,,,,https://www.tmda.go.tz/uploads/1678176771-T21H0571SmPCv1.pdf,"Dolutegravir 50 Mg, Lamivudine 300 Mg And Tenofovir Disoproxil Fumarate 300 Mg Tablet Dolutegravir Sodium+ Lamivudine + Tenofovovir Disoproxil Fumarate Dolutegravir 50mg, Lamivudine 300mg and Tenofovir disoproxil fumerate 300mg Film Coated Tablet Dolutegravir Sodium+ Lamivudine + Tenofovovir Disoproxil Fumarate Dolutegravir 50mg, Lamivudine 300mg and Tenofovir disoproxil fumerate 300mg Film Coated Tablet",SOURCE_LISTED,"Selected TMDA SmPC/TPAR listing, not the full registered medicines universe."
TMDA_APPROVED_PRODUCT_INFO,TMDA Approved Medicines Product Information,https://www.tmda.go.tz/index.php/pages/approved-product-information,Dolutegravir Dolutegravir Sodium 10 mg Film Coated Tablet,Dolutegravir Sodium 10 mg Film Coated Tablet,,,10 mg,Tablet,,,,https://www.tmda.go.tz/uploads/1678176615-T21H0279SmPCv1.pdf,Dolutegravir Dolutegravir Sodium 10 mg Film Coated Tablet Dolutegravir Sodium 10 mg Film Coated Tablet,SOURCE_LISTED,"Selected TMDA SmPC/TPAR listing, not the full registered medicines universe."
TMDA_APPROVED_PRODUCT_INFO,TMDA Approved Medicines Product Information,https://www.tmda.go.tz/index.php/pages/approved-product-information,Dolutegravir Sodium Tablet For Oral Suspension Dolutegravir Sodium 10 mg Film Coated Tablet,Dolutegravir Sodium 10 mg Film Coated Tablet,,,10 mg,Tablet,,,,https://www.tmda.go.tz/uploads/1678176851-T22H0594SmPCv1.pdf,Dolutegravir Sodium Tablet For Oral Suspension Dolutegravir Sodium 10 mg Film Coated Tablet Dolutegravir Sodium 10 mg Film Coated Tablet,SOURCE_LISTED,"Selected TMDA SmPC/TPAR listing, not the full registered medicines universe."
TMDA_APPROVED_PRODUCT_INFO,TMDA Approved Medicines Product Information,https://www.tmda.go.tz/index.php/pages/approved-product-information,"Dolutegravir Sodium, Emtricitabine And Tenofovir Alafenamide Dolutegragravir, Emtricitabine And Tenofovir Alafenamide Tablets 50/200/25 mg Tablets","Dolutegragravir, Emtricitabine And Tenofovir Alafenamide Tablets 50/200/25 mg Tablets",,,25 mg,Tablets,,,,https://www.tmda.go.tz/uploads/1678176936-T19H0685SmPCv1.pdf,"Dolutegravir Sodium, Emtricitabine And Tenofovir Alafenamide Dolutegragravir, Emtricitabine And Tenofovir Alafenamide Tablets 50/200/25 mg Tablets Dolutegragravir, Emtricitabine And Tenofovir Alafenamide Tablets 50/200/25 mg Tablets",SOURCE_LISTED,"Selected TMDA SmPC/TPAR listing, not the full registered medicines universe."
TMDA_APPROVED_PRODUCT_INFO,TMDA Approved Medicines Product Information,https://www.tmda.go.tz/index.php/pages/approved-product-information,Dolutegravir Tablets 50 mg,"Dolutegravir Sodium, 50 mg, Tablet, Film-coated",,,50 mg,Tablet,,,,https://www.tmda.go.tz/uploads/1708943344-TZ19H0228SmPCv1.pdf,"Dolutegravir Tablets 50 mg Dolutegravir Sodium, 50 mg, Tablet, Film-coated",SOURCE_LISTED,"Selected TMDA SmPC/TPAR listing, not the full registered medicines universe."
TMDA_APPROVED_PRODUCT_INFO,TMDA Approved Medicines Product Information,https://www.tmda.go.tz/index.php/pages/approved-product-information,Dolutegravir Tablets 50Mg Dolutegravir Tablets 50Mg 50 mg Oral Tablet,Dolutegravir Tablets 50Mg 50 mg Oral Tablet,,,50Mg + 50 mg,Tablets,,,,https://www.tmda.go.tz/uploads/1678354223-T21H0513SmPCv1.pdf,Dolutegravir Tablets 50Mg Dolutegravir Tablets 50Mg 50 mg Oral Tablet Dolutegravir Tablets 50Mg 50 mg Oral Tablet,SOURCE_LISTED,"Selected TMDA SmPC/TPAR listing, not the full registered medicines universe."
TMDA_APPROVED_PRODUCT_INFO,TMDA Approved Medicines Product Information,https://www.tmda.go.tz/index.php/pages/approved-product-information,"Dolutegravir, Lamivudine and Tenofovir Disoproxil Fumarate","Dolutegravir Sodium+ Lamivudine + Tenofovovir Disoproxil Fumarate, 50/300/300 mg, Tablets",,,300 mg,Tablets,,,,https://www.tmda.go.tz/uploads/1708943416-2_T19H0714-SmPC-Approved.pdf,"Dolutegravir, Lamivudine and Tenofovir Disoproxil Fumarate Dolutegravir Sodium+ Lamivudine + Tenofovovir Disoproxil Fumarate, 50/300/300 mg, Tablets",SOURCE_LISTED,"Selected TMDA SmPC/TPAR listing, not the full registered medicines universe."
TMDA_APPROVED_PRODUCT_INFO,TMDA Approved Medicines Product Information,https://www.tmda.go.tz/index.php/pages/approved-product-information,"Dolutegravir, Lamivudine And Tenofovir Disoproxil Fumarate Tablets 50Mg/300Mg/300Mg Dolutegravir, Lamivudine And Tenofovir Disoproxil Fumarate Tablets 50Mg/300Mg/300Mg 50/300/300 mg Oral Tablet","Dolutegravir, Lamivudine And Tenofovir Disoproxil Fumarate Tablets 50Mg/300Mg/300Mg 50/300/300 mg Oral Tablet",,,50Mg/300Mg + 300Mg + 300 mg,Tablets,,,,https://www.tmda.go.tz/uploads/1678452476-T21H0544SmPCv1.pdf,"Dolutegravir, Lamivudine And Tenofovir Disoproxil Fumarate Tablets 50Mg/300Mg/300Mg Dolutegravir, Lamivudine And Tenofovir Disoproxil Fumarate Tablets 50Mg/300Mg/300Mg 50/300/300 mg Oral Tablet Dolutegravir, Lamivudine And Tenofovir Disoproxil Fumarate Tablets 50Mg/300Mg/300Mg 50/300/300 mg Oral Tablet",SOURCE_LISTED,"Selected TMDA SmPC/TPAR listing, not the full registered medicines universe."
TMDA_APPROVED_PRODUCT_INFO,TMDA Approved Medicines Product Information,https://www.tmda.go.tz/index.php/pages/approved-product-information,Domi-10 Domperidone 10 mg Oral Tablet,Domperidone 10 mg Oral Tablet,,,10 mg,Tablet,,,,https://www.tmda.go.tz/uploads/1678452543-T21H0341SmPCv1.pdf,Domi-10 Domperidone 10 mg Oral Tablet Domperidone 10 mg Oral Tablet,SOURCE_LISTED,"Selected TMDA SmPC/TPAR listing, not the full registered medicines universe."
TMDA_APPROVED_PRODUCT_INFO,TMDA Approved Medicines Product Information,https://www.tmda.go.tz/index.php/pages/approved-product-information,Doxyzen Doxycycline Hcl 100 mg Capsules,Doxycycline Hcl 100 mg Capsules,,,100 mg,Capsules,,,,https://www.tmda.go.tz/uploads/1678177031-T09H0004SmPCV1.pdf,Doxyzen Doxycycline Hcl 100 mg Capsules Doxycycline Hcl 100 mg Capsules,SOURCE_LISTED,"Selected TMDA SmPC/TPAR listing, not the full registered medicines universe."
TMDA_APPROVED_PRODUCT_INFO,TMDA Approved Medicines Product Information,https://www.tmda.go.tz/index.php/pages/approved-product-information,Durart 600,"Darunavir, 600 mg, Tablets",,,600 mg,Tablets,,,,https://www.tmda.go.tz/uploads/1708943906-TAN21H0063SmPCv1.pdf,"Durart 600 Darunavir, 600 mg, Tablets",SOURCE_LISTED,"Selected TMDA SmPC/TPAR listing, not the full registered medicines universe."
TMDA_APPROVED_PRODUCT_INFO,TMDA Approved Medicines Product Information,https://www.tmda.go.tz/index.php/pages/approved-product-information,Durart 800,"Darunavir, 800 mg, Tablets",,,800 mg,Tablets,,,,https://www.tmda.go.tz/uploads/1708944058-TAN21H0064SmPCv1.pdf,"Durart 800 Darunavir, 800 mg, Tablets",SOURCE_LISTED,"Selected TMDA SmPC/TPAR listing, not the full registered medicines universe."
TMDA_APPROVED_PRODUCT_INFO,TMDA Approved Medicines Product Information,https://www.tmda.go.tz/index.php/pages/approved-product-information,"Dygyl-200 Metronidazole 200 mg Tablet, Film-Coated","Metronidazole 200 mg Tablet, Film-Coated",,,200 mg,Tablet,,,,https://www.tmda.go.tz/uploads/1678354293-T21H0009SmPcV1.pdf,"Dygyl-200 Metronidazole 200 mg Tablet, Film-Coated Metronidazole 200 mg Tablet, Film-Coated",SOURCE_LISTED,"Selected TMDA SmPC/TPAR listing, not the full registered medicines universe."
TMDA_APPROVED_PRODUCT_INFO,TMDA Approved Medicines Product Information,https://www.tmda.go.tz/index.php/pages/approved-product-information,Ecitapram-20 Escitalopram Tablets Usp 20 mg Film Coated Tablet,Escitalopram Tablets Usp 20 mg Film Coated Tablet,,,20 mg,Tablets,,,,https://www.tmda.go.tz/uploads/1678452602-T21H0285SmPCV1.pdf,Ecitapram-20 Escitalopram Tablets Usp 20 mg Film Coated Tablet Escitalopram Tablets Usp 20 mg Film Coated Tablet,SOURCE_LISTED,"Selected TMDA SmPC/TPAR listing, not the full registered medicines universe."
TMDA_APPROVED_PRODUCT_INFO,TMDA Approved Medicines Product Information,https://www.tmda.go.tz/index.php/pages/approved-product-information,EDURANT,EDURANT 25 mg film-coated tablets,,,25 mg,Tablets,,,,https://www.tmda.go.tz/uploads/1717153161-TFDA14-HM-0052SmPC_Accepted.pdf,EDURANT EDURANT 25 mg film-coated tablets,SOURCE_LISTED,"Selected TMDA SmPC/TPAR listing, not the full registered medicines universe."
TMDA_APPROVED_PRODUCT_INFO,TMDA Approved Medicines Product Information,https://www.tmda.go.tz/index.php/pages/approved-product-information,"Efavirenz, Lamivudine & Tenofovir Disoproxil Fumarate Tablets 600/300/300 mg","Efavirenz, Lamivudine & Tenofovir Disoproxil Fumarate, 600/300/300 mg, Tablets",,,300 mg,Tablets,,,,https://www.tmda.go.tz/uploads/1708945115-TZ19H0247SmPCv1.pdf,"Efavirenz, Lamivudine & Tenofovir Disoproxil Fumarate Tablets 600/300/300 mg Efavirenz, Lamivudine & Tenofovir Disoproxil Fumarate, 600/300/300 mg, Tablets",SOURCE_LISTED,"Selected TMDA SmPC/TPAR listing, not the full registered medicines universe."
TMDA_APPROVED_PRODUCT_INFO,TMDA Approved Medicines Product Information,https://www.tmda.go.tz/index.php/pages/approved-product-information,Empiget Empagliflozin 10 mg Film Coated Tablet,Empagliflozin 10 mg Film Coated Tablet,,,10 mg,Tablet,,,,https://www.tmda.go.tz/uploads/1678177120-T20H0606SmPCv1.pdf,Empiget Empagliflozin 10 mg Film Coated Tablet Empagliflozin 10 mg Film Coated Tablet,SOURCE_LISTED,"Selected TMDA SmPC/TPAR listing, not the full registered medicines universe."
TMDA_APPROVED_PRODUCT_INFO,TMDA Approved Medicines Product Information,https://www.tmda.go.tz/index.php/pages/approved-product-information,Empiget Empagliflozin 25 mg Film Coated Tablet,Empagliflozin 25 mg Film Coated Tablet,,,25 mg,Tablet,,,,https://www.tmda.go.tz/uploads/1678177245-T20H0607SmPCv1.pdf,Empiget Empagliflozin 25 mg Film Coated Tablet Empagliflozin 25 mg Film Coated Tablet,SOURCE_LISTED,"Selected TMDA SmPC/TPAR listing, not the full registered medicines universe."
TMDA_APPROVED_PRODUCT_INFO,TMDA Approved Medicines Product Information,https://www.tmda.go.tz/index.php/pages/approved-product-information,"Emtricitabine And Tenofovir Disoproxil Fumarate Emtricitabine And Tenofovir Disoproxil Fumarate 200/300 mg Tablet, Film-Coated","Emtricitabine And Tenofovir Disoproxil Fumarate 200/300 mg Tablet, Film-Coated",,,300 mg,Tablet,,,,https://www.tmda.go.tz/uploads/1678452711-T21H0094SmPCv1.pdf,"Emtricitabine And Tenofovir Disoproxil Fumarate Emtricitabine And Tenofovir Disoproxil Fumarate 200/300 mg Tablet, Film-Coated Emtricitabine And Tenofovir Disoproxil Fumarate 200/300 mg Tablet, Film-Coated",SOURCE_LISTED,"Selected TMDA SmPC/TPAR listing, not the full registered medicines universe."
TMDA_APPROVED_PRODUCT_INFO,TMDA Approved Medicines Product Information,https://www.tmda.go.tz/index.php/pages/approved-product-information,Endulin Select,"Insulin Glardine (rDNA Origin) 100 IU/ml Injection, 100 IU/ml, Solution for injection",,,100 IU + 100 IU,Injection,,,,https://www.tmda.go.tz/uploads/1708945224-TZ19H0189SmPCv1.pdf,"Endulin Select Insulin Glardine (rDNA Origin) 100 IU/ml Injection, 100 IU/ml, Solution for injection",SOURCE_LISTED,"Selected TMDA SmPC/TPAR listing, not the full registered medicines universe."
TMDA_APPROVED_PRODUCT_INFO,TMDA Approved Medicines Product Information,https://www.tmda.go.tz/index.php/pages/approved-product-information,Endulin Vial Insulin Glargine 100 IU/ml Injection,Insulin Glargine 100 IU/ml Injection,,,100 IU,Injection,,,,https://www.tmda.go.tz/uploads/1678452781-T15H0366SmPCv1.pdf,Endulin Vial Insulin Glargine 100 IU/ml Injection Insulin Glargine 100 IU/ml Injection,SOURCE_LISTED,"Selected TMDA SmPC/TPAR listing, not the full registered medicines universe."
TMDA_APPROVED_PRODUCT_INFO,TMDA Approved Medicines Product Information,https://www.tmda.go.tz/index.php/pages/approved-product-information,Enolex Enoxaparin Sodium 60 Solution For Injection,Enoxaparin Sodium 60 Solution For Injection,,,,Injection,,,,https://www.tmda.go.tz/uploads/1678452848-T21H0360SmPCV1.pdf,Enolex Enoxaparin Sodium 60 Solution For Injection Enoxaparin Sodium 60 Solution For Injection,SOURCE_LISTED,"Selected TMDA SmPC/TPAR listing, not the full registered medicines universe."
TMDA_APPROVED_PRODUCT_INFO,TMDA Approved Medicines Product Information,https://www.tmda.go.tz/index.php/pages/approved-product-information,Enolex Solution For Injection Enoxaparin Sodium 4000 IU (40 MG) /0.4 ML) Solution For Injection,Enoxaparin Sodium 4000 IU (40 MG) /0.4 ML) Solution For Injection,,,4000 IU + 40 MG + 0.4 ML,Injection,,,,https://www.tmda.go.tz/uploads/1678452988-T21H0359SmPCV1.pdf,Enolex Solution For Injection Enoxaparin Sodium 4000 IU (40 MG) /0.4 ML) Solution For Injection Enoxaparin Sodium 4000 IU (40 MG) /0.4 ML) Solution For Injection,SOURCE_LISTED,"Selected TMDA SmPC/TPAR listing, not the full registered medicines universe."
TMDA_APPROVED_PRODUCT_INFO,TMDA Approved Medicines Product Information,https://www.tmda.go.tz/index.php/pages/approved-product-information,Epclusa,"Sofosbuvir, 400 + 100 mg, Tablet, Film-coated",,,100 mg,Tablet,,,,https://www.tmda.go.tz/uploads/1708948767-TZ19H0233SmPCv1.pdf,"Epclusa Sofosbuvir, 400 + 100 mg, Tablet, Film-coated",SOURCE_LISTED,"Selected TMDA SmPC/TPAR listing, not the full registered medicines universe."
TMDA_APPROVED_PRODUCT_INFO,TMDA Approved Medicines Product Information,https://www.tmda.go.tz/index.php/pages/approved-product-information,Epilim,Syrup 200 Mg/5 ml Sodium Valproate,,,200 Mg/5 ml,Syrup,,,,https://www.tmda.go.tz/uploads/1717152408-764-2006-1SmPC_Accepted.pdf,Epilim Syrup 200 Mg/5 ml Sodium Valproate,SOURCE_LISTED,"Selected TMDA SmPC/TPAR listing, not the full registered medicines universe."
TMDA_APPROVED_PRODUCT_INFO,TMDA Approved Medicines Product Information,https://www.tmda.go.tz/index.php/pages/approved-product-information,Erythrokant - DS,"Erythromycin Stearate eq to Erythromycin, 250mg / 5ml, Suspension, Oral",,,250mg / 5ml,Suspension,,,,https://www.tmda.go.tz/uploads/1708948869-T14H0053 SmPCv1.pdf,"Erythrokant - DS Erythromycin Stearate eq to Erythromycin, 250mg / 5ml, Suspension, Oral",SOURCE_LISTED,"Selected TMDA SmPC/TPAR listing, not the full registered medicines universe."
TMDA_APPROVED_PRODUCT_INFO,TMDA Approved Medicines Product Information,https://www.tmda.go.tz/index.php/pages/approved-product-information,Etotac Sr 600 Etodolac 600 mg Tablets,Etodolac 600 mg Tablets,,,600 mg,Tablets,,,,https://www.tmda.go.tz/uploads/1678453138-T20H0152SmPCv1.pdf,Etotac Sr 600 Etodolac 600 mg Tablets Etodolac 600 mg Tablets,SOURCE_LISTED,"Selected TMDA SmPC/TPAR listing, not the full registered medicines universe."
TMDA_APPROVED_PRODUCT_INFO,TMDA Approved Medicines Product Information,https://www.tmda.go.tz/index.php/pages/approved-product-information,ETULOX 120,"Etoricoxib, 120 mg, Film Coated Tablet",,,120 mg,Tablet,,,,https://www.tmda.go.tz/uploads/1708949328-TZ19H0219SmPCv1.pdf,"ETULOX 120 Etoricoxib, 120 mg, Film Coated Tablet",SOURCE_LISTED,"Selected TMDA SmPC/TPAR listing, not the full registered medicines universe."
TMDA_APPROVED_PRODUCT_INFO,TMDA Approved Medicines Product Information,https://www.tmda.go.tz/index.php/pages/approved-product-information,ETULOX 30,"Etoricoxib, 30 mg, Film Coated Tablet",,,30 mg,Tablet,,,,https://www.tmda.go.tz/uploads/1708949059-TZ19H0220SmPCv1.pdf,"ETULOX 30 Etoricoxib, 30 mg, Film Coated Tablet",SOURCE_LISTED,"Selected TMDA SmPC/TPAR listing, not the full registered medicines universe."
TMDA_APPROVED_PRODUCT_INFO,TMDA Approved Medicines Product Information,https://www.tmda.go.tz/index.php/pages/approved-product-information,Eurovin 20 Vinorelbine 20 mg Soft Gelatin Capsule,Vinorelbine 20 mg Soft Gelatin Capsule,,,20 mg,Capsule,,,,https://www.tmda.go.tz/uploads/1678177304-T20H0515SmPCv1.pdf,Eurovin 20 Vinorelbine 20 mg Soft Gelatin Capsule Vinorelbine 20 mg Soft Gelatin Capsule,SOURCE_LISTED,"Selected TMDA SmPC/TPAR listing, not the full registered medicines universe."
TMDA_APPROVED_PRODUCT_INFO,TMDA Approved Medicines Product Information,https://www.tmda.go.tz/index.php/pages/approved-product-information,Eurovin 30 Vinorelbine Tartrate Equivalent To Vinorelbine 20Mg 30 mg Capsules,Vinorelbine Tartrate Equivalent To Vinorelbine 20Mg 30 mg Capsules,,,20Mg + 30 mg,Capsules,,,,https://www.tmda.go.tz/uploads/1678177371-T20H0514SmPCv1.pdf,Eurovin 30 Vinorelbine Tartrate Equivalent To Vinorelbine 20Mg 30 mg Capsules Vinorelbine Tartrate Equivalent To Vinorelbine 20Mg 30 mg Capsules,SOURCE_LISTED,"Selected TMDA SmPC/TPAR listing, not the full registered medicines universe."
TMDA_APPROVED_PRODUCT_INFO,TMDA Approved Medicines Product Information,https://www.tmda.go.tz/index.php/pages/approved-product-information,Exitine Flumazenil 0.5 mg/5 ml Solution For Injection,Flumazenil 0.5 mg/5 ml Solution For Injection,,,0.5 mg/5 ml,Injection,,,,https://www.tmda.go.tz/uploads/1678177461-T18H0400SmPCv1.pdf,Exitine Flumazenil 0.5 mg/5 ml Solution For Injection Flumazenil 0.5 mg/5 ml Solution For Injection,SOURCE_LISTED,"Selected TMDA SmPC/TPAR listing, not the full registered medicines universe."
TMDA_APPROVED_PRODUCT_INFO,TMDA Approved Medicines Product Information,https://www.tmda.go.tz/index.php/pages/approved-product-information,"Fanigan Gel Diclofenac 10,50,100,30 mg Gel","Diclofenac 10,50,100,30 mg Gel",,,30 mg,Gel,,,,https://www.tmda.go.tz/uploads/1678355587-T18H0674SmPCv1.pdf,"Fanigan Gel Diclofenac 10,50,100,30 mg Gel Diclofenac 10,50,100,30 mg Gel",SOURCE_LISTED,"Selected TMDA SmPC/TPAR listing, not the full registered medicines universe."
TMDA_APPROVED_PRODUCT_INFO,TMDA Approved Medicines Product Information,https://www.tmda.go.tz/index.php/pages/approved-product-information,FAROGLIP S 50,Sitagliptin Phosphate Monohydrate Film Coated Tablet 50mg,,,50mg,Tablet,,,,https://www.tmda.go.tz/uploads/1658217804-T20H0262SmPCV1.pdf,FAROGLIP S 50 Sitagliptin Phosphate Monohydrate Film Coated Tablet 50mg,SOURCE_LISTED,"Selected TMDA SmPC/TPAR listing, not the full registered medicines universe."
TMDA_APPROVED_PRODUCT_INFO,TMDA Approved Medicines Product Information,https://www.tmda.go.tz/index.php/pages/approved-product-information,Faroglip Sm 50/1000 Sitagliptin Phosphate And Metformin Hydrochloride 50/100 mg Film Coated Tablets,Sitagliptin Phosphate And Metformin Hydrochloride 50/100 mg Film Coated Tablets,,,100 mg,Tablets,,,,https://www.tmda.go.tz/uploads/1678177801-T20H0259SmPCv1.pdf,Faroglip Sm 50/1000 Sitagliptin Phosphate And Metformin Hydrochloride 50/100 mg Film Coated Tablets Sitagliptin Phosphate And Metformin Hydrochloride 50/100 mg Film Coated Tablets,SOURCE_LISTED,"Selected TMDA SmPC/TPAR listing, not the full registered medicines universe."
TMDA_APPROVED_PRODUCT_INFO,TMDA Approved Medicines Product Information,https://www.tmda.go.tz/index.php/pages/approved-product-information,Faroplav 75 Clopidogrel Bisulfate 75 mg Film Coated Tablet,Clopidogrel Bisulfate 75 mg Film Coated Tablet,,,75 mg,Tablet,,,,https://www.tmda.go.tz/uploads/1678355651-T20H0261SmPCv1.pdf,Faroplav 75 Clopidogrel Bisulfate 75 mg Film Coated Tablet Clopidogrel Bisulfate 75 mg Film Coated Tablet,SOURCE_LISTED,"Selected TMDA SmPC/TPAR listing, not the full registered medicines universe."
TMDA_APPROVED_PRODUCT_INFO,TMDA Approved Medicines Product Information,https://www.tmda.go.tz/index.php/pages/approved-product-information,Febuliv 80 Febuxostat 80 mg Film Coated Tablet,Febuxostat 80 mg Film Coated Tablet,,,80 mg,Tablet,,,,https://www.tmda.go.tz/uploads/1678453342-T21H0702SmPCV1.pdf,Febuliv 80 Febuxostat 80 mg Film Coated Tablet Febuxostat 80 mg Film Coated Tablet,SOURCE_LISTED,"Selected TMDA SmPC/TPAR listing, not the full registered medicines universe."
TMDA_APPROVED_PRODUCT_INFO,TMDA Approved Medicines Product Information,https://www.tmda.go.tz/index.php/pages/approved-product-information,Fempro Letrozole 2.5 mg Tablets,Letrozole 2.5 mg Tablets,,,2.5 mg,Tablets,,,,https://www.tmda.go.tz/uploads/1678453409-T18H0873SmPCv1.pdf,Fempro Letrozole 2.5 mg Tablets Letrozole 2.5 mg Tablets,SOURCE_LISTED,"Selected TMDA SmPC/TPAR listing, not the full registered medicines universe."
TMDA_APPROVED_PRODUCT_INFO,TMDA Approved Medicines Product Information,https://www.tmda.go.tz/index.php/pages/approved-product-information,Ferlix Folix Ferrous Fumarate + Folic Acid 200/0.4 mg Film Coated Tablet,Ferrous Fumarate + Folic Acid 200/0.4 mg Film Coated Tablet,,,0.4 mg,Tablet,,,,https://www.tmda.go.tz/uploads/1678355704-T21H0007SmPCv1.pdf,Ferlix Folix Ferrous Fumarate + Folic Acid 200/0.4 mg Film Coated Tablet Ferrous Fumarate + Folic Acid 200/0.4 mg Film Coated Tablet,SOURCE_LISTED,"Selected TMDA SmPC/TPAR listing, not the full registered medicines universe."
TMDA_APPROVED_PRODUCT_INFO,TMDA Approved Medicines Product Information,https://www.tmda.go.tz/index.php/pages/approved-product-information,Ficyc Cream Aciclovir 5mg w/w Cream,Aciclovir 5mg w/w Cream,,,5mg,Cream,,,,https://www.tmda.go.tz/uploads/1678177908-T20H0595SmPCv1.pdf,Ficyc Cream Aciclovir 5mg w/w Cream Aciclovir 5mg w/w Cream,SOURCE_LISTED,"Selected TMDA SmPC/TPAR listing, not the full registered medicines universe."
TMDA_APPROVED_PRODUCT_INFO,TMDA Approved Medicines Product Information,https://www.tmda.go.tz/index.php/pages/approved-product-information,FINRIDE,"Finasteride, 5 mg, Tablets",,,5 mg,Tablets,,,,https://www.tmda.go.tz/uploads/1708951405-T18H0865SmPCV1.pdf,"FINRIDE Finasteride, 5 mg, Tablets",SOURCE_LISTED,"Selected TMDA SmPC/TPAR listing, not the full registered medicines universe."
TMDA_APPROVED_PRODUCT_INFO,TMDA Approved Medicines Product Information,https://www.tmda.go.tz/index.php/pages/approved-product-information,Firialta 10 Mg Finerenone 10 mg Film Coated Tablets,Finerenone 10 mg Film Coated Tablets,,,10 mg,Tablets,,,,https://www.tmda.go.tz/uploads/1678355756-T22HEAC0718SmPCV1.pdf,Firialta 10 Mg Finerenone 10 mg Film Coated Tablets Finerenone 10 mg Film Coated Tablets,SOURCE_LISTED,"Selected TMDA SmPC/TPAR listing, not the full registered medicines universe."
TMDA_APPROVED_PRODUCT_INFO,TMDA Approved Medicines Product Information,https://www.tmda.go.tz/index.php/pages/approved-product-information,Firialta 20 Mg Finerenone 20 mg Film Coated Tablet,Finerenone 20 mg Film Coated Tablet,,,20 mg,Tablet,,,,https://www.tmda.go.tz/uploads/1678355812-T22HEAC0722SmPCV1.pdf,Firialta 20 Mg Finerenone 20 mg Film Coated Tablet Finerenone 20 mg Film Coated Tablet,SOURCE_LISTED,"Selected TMDA SmPC/TPAR listing, not the full registered medicines universe."
TMDA_APPROVED_PRODUCT_INFO,TMDA Approved Medicines Product Information,https://www.tmda.go.tz/index.php/pages/approved-product-information,Fixet 200,Cefixime 200 mg tablets,,,200 mg,Tablets,,,,https://www.tmda.go.tz/uploads/1620041218-T19H0628SmPCv1.pdf,Fixet 200 Cefixime 200 mg tablets,SOURCE_LISTED,"Selected TMDA SmPC/TPAR listing, not the full registered medicines universe."
TMDA_APPROVED_PRODUCT_INFO,TMDA Approved Medicines Product Information,https://www.tmda.go.tz/index.php/pages/approved-product-information,FLOEZY,"Tamsulocin Hydrochloride, 0.4, Tablet",,,,Tablet,,,,https://www.tmda.go.tz/uploads/1708951483-T19H0765SmPCV1.pdf,"FLOEZY Tamsulocin Hydrochloride, 0.4, Tablet",SOURCE_LISTED,"Selected TMDA SmPC/TPAR listing, not the full registered medicines universe."
TMDA_APPROVED_PRODUCT_INFO,TMDA Approved Medicines Product Information,https://www.tmda.go.tz/index.php/pages/approved-product-information,"Flucan-200 Fluconazole 200 mg Capsules, Hard","Fluconazole 200 mg Capsules, Hard",,,200 mg,Capsules,,,,https://www.tmda.go.tz/uploads/1678178000-T21H0306SmPCv1.pdf,"Flucan-200 Fluconazole 200 mg Capsules, Hard Fluconazole 200 mg Capsules, Hard",SOURCE_LISTED,"Selected TMDA SmPC/TPAR listing, not the full registered medicines universe."
TMDA_APPROVED_PRODUCT_INFO,TMDA Approved Medicines Product Information,https://www.tmda.go.tz/index.php/pages/approved-product-information,Flucoz 150 Fluconazole 150 mg Uncoated Tablets,Fluconazole 150 mg Uncoated Tablets,,,150 mg,Tablets,,,,https://www.tmda.go.tz/uploads/1678355870-T20H0534SmPCv1.pdf,Flucoz 150 Fluconazole 150 mg Uncoated Tablets Fluconazole 150 mg Uncoated Tablets,SOURCE_LISTED,"Selected TMDA SmPC/TPAR listing, not the full registered medicines universe."
TMDA_APPROVED_PRODUCT_INFO,TMDA Approved Medicines Product Information,https://www.tmda.go.tz/index.php/pages/approved-product-information,Fungarin Miconazole 20 mg Oral Gel,Miconazole 20 mg Oral Gel,,,20 mg,Gel,,,,https://www.tmda.go.tz/uploads/1678453535-T20H0544SmPCv1 2.pdf,Fungarin Miconazole 20 mg Oral Gel Miconazole 20 mg Oral Gel,SOURCE_LISTED,"Selected TMDA SmPC/TPAR listing, not the full registered medicines universe."
TMDA_APPROVED_PRODUCT_INFO,TMDA Approved Medicines Product Information,https://www.tmda.go.tz/index.php/pages/approved-product-information,G-CEFTRIA,Ceftriaxone Sodium Sterile Powder for Injection 1g,,,1g,Powder for injection,,,,https://www.tmda.go.tz/uploads/1658222203-1_T20H0632-SmPC-Approved.pdf,G-CEFTRIA Ceftriaxone Sodium Sterile Powder for Injection 1g,SOURCE_LISTED,"Selected TMDA SmPC/TPAR listing, not the full registered medicines universe."
TMDA_APPROVED_PRODUCT_INFO,TMDA Approved Medicines Product Information,https://www.tmda.go.tz/index.php/pages/approved-product-information,G-Cospe Disp Sulfadoxine & Pyrimethamine 250/12.5 mg Dispersible Tablets,Sulfadoxine & Pyrimethamine 250/12.5 mg Dispersible Tablets,,,12.5 mg,Tablets,,,,https://www.tmda.go.tz/uploads/1678453679-T21H0797SmPCv1.pdf,G-Cospe Disp Sulfadoxine & Pyrimethamine 250/12.5 mg Dispersible Tablets Sulfadoxine & Pyrimethamine 250/12.5 mg Dispersible Tablets,SOURCE_LISTED,"Selected TMDA SmPC/TPAR listing, not the full registered medicines universe."
TMDA_APPROVED_PRODUCT_INFO,TMDA Approved Medicines Product Information,https://www.tmda.go.tz/index.php/pages/approved-product-information,G-Cospe Disp Sulfadoxine & Pyrimethamine 500/25 mg Tablet,Sulfadoxine & Pyrimethamine 500/25 mg Tablet,,,25 mg,Tablet,,,,https://www.tmda.go.tz/uploads/1678178275-T21H0796SmPCV1.pdf,G-Cospe Disp Sulfadoxine & Pyrimethamine 500/25 mg Tablet Sulfadoxine & Pyrimethamine 500/25 mg Tablet,SOURCE_LISTED,"Selected TMDA SmPC/TPAR listing, not the full registered medicines universe."
TMDA_APPROVED_PRODUCT_INFO,TMDA Approved Medicines Product Information,https://www.tmda.go.tz/index.php/pages/approved-product-information,G-Out 0.5 Colchicine 0.5mg Film Coated Tablet,Colchicine 0.5mg Film Coated Tablet,,,0.5mg,Tablet,,,,https://www.tmda.go.tz/uploads/1678356018-T21HSADC0018SmPCv0.pdf,G-Out 0.5 Colchicine 0.5mg Film Coated Tablet Colchicine 0.5mg Film Coated Tablet,SOURCE_LISTED,"Selected TMDA SmPC/TPAR listing, not the full registered medicines universe."
TMDA_APPROVED_PRODUCT_INFO,TMDA Approved Medicines Product Information,https://www.tmda.go.tz/index.php/pages/approved-product-information,GABAPEN 300,"Gabapentin, 300 mg, Capsules, hard",,,300 mg,Capsules,,,,https://www.tmda.go.tz/uploads/1708951898-TZ19H0187SmPCv1.pdf,"GABAPEN 300 Gabapentin, 300 mg, Capsules, hard",SOURCE_LISTED,"Selected TMDA SmPC/TPAR listing, not the full registered medicines universe."
TMDA_APPROVED_PRODUCT_INFO,TMDA Approved Medicines Product Information,https://www.tmda.go.tz/index.php/pages/approved-product-information,Gabica Pregabalin 150 mg Hard Gelatin Capsules,Pregabalin 150 mg Hard Gelatin Capsules,,,150 mg,Capsules,,,,https://www.tmda.go.tz/uploads/1678453764-T20H0610SmPCv1.pdf,Gabica Pregabalin 150 mg Hard Gelatin Capsules Pregabalin 150 mg Hard Gelatin Capsules,SOURCE_LISTED,"Selected TMDA SmPC/TPAR listing, not the full registered medicines universe."
TMDA_APPROVED_PRODUCT_INFO,TMDA Approved Medicines Product Information,https://www.tmda.go.tz/index.php/pages/approved-product-information,Gabica Pregabalin 75 mg Capsules,Pregabalin 75 mg Capsules,,,75 mg,Capsules,,,,https://www.tmda.go.tz/uploads/1678356153-T20H0604SmPCv1.pdf,Gabica Pregabalin 75 mg Capsules Pregabalin 75 mg Capsules,SOURCE_LISTED,"Selected TMDA SmPC/TPAR listing, not the full registered medicines universe."
TMDA_APPROVED_PRODUCT_INFO,TMDA Approved Medicines Product Information,https://www.tmda.go.tz/index.php/pages/approved-product-information,Gabica-50 Pregabalin 50 mg Capsules,Pregabalin 50 mg Capsules,,,50 mg,Capsules,,,,https://www.tmda.go.tz/uploads/1678178412-18-TMDA0020-HM-0605.pdf,Gabica-50 Pregabalin 50 mg Capsules Pregabalin 50 mg Capsules,SOURCE_LISTED,"Selected TMDA SmPC/TPAR listing, not the full registered medicines universe."
TMDA_APPROVED_PRODUCT_INFO,TMDA Approved Medicines Product Information,https://www.tmda.go.tz/index.php/pages/approved-product-information,Gabix 100,"Gabapentin, 100 mg, Capsules",,,100 mg,Capsules,,,,https://www.tmda.go.tz/uploads/1708952145-TZ19H0193SmPCv1.pdf,"Gabix 100 Gabapentin, 100 mg, Capsules",SOURCE_LISTED,"Selected TMDA SmPC/TPAR listing, not the full registered medicines universe."
TMDA_APPROVED_PRODUCT_INFO,TMDA Approved Medicines Product Information,https://www.tmda.go.tz/index.php/pages/approved-product-information,Gabix 300,"Gabapentin, 300 mg, Capsules",,,300 mg,Capsules,,,,https://www.tmda.go.tz/uploads/1708952096-TZ19H0194SmPCv1.pdf,"Gabix 300 Gabapentin, 300 mg, Capsules",SOURCE_LISTED,"Selected TMDA SmPC/TPAR listing, not the full registered medicines universe."
TMDA_APPROVED_PRODUCT_INFO,TMDA Approved Medicines Product Information,https://www.tmda.go.tz/index.php/pages/approved-product-information,GACET-125,"paracetamol, 125 mg, Suppositories",,,125 mg,,,,,https://www.tmda.go.tz/uploads/1708952489-TZ19H0201SmPCv1.pdf,"GACET-125 paracetamol, 125 mg, Suppositories",SOURCE_LISTED,"Selected TMDA SmPC/TPAR listing, not the full registered medicines universe."
TMDA_APPROVED_PRODUCT_INFO,TMDA Approved Medicines Product Information,https://www.tmda.go.tz/index.php/pages/approved-product-information,GACET-250,"Paracetamol (Acetaminophen), 250 mg, Suppositories",,,250 mg,,,,,https://www.tmda.go.tz/uploads/1708952563-TZ19H0200SmPCv1.pdf,"GACET-250 Paracetamol (Acetaminophen), 250 mg, Suppositories",SOURCE_LISTED,"Selected TMDA SmPC/TPAR listing, not the full registered medicines universe."
TMDA_APPROVED_PRODUCT_INFO,TMDA Approved Medicines Product Information,https://www.tmda.go.tz/index.php/pages/approved-product-information,Galvus Met 50/850,• 50 mg vildagliptin and 850 mg metformin hydrochloride,,,50 mg + 850 mg,,,,,https://www.tmda.go.tz/uploads/1717152794-TFDA13-HM-0221SmPC_Accepted.pdf,Galvus Met 50/850 • 50 mg vildagliptin and 850 mg metformin hydrochloride,SOURCE_LISTED,"Selected TMDA SmPC/TPAR listing, not the full registered medicines universe."
TMDA_APPROVED_PRODUCT_INFO,TMDA Approved Medicines Product Information,https://www.tmda.go.tz/index.php/pages/approved-product-information,Gamok 375,"Amoxicillin trihydrate & Potassium Clavulanate, 250/125, Tablet, Film-coated",,,,Tablet,,,,https://www.tmda.go.tz/uploads/1708952679-T18H0606SmPCv1.pdf,"Gamok 375 Amoxicillin trihydrate & Potassium Clavulanate, 250/125, Tablet, Film-coated",SOURCE_LISTED,"Selected TMDA SmPC/TPAR listing, not the full registered medicines universe."
TMDA_APPROVED_PRODUCT_INFO,TMDA Approved Medicines Product Information,https://www.tmda.go.tz/index.php/pages/approved-product-information,Gamok 625,"Amoxicillin trihydrate & Potassium Clavulanate, 500/125, Tablet, Film-coated",,,,Tablet,,,,https://www.tmda.go.tz/uploads/1708952643-T18H0605SmPCv1.pdf,"Gamok 625 Amoxicillin trihydrate & Potassium Clavulanate, 500/125, Tablet, Film-coated",SOURCE_LISTED,"Selected TMDA SmPC/TPAR listing, not the full registered medicines universe."
TMDA_APPROVED_PRODUCT_INFO,TMDA Approved Medicines Product Information,https://www.tmda.go.tz/index.php/pages/approved-product-information,"Gastrosafe Lansoprazole, Clarithromycin And Tinidazole 267/250/500 mg Tablets/Capsules","Lansoprazole, Clarithromycin And Tinidazole 267/250/500 mg Tablets/Capsules",,,500 mg,Capsules,,,,https://www.tmda.go.tz/uploads/1678178506-T20H0557SmPCV1.pdf,"Gastrosafe Lansoprazole, Clarithromycin And Tinidazole 267/250/500 mg Tablets/Capsules Lansoprazole, Clarithromycin And Tinidazole 267/250/500 mg Tablets/Capsules",SOURCE_LISTED,"Selected TMDA SmPC/TPAR listing, not the full registered medicines universe."
TMDA_APPROVED_PRODUCT_INFO,TMDA Approved Medicines Product Information,https://www.tmda.go.tz/index.php/pages/approved-product-information,Gemcitabile Gemcitabine Hydrochloride 1000 mg/ml Powder For Solution For Injection,Gemcitabine Hydrochloride 1000 mg/ml Powder For Solution For Injection,,,1000 mg,Injection,,,,https://www.tmda.go.tz/uploads/1678453821-T18H0585SmPCV1.pdf,Gemcitabile Gemcitabine Hydrochloride 1000 mg/ml Powder For Solution For Injection Gemcitabine Hydrochloride 1000 mg/ml Powder For Solution For Injection,SOURCE_LISTED,"Selected TMDA SmPC/TPAR listing, not the full registered medicines universe."
TMDA_APPROVED_PRODUCT_INFO,TMDA Approved Medicines Product Information,https://www.tmda.go.tz/index.php/pages/approved-product-information,Gemcitabine,Gemcitabine hydrochloride Lyophilized Powder for Injection 200 mg,,,200 mg,Powder for injection,,,,https://www.tmda.go.tz/uploads/1658222395-T19H0739SmPCv1.pdf,Gemcitabine Gemcitabine hydrochloride Lyophilized Powder for Injection 200 mg,SOURCE_LISTED,"Selected TMDA SmPC/TPAR listing, not the full registered medicines universe."
TMDA_APPROVED_PRODUCT_INFO,TMDA Approved Medicines Product Information,https://www.tmda.go.tz/index.php/pages/approved-product-information,GENLEX 125MG/5ML,Cephalexin Monohydrate Dry Powder for Oral Suspension 125mg,,,125mg,Suspension,,,,https://www.tmda.go.tz/uploads/1658390352-T20H0597SmPCv1.pdf,GENLEX 125MG/5ML Cephalexin Monohydrate Dry Powder for Oral Suspension 125mg,SOURCE_LISTED,"Selected TMDA SmPC/TPAR listing, not the full registered medicines universe."
TMDA_APPROVED_PRODUCT_INFO,TMDA Approved Medicines Product Information,https://www.tmda.go.tz/index.php/pages/approved-product-information,Genlex 250 Cephalexin 250 mg Capsules,Cephalexin 250 mg Capsules,,,250 mg,Capsules,,,,https://www.tmda.go.tz/uploads/1678178596-T20H0598SmPCV1.pdf,Genlex 250 Cephalexin 250 mg Capsules Cephalexin 250 mg Capsules,SOURCE_LISTED,"Selected TMDA SmPC/TPAR listing, not the full registered medicines universe."
TMDA_APPROVED_PRODUCT_INFO,TMDA Approved Medicines Product Information,https://www.tmda.go.tz/index.php/pages/approved-product-information,Gentamicin Sulfate,Gentamicin Sulfate Solution for injection 80mg/2mL,,,80mg/2mL,Injection,,,,https://www.tmda.go.tz/uploads/1658390475-T21H0734SmPCv1.pdf,Gentamicin Sulfate Gentamicin Sulfate Solution for injection 80mg/2mL,SOURCE_LISTED,"Selected TMDA SmPC/TPAR listing, not the full registered medicines universe."
TMDA_APPROVED_PRODUCT_INFO,TMDA Approved Medicines Product Information,https://www.tmda.go.tz/index.php/pages/approved-product-information,GESIC ADL 200 Ibuprofen Tablets 200 mg,Ibuprofen Tablets 200 mg,,,200 mg,Tablets,,,,https://www.tmda.go.tz/uploads/1678107645-TMDA0019:HM:0692_Reviewed.pdf,GESIC ADL 200 Ibuprofen Tablets 200 mg Ibuprofen Tablets 200 mg,SOURCE_LISTED,"Selected TMDA SmPC/TPAR listing, not the full registered medicines universe."
TMDA_APPROVED_PRODUCT_INFO,TMDA Approved Medicines Product Information,https://www.tmda.go.tz/index.php/pages/approved-product-information,"Ginib 100 Mg Imatinib 100 mg Tablet, Film-Coated","Imatinib 100 mg Tablet, Film-Coated",,,100 mg,Tablet,,,,https://www.tmda.go.tz/uploads/1678178767-T18H0738SmPCv1.pdf,"Ginib 100 Mg Imatinib 100 mg Tablet, Film-Coated Imatinib 100 mg Tablet, Film-Coated",SOURCE_LISTED,"Selected TMDA SmPC/TPAR listing, not the full registered medicines universe."
TMDA_APPROVED_PRODUCT_INFO,TMDA Approved Medicines Product Information,https://www.tmda.go.tz/index.php/pages/approved-product-information,GITRAL M,"Oral Preparations, 20.5 G, Powder, Oral",,,20.5 G,,,,,https://www.tmda.go.tz/uploads/1708952987-T16H0533SmPCv1.pdf,"GITRAL M Oral Preparations, 20.5 G, Powder, Oral",SOURCE_LISTED,"Selected TMDA SmPC/TPAR listing, not the full registered medicines universe."
TMDA_APPROVED_PRODUCT_INFO,TMDA Approved Medicines Product Information,https://www.tmda.go.tz/index.php/pages/approved-product-information,GLEMONT IR 10,"Montelukast Sodium, 10 mg, Tablets",,,10 mg,Tablets,,,,https://www.tmda.go.tz/uploads/1708953122-T17H0520SmPCv1.pdf,"GLEMONT IR 10 Montelukast Sodium, 10 mg, Tablets",SOURCE_LISTED,"Selected TMDA SmPC/TPAR listing, not the full registered medicines universe."
TMDA_APPROVED_PRODUCT_INFO,TMDA Approved Medicines Product Information,https://www.tmda.go.tz/index.php/pages/approved-product-information,Gliclazide 30 mg Tablets,Gliclazide 30 mg Tablets,,,30 mg,Tablets,,,,https://www.tmda.go.tz/uploads/files/Gliclazide_30_mg_Tablets.pdf,Gliclazide 30 mg Tablets Gliclazide 30 mg Tablets,SOURCE_LISTED,"Selected TMDA SmPC/TPAR listing, not the full registered medicines universe."
TMDA_APPROVED_PRODUCT_INFO,TMDA Approved Medicines Product Information,https://www.tmda.go.tz/index.php/pages/approved-product-information,Gliclazide 60 mg Tablets,Gliclazide 60 mg Tablet,,,60 mg,Tablet,,,,https://www.tmda.go.tz/uploads/files/Gliclazide_60_mg_Tablets.pdf,Gliclazide 60 mg Tablets Gliclazide 60 mg Tablet,SOURCE_LISTED,"Selected TMDA SmPC/TPAR listing, not the full registered medicines universe."
TMDA_APPROVED_PRODUCT_INFO,TMDA Approved Medicines Product Information,https://www.tmda.go.tz/index.php/pages/approved-product-information,Glimepiride 1 mg Tablets,Glimepiride 1 mg Tablets,,,1 mg,Tablets,,,,https://www.tmda.go.tz/uploads/files/Glimepiride_1_mg_Tablets_Sandoz_GmbH.pdf,Glimepiride 1 mg Tablets Glimepiride 1 mg Tablets,SOURCE_LISTED,"Selected TMDA SmPC/TPAR listing, not the full registered medicines universe."
TMDA_APPROVED_PRODUCT_INFO,TMDA Approved Medicines Product Information,https://www.tmda.go.tz/index.php/pages/approved-product-information,Glimepiride 2 mg Tablets,Glimepiride 2 mg Tablets,,,2 mg,Tablets,,,,https://www.tmda.go.tz/uploads/files/Glimepiride_2_mg_Tablets_Mankind_Pharma_Ltd.pdf,Glimepiride 2 mg Tablets Glimepiride 2 mg Tablets,SOURCE_LISTED,"Selected TMDA SmPC/TPAR listing, not the full registered medicines universe."
TMDA_APPROVED_PRODUCT_INFO,TMDA Approved Medicines Product Information,https://www.tmda.go.tz/index.php/pages/approved-product-information,Glimepiride 3 mg Tablets,Glimepiride 3 mg Tablets,,,3 mg,Tablets,,,,https://www.tmda.go.tz/uploads/files/Glimepiride_3_ mg_Tablets_Aurobindo_Pharma_Ltd.pdf,Glimepiride 3 mg Tablets Glimepiride 3 mg Tablets,SOURCE_LISTED,"Selected TMDA SmPC/TPAR listing, not the full registered medicines universe."
TMDA_APPROVED_PRODUCT_INFO,TMDA Approved Medicines Product Information,https://www.tmda.go.tz/index.php/pages/approved-product-information,Glimepiride 4 mg Tablets,Glimepiride 4 mg Tablets,,,4 mg,Tablets,,,,https://www.tmda.go.tz/uploads/files/Glimepiride_4_mg_Tablets_Aurobindo_Pharma_Ltd.pdf,Glimepiride 4 mg Tablets Glimepiride 4 mg Tablets,SOURCE_LISTED,"Selected TMDA SmPC/TPAR listing, not the full registered medicines universe."
TMDA_APPROVED_PRODUCT_INFO,TMDA Approved Medicines Product Information,https://www.tmda.go.tz/index.php/pages/approved-product-information,Gliptus 50 Mg. Vildagliptin 50 mg Tablets,Vildagliptin 50 mg Tablets,,,50 mg,Tablets,,,,https://www.tmda.go.tz/uploads/1678356271-T19H0081SmPCv1.pdf,Gliptus 50 Mg. Vildagliptin 50 mg Tablets Vildagliptin 50 mg Tablets,SOURCE_LISTED,"Selected TMDA SmPC/TPAR listing, not the full registered medicines universe."
TMDA_APPROVED_PRODUCT_INFO,TMDA Approved Medicines Product Information,https://www.tmda.go.tz/index.php/pages/approved-product-information,Glopar Paracetamol 500 mg Oral Tablet,Paracetamol 500 mg Oral Tablet,,,500 mg,Tablet,,,,https://www.tmda.go.tz/uploads/1678453961-T21H0047SmPCV1.pdf,Glopar Paracetamol 500 mg Oral Tablet Paracetamol 500 mg Oral Tablet,SOURCE_LISTED,"Selected TMDA SmPC/TPAR listing, not the full registered medicines universe."
TMDA_APPROVED_PRODUCT_INFO,TMDA Approved Medicines Product Information,https://www.tmda.go.tz/index.php/pages/approved-product-information,Glumac Artemether + Lumefantrine 20/120 mg Tablets,Artemether + Lumefantrine 20/120 mg Tablets,,,120 mg,Tablets,,,,https://www.tmda.go.tz/uploads/1678454106-T20HM0615SmPCv1.pdf,Glumac Artemether + Lumefantrine 20/120 mg Tablets Artemether + Lumefantrine 20/120 mg Tablets,SOURCE_LISTED,"Selected TMDA SmPC/TPAR listing, not the full registered medicines universe."
TMDA_APPROVED_PRODUCT_INFO,TMDA Approved Medicines Product Information,https://www.tmda.go.tz/index.php/pages/approved-product-information,Glumac Artemether + Lumefantrine 80/480 mg Tablets,Artemether + Lumefantrine 80/480 mg Tablets,,,480 mg,Tablets,,,,https://www.tmda.go.tz/uploads/1678454158-T20H0614SmPCv1.pdf,Glumac Artemether + Lumefantrine 80/480 mg Tablets Artemether + Lumefantrine 80/480 mg Tablets,SOURCE_LISTED,"Selected TMDA SmPC/TPAR listing, not the full registered medicines universe."
TMDA_APPROVED_PRODUCT_INFO,TMDA Approved Medicines Product Information,https://www.tmda.go.tz/index.php/pages/approved-product-information,Glycopyrronium Bromide,"Glycopyrronium bromide, 200 mcg/ml, Solution for injection",,,200 mcg,Injection,,,,https://www.tmda.go.tz/uploads/1708953291-TZ19H0203SmPCv1.pdf,"Glycopyrronium Bromide Glycopyrronium bromide, 200 mcg/ml, Solution for injection",SOURCE_LISTED,"Selected TMDA SmPC/TPAR listing, not the full registered medicines universe."
TMDA_APPROVED_PRODUCT_INFO,TMDA Approved Medicines Product Information,https://www.tmda.go.tz/index.php/pages/approved-product-information,GMYCIN 80,Gentamicin Sulfate Solution for injection 80 mg/2mL,,,80 mg/2mL,Injection,,,,https://www.tmda.go.tz/uploads/1658390581-2_T20H0618E1-SmPC-Approved.pdf,GMYCIN 80 Gentamicin Sulfate Solution for injection 80 mg/2mL,SOURCE_LISTED,"Selected TMDA SmPC/TPAR listing, not the full registered medicines universe."
TMDA_APPROVED_PRODUCT_INFO,TMDA Approved Medicines Product Information,https://www.tmda.go.tz/index.php/pages/approved-product-information,GMYCIN 80,Gentamicin Sulfate Solution for injection 80mg/2ml,,,80mg/2ml,Injection,,,,https://www.tmda.go.tz/uploads/1658390581-2_T20H0618E1-SmPC-Approved.pdf,GMYCIN 80 Gentamicin Sulfate Solution for injection 80mg/2ml,SOURCE_LISTED,"Selected TMDA SmPC/TPAR listing, not the full registered medicines universe."
TMDA_APPROVED_PRODUCT_INFO,TMDA Approved Medicines Product Information,https://www.tmda.go.tz/index.php/pages/approved-product-information,"Gofen 200 Ibuprofen 200 mg Capsules, Soft","Ibuprofen 200 mg Capsules, Soft",,,200 mg,Capsules,,,,https://www.tmda.go.tz/uploads/1678178864-T18H0296SmPCv1.pdf,"Gofen 200 Ibuprofen 200 mg Capsules, Soft Ibuprofen 200 mg Capsules, Soft",SOURCE_LISTED,"Selected TMDA SmPC/TPAR listing, not the full registered medicines universe."
TMDA_APPROVED_PRODUCT_INFO,TMDA Approved Medicines Product Information,https://www.tmda.go.tz/index.php/pages/approved-product-information,Gritacillin-0.5,Ampicillin Sodium 500 mg Powder For Solution For Injection,,,500 mg,Injection,,,,https://www.tmda.go.tz/uploads/1678454251-T20H0254SmPCv1.pdf,Gritacillin-0.5 Ampicillin Sodium 500 mg Powder For Solution For Injection,SOURCE_LISTED,"Selected TMDA SmPC/TPAR listing, not the full registered medicines universe."
TMDA_APPROVED_PRODUCT_INFO,TMDA Approved Medicines Product Information,https://www.tmda.go.tz/index.php/pages/approved-product-information,GUCEFOR,"Cefuroxime Axetil, 500, Film Coated Tablet",,,,Tablet,,,,https://www.tmda.go.tz/uploads/1708953379-T0018H0372 SmPCv1.pdf,"GUCEFOR Cefuroxime Axetil, 500, Film Coated Tablet",SOURCE_LISTED,"Selected TMDA SmPC/TPAR listing, not the full registered medicines universe."
TMDA_APPROVED_PRODUCT_INFO,TMDA Approved Medicines Product Information,https://www.tmda.go.tz/index.php/pages/approved-product-information,GUCEFOR,"Cefuroxime Axetil, 250, Film Coated Tablet",,,,Tablet,,,,https://www.tmda.go.tz/uploads/1708953546-T0018H0373 SmPCv1.pdf,"GUCEFOR Cefuroxime Axetil, 250, Film Coated Tablet",SOURCE_LISTED,"Selected TMDA SmPC/TPAR listing, not the full registered medicines universe."
TMDA_APPROVED_PRODUCT_INFO,TMDA Approved Medicines Product Information,https://www.tmda.go.tz/index.php/pages/approved-product-information,Gufrusemid Furosemide 10 mg/ml Solution For Injection,Furosemide 10 mg/ml Solution For Injection,,,10 mg,Injection,,,,https://www.tmda.go.tz/uploads/1678179011-T21H0985SmPCV1.pdf,Gufrusemid Furosemide 10 mg/ml Solution For Injection Furosemide 10 mg/ml Solution For Injection,SOURCE_LISTED,"Selected TMDA SmPC/TPAR listing, not the full registered medicines universe."
TMDA_APPROVED_PRODUCT_INFO,TMDA Approved Medicines Product Information,https://www.tmda.go.tz/index.php/pages/approved-product-information,GYNOGEN HP 75 IU,"Human menopausal gonadotropin (HMG) or Menotrophin 75IU, 75 IU/vial, Lyophilized Injection",,,75IU + 75 IU,Injection,,,,https://www.tmda.go.tz/uploads/1708953592-TZ19H0198SmPCv1.pdf,"GYNOGEN HP 75 IU Human menopausal gonadotropin (HMG) or Menotrophin 75IU, 75 IU/vial, Lyophilized Injection",SOURCE_LISTED,"Selected TMDA SmPC/TPAR listing, not the full registered medicines universe."
TMDA_APPROVED_PRODUCT_INFO,TMDA Approved Medicines Product Information,https://www.tmda.go.tz/index.php/pages/approved-product-information,Gynosporin Vaginal Cream Clotrimazole 10% w/w Vaginal Cream,Clotrimazole 10% w/w Vaginal Cream,,,,Cream,,,,https://www.tmda.go.tz/uploads/1678356389-T20H0573SmPCv1.pdf,Gynosporin Vaginal Cream Clotrimazole 10% w/w Vaginal Cream Clotrimazole 10% w/w Vaginal Cream,SOURCE_LISTED,"Selected TMDA SmPC/TPAR listing, not the full registered medicines universe."
TMDA_APPROVED_PRODUCT_INFO,TMDA Approved Medicines Product Information,https://www.tmda.go.tz/index.php/pages/approved-product-information,Gynosporin Vaginal Cream Clotrimazole Usp 2% W/W 2% w/w Vaginal Cream,Clotrimazole Usp 2% W/W 2% w/w Vaginal Cream,,,,Cream,,,,https://www.tmda.go.tz/uploads/1678356445-T20H0580SmPCv1.pdf,Gynosporin Vaginal Cream Clotrimazole Usp 2% W/W 2% w/w Vaginal Cream Clotrimazole Usp 2% W/W 2% w/w Vaginal Cream,SOURCE_LISTED,"Selected TMDA SmPC/TPAR listing, not the full registered medicines universe."
TMDA_APPROVED_PRODUCT_INFO,TMDA Approved Medicines Product Information,https://www.tmda.go.tz/index.php/pages/approved-product-information,Haloperidol Haloperidol 5 mg/ml Solution For Injection,Haloperidol 5 mg/ml Solution For Injection,,,5 mg,Injection,,,,https://www.tmda.go.tz/uploads/1678454577-T19H0602SmPCv1.pdf,Haloperidol Haloperidol 5 mg/ml Solution For Injection Haloperidol 5 mg/ml Solution For Injection,SOURCE_LISTED,"Selected TMDA SmPC/TPAR listing, not the full registered medicines universe."
TMDA_APPROVED_PRODUCT_INFO,TMDA Approved Medicines Product Information,https://www.tmda.go.tz/index.php/pages/approved-product-information,Hedex Tablets Aspirin + Paracetamol + Caffeine 400mg+200mg+50mg Oral Tablet,Aspirin + Paracetamol + Caffeine 400mg+200mg+50mg Oral Tablet,,,400mg + 200mg + 50mg,Tablet,,,,https://www.tmda.go.tz/uploads/1678356497-T20H0689SmPCv1.pdf,Hedex Tablets Aspirin + Paracetamol + Caffeine 400mg+200mg+50mg Oral Tablet Aspirin + Paracetamol + Caffeine 400mg+200mg+50mg Oral Tablet,SOURCE_LISTED,"Selected TMDA SmPC/TPAR listing, not the full registered medicines universe."
TMDA_APPROVED_PRODUCT_INFO,TMDA Approved Medicines Product Information,https://www.tmda.go.tz/index.php/pages/approved-product-information,Hekopenem 1G Meropenem Trihydrate 1000 mg Powder For Solution For Injection,Meropenem Trihydrate 1000 mg Powder For Solution For Injection,,,1000 mg,Injection,,,,https://www.tmda.go.tz/uploads/1678454665-T21H0477SmPCv1.pdf,Hekopenem 1G Meropenem Trihydrate 1000 mg Powder For Solution For Injection Meropenem Trihydrate 1000 mg Powder For Solution For Injection,SOURCE_LISTED,"Selected TMDA SmPC/TPAR listing, not the full registered medicines universe."
TMDA_APPROVED_PRODUCT_INFO,TMDA Approved Medicines Product Information,https://www.tmda.go.tz/index.php/pages/approved-product-information,Hemovit Ferrous Sulphate + Folic Acid +Zinc Sulphate Monoh 180.75 mg Capsules,Ferrous Sulphate + Folic Acid +Zinc Sulphate Monoh 180.75 mg Capsules,,,180.75 mg,Capsules,,,,https://www.tmda.go.tz/uploads/1678179421-T19H0609SmPCv1.pdf,Hemovit Ferrous Sulphate + Folic Acid +Zinc Sulphate Monoh 180.75 mg Capsules Ferrous Sulphate + Folic Acid +Zinc Sulphate Monoh 180.75 mg Capsules,SOURCE_LISTED,"Selected TMDA SmPC/TPAR listing, not the full registered medicines universe."
TMDA_APPROVED_PRODUCT_INFO,TMDA Approved Medicines Product Information,https://www.tmda.go.tz/index.php/pages/approved-product-information,Hepbest Tenofovir Alafenamide 25 mg Tablets,Tenofovir Alafenamide 25 mg Tablets,,,25 mg,Tablets,,,,https://www.tmda.go.tz/uploads/1678357010-T17H0740SmPCv1.pdf,Hepbest Tenofovir Alafenamide 25 mg Tablets Tenofovir Alafenamide 25 mg Tablets,SOURCE_LISTED,"Selected TMDA SmPC/TPAR listing, not the full registered medicines universe."
TMDA_APPROVED_PRODUCT_INFO,TMDA Approved Medicines Product Information,https://www.tmda.go.tz/index.php/pages/approved-product-information,HEPCINAT,"Sofosbuvir, 400 mg, Tablets",,,400 mg,Tablets,,,,https://www.tmda.go.tz/uploads/1708953787-TZ19H0234SmPCv1.pdf,"HEPCINAT Sofosbuvir, 400 mg, Tablets",SOURCE_LISTED,"Selected TMDA SmPC/TPAR listing, not the full registered medicines universe."
TMDA_APPROVED_PRODUCT_INFO,TMDA Approved Medicines Product Information,https://www.tmda.go.tz/index.php/pages/approved-product-information,Human Insulin 3 ml,Human Insulin 3 ml,,,3 ml,,,,,https://www.tmda.go.tz/uploads/files/Human_Insulin_3_ml_Novo_Nordisk.pdf,Human Insulin 3 ml Human Insulin 3 ml,SOURCE_LISTED,"Selected TMDA SmPC/TPAR listing, not the full registered medicines universe."
TMDA_APPROVED_PRODUCT_INFO,TMDA Approved Medicines Product Information,https://www.tmda.go.tz/index.php/pages/approved-product-information,IMANTO,"Pantoprazole Sodium Sesquihydrate, 40, Injection",,,,Injection,,,,https://www.tmda.go.tz/uploads/1708953911-T18H0537 SmPCV1.pdf,"IMANTO Pantoprazole Sodium Sesquihydrate, 40, Injection",SOURCE_LISTED,"Selected TMDA SmPC/TPAR listing, not the full registered medicines universe."
TMDA_APPROVED_PRODUCT_INFO,TMDA Approved Medicines Product Information,https://www.tmda.go.tz/index.php/pages/approved-product-information,IMIQUAD,"Imiquimod, 5%, Cream",,,,Cream,,,,https://www.tmda.go.tz/uploads/1708954091-T17H0519SmPCv1.pdf,"IMIQUAD Imiquimod, 5%, Cream",SOURCE_LISTED,"Selected TMDA SmPC/TPAR listing, not the full registered medicines universe."
TMDA_APPROVED_PRODUCT_INFO,TMDA Approved Medicines Product Information,https://www.tmda.go.tz/index.php/pages/approved-product-information,Inbec,"Abacavir,Dolutegravir and Lamivudine, 600/50/300 mg, Tablet, Film-coated",,,300 mg,Tablet,,,,https://www.tmda.go.tz/uploads/1708954182-SmPC.pdf,"Inbec Abacavir,Dolutegravir and Lamivudine, 600/50/300 mg, Tablet, Film-coated",SOURCE_LISTED,"Selected TMDA SmPC/TPAR listing, not the full registered medicines universe."
TMDA_APPROVED_PRODUCT_INFO,TMDA Approved Medicines Product Information,https://www.tmda.go.tz/index.php/pages/approved-product-information,INNOFIX 400,Cefixime Trihydrate Hard Gelatin Capsules of 400 mg,,,400 mg,Capsules,,,,https://www.tmda.go.tz/uploads/1658391124-T19H0843 - SmPCV1.pdf,INNOFIX 400 Cefixime Trihydrate Hard Gelatin Capsules of 400 mg,SOURCE_LISTED,"Selected TMDA SmPC/TPAR listing, not the full registered medicines universe."
TMDA_APPROVED_PRODUCT_INFO,TMDA Approved Medicines Product Information,https://www.tmda.go.tz/index.php/pages/approved-product-information,Intaflam,Ibuprofen 400 mg + Paracetamol 325 mg,,,400 mg + 325 mg,,,,,https://www.tmda.go.tz/uploads/1620036002-T19H0470SmPCv1.pdf,Intaflam Ibuprofen 400 mg + Paracetamol 325 mg,SOURCE_LISTED,"Selected TMDA SmPC/TPAR listing, not the full registered medicines universe."
TMDA_APPROVED_PRODUCT_INFO,TMDA Approved Medicines Product Information,https://www.tmda.go.tz/index.php/pages/approved-product-information,"Invel Forte L Metronidazole + Miconazole + Lidocaine 750+200+100 mg Tablet, Coated","Metronidazole + Miconazole + Lidocaine 750+200+100 mg Tablet, Coated",,,100 mg,Tablet,,,,https://www.tmda.go.tz/uploads/1678455121-T18H0010SmPCV1.pdf,"Invel Forte L Metronidazole + Miconazole + Lidocaine 750+200+100 mg Tablet, Coated Metronidazole + Miconazole + Lidocaine 750+200+100 mg Tablet, Coated",SOURCE_LISTED,"Selected TMDA SmPC/TPAR listing, not the full registered medicines universe."
TMDA_APPROVED_PRODUCT_INFO,TMDA Approved Medicines Product Information,https://www.tmda.go.tz/index.php/pages/approved-product-information,Iprax-Mol Salbutamol And Ipratropium Bromide 2.5 mg + 500 mcg Respules,Salbutamol And Ipratropium Bromide 2.5 mg + 500 mcg Respules,,,2.5 mg + 500 mcg,,,,,https://www.tmda.go.tz/uploads/1678357095-T21H0080SmPcV1.pdf,Iprax-Mol Salbutamol And Ipratropium Bromide 2.5 mg + 500 mcg Respules Salbutamol And Ipratropium Bromide 2.5 mg + 500 mcg Respules,SOURCE_LISTED,"Selected TMDA SmPC/TPAR listing, not the full registered medicines universe."
TMDA_APPROVED_PRODUCT_INFO,TMDA Approved Medicines Product Information,https://www.tmda.go.tz/index.php/pages/approved-product-information,IRBEZYD H 150/12.5,"Irbesartan and Hydrochlorothiazide, 150/12.5 mg, Tablets",,,12.5 mg,Tablets,,,,https://www.tmda.go.tz/uploads/1708954377-T19H0474 SmPCv1.pdf,"IRBEZYD H 150/12.5 Irbesartan and Hydrochlorothiazide, 150/12.5 mg, Tablets",SOURCE_LISTED,"Selected TMDA SmPC/TPAR listing, not the full registered medicines universe."
TMDA_APPROVED_PRODUCT_INFO,TMDA Approved Medicines Product Information,https://www.tmda.go.tz/index.php/pages/approved-product-information,Irbis - HT 300/12.5,"Irbesartan and Hydrochlorothiazide Tablets, 300 + 12.5 mg, Tablets",,,12.5 mg,Tablets,,,,https://www.tmda.go.tz/uploads/1708954472-TZ19H0236SmPCv1.pdf,"Irbis - HT 300/12.5 Irbesartan and Hydrochlorothiazide Tablets, 300 + 12.5 mg, Tablets",SOURCE_LISTED,"Selected TMDA SmPC/TPAR listing, not the full registered medicines universe."
TMDA_APPROVED_PRODUCT_INFO,TMDA Approved Medicines Product Information,https://www.tmda.go.tz/index.php/pages/approved-product-information,IRBIS-H 150,"Irbesartan, 150 + 12.5 mg, Tablets",,,12.5 mg,Tablets,,,,https://www.tmda.go.tz/uploads/1708954513-TZ19H02376SmPCv1.pdf,"IRBIS-H 150 Irbesartan, 150 + 12.5 mg, Tablets",SOURCE_LISTED,"Selected TMDA SmPC/TPAR listing, not the full registered medicines universe."
TMDA_APPROVED_PRODUCT_INFO,TMDA Approved Medicines Product Information,https://www.tmda.go.tz/index.php/pages/approved-product-information,Irnizet 100 Irinotecan Hcl Injection 100 mg/5 ml Intravenous Infusion,Irinotecan Hcl Injection 100 mg/5 ml Intravenous Infusion,,,100 mg/5 ml,Injection,,,,https://www.tmda.go.tz/uploads/1678357216-T21H0104SmPCv1.pdf,Irnizet 100 Irinotecan Hcl Injection 100 mg/5 ml Intravenous Infusion Irinotecan Hcl Injection 100 mg/5 ml Intravenous Infusion,SOURCE_LISTED,"Selected TMDA SmPC/TPAR listing, not the full registered medicines universe."
TMDA_APPROVED_PRODUCT_INFO,TMDA Approved Medicines Product Information,https://www.tmda.go.tz/index.php/pages/approved-product-information,Irnizet 300 Irinotecan 300/15 mg/ml Solution For Injection/Concentrate For Solution For Infusion,Irinotecan 300/15 mg/ml Solution For Injection/Concentrate For Solution For Infusion,,,15 mg,Injection,,,,https://www.tmda.go.tz/uploads/1678357320-T20H0432SmPCv1.pdf,Irnizet 300 Irinotecan 300/15 mg/ml Solution For Injection/Concentrate For Solution For Infusion Irinotecan 300/15 mg/ml Solution For Injection/Concentrate For Solution For Infusion,SOURCE_LISTED,"Selected TMDA SmPC/TPAR listing, not the full registered medicines universe."
TMDA_APPROVED_PRODUCT_INFO,TMDA Approved Medicines Product Information,https://www.tmda.go.tz/index.php/pages/approved-product-information,Irnizet 40 Irinotecan 40/2 mg/ml Solution For Injection/Concentrate For Solution For Infusion,Irinotecan 40/2 mg/ml Solution For Injection/Concentrate For Solution For Infusion,,,2 mg,Injection,,,,https://www.tmda.go.tz/uploads/1678357379-T20H0434SmPCv1.pdf,Irnizet 40 Irinotecan 40/2 mg/ml Solution For Injection/Concentrate For Solution For Infusion Irinotecan 40/2 mg/ml Solution For Injection/Concentrate For Solution For Infusion,SOURCE_LISTED,"Selected TMDA SmPC/TPAR listing, not the full registered medicines universe."
TMDA_APPROVED_PRODUCT_INFO,TMDA Approved Medicines Product Information,https://www.tmda.go.tz/index.php/pages/approved-product-information,Irnizet 500 Irinotecan 500/25 mg/ml Solution For Injection/Concentrate For Solution For Infusion,Irinotecan 500/25 mg/ml Solution For Injection/Concentrate For Solution For Infusion,,,25 mg,Injection,,,,https://www.tmda.go.tz/uploads/1678357498-T20H0433SmPCv1.pdf,Irnizet 500 Irinotecan 500/25 mg/ml Solution For Injection/Concentrate For Solution For Infusion Irinotecan 500/25 mg/ml Solution For Injection/Concentrate For Solution For Infusion,SOURCE_LISTED,"Selected TMDA SmPC/TPAR listing, not the full registered medicines universe."
TMDA_APPROVED_PRODUCT_INFO,TMDA Approved Medicines Product Information,https://www.tmda.go.tz/index.php/pages/approved-product-information,Irovel 150Mg Tablet Irbesartan 150 mg Oral Tablet,Irbesartan 150 mg Oral Tablet,,,150 mg,Tablet,,,,https://www.tmda.go.tz/uploads/1678455330-T21H0686SmPCV1.pdf,Irovel 150Mg Tablet Irbesartan 150 mg Oral Tablet Irbesartan 150 mg Oral Tablet,SOURCE_LISTED,"Selected TMDA SmPC/TPAR listing, not the full registered medicines universe."
TMDA_APPROVED_PRODUCT_INFO,TMDA Approved Medicines Product Information,https://www.tmda.go.tz/index.php/pages/approved-product-information,Irovel Tablets Irbesartan 300 mg Oral Tablet,Irbesartan 300 mg Oral Tablet,,,300 mg,Tablet,,,,https://www.tmda.go.tz/uploads/1678357737-T21H0115-SmPcV1.pdf,Irovel Tablets Irbesartan 300 mg Oral Tablet Irbesartan 300 mg Oral Tablet,SOURCE_LISTED,"Selected TMDA SmPC/TPAR listing, not the full registered medicines universe."
TMDA_APPROVED_PRODUCT_INFO,TMDA Approved Medicines Product Information,https://www.tmda.go.tz/index.php/pages/approved-product-information,Isoniazid,"Isoniazid, 100 mg, Tablets",,,100 mg,Tablets,,,,https://www.tmda.go.tz/uploads/1708954610-T19H0651SMPCVI.pdf,"Isoniazid Isoniazid, 100 mg, Tablets",SOURCE_LISTED,"Selected TMDA SmPC/TPAR listing, not the full registered medicines universe."
TMDA_APPROVED_PRODUCT_INFO,TMDA Approved Medicines Product Information,https://www.tmda.go.tz/index.php/pages/approved-product-information,Isoniazid,"Isoniazid, 300 mg, Tablets",,,300 mg,Tablets,,,,https://www.tmda.go.tz/uploads/1708954771-T20H0190 SmPCv1.pdf,"Isoniazid Isoniazid, 300 mg, Tablets",SOURCE_LISTED,"Selected TMDA SmPC/TPAR listing, not the full registered medicines universe."
TMDA_APPROVED_PRODUCT_INFO,TMDA Approved Medicines Product Information,https://www.tmda.go.tz/index.php/pages/approved-product-information,Isoniazid Isoniazid 100 mg Tablets,Isoniazid 100 mg Tablets,,,100 mg,Tablets,,,,https://www.tmda.go.tz/uploads/1678455385-T19H0695SmPCV1.pdf,Isoniazid Isoniazid 100 mg Tablets Isoniazid 100 mg Tablets,SOURCE_LISTED,"Selected TMDA SmPC/TPAR listing, not the full registered medicines universe."
TMDA_APPROVED_PRODUCT_INFO,TMDA Approved Medicines Product Information,https://www.tmda.go.tz/index.php/pages/approved-product-information,Isoniazid Tablet BP,"Isoniazid, 100 mg, Tablets",,,100 mg,Tablets,,,,https://www.tmda.go.tz/uploads/1708954690-T19H0720SmPCv1.pdf,"Isoniazid Tablet BP Isoniazid, 100 mg, Tablets",SOURCE_LISTED,"Selected TMDA SmPC/TPAR listing, not the full registered medicines universe."
TMDA_APPROVED_PRODUCT_INFO,TMDA Approved Medicines Product Information,https://www.tmda.go.tz/index.php/pages/approved-product-information,Isoniazid Tablet Bp Isoniazid 300 mg Tablets,Isoniazid 300 mg Tablets,,,300 mg,Tablets,,,,https://www.tmda.go.tz/uploads/1678455486-T19H0741SmPCV1.pdf,Isoniazid Tablet Bp Isoniazid 300 mg Tablets Isoniazid 300 mg Tablets,SOURCE_LISTED,"Selected TMDA SmPC/TPAR listing, not the full registered medicines universe."
TMDA_APPROVED_PRODUCT_INFO,TMDA Approved Medicines Product Information,https://www.tmda.go.tz/index.php/pages/approved-product-information,Kardam 10 Amlodipine Besylate 10 mg Tablets,Amlodipine Besylate 10 mg Tablets,,,10 mg,Tablets,,,,https://www.tmda.go.tz/uploads/1678358060-T20H0640SmPCv1.pdf,Kardam 10 Amlodipine Besylate 10 mg Tablets Amlodipine Besylate 10 mg Tablets,SOURCE_LISTED,"Selected TMDA SmPC/TPAR listing, not the full registered medicines universe."
TMDA_APPROVED_PRODUCT_INFO,TMDA Approved Medicines Product Information,https://www.tmda.go.tz/index.php/pages/approved-product-information,Kardam 5 Amlodipine Besylate 5 mg Tablets,Amlodipine Besylate 5 mg Tablets,,,5 mg,Tablets,,,,https://www.tmda.go.tz/uploads/1678358146-T20H0641SmPCv1.pdf,Kardam 5 Amlodipine Besylate 5 mg Tablets Amlodipine Besylate 5 mg Tablets,SOURCE_LISTED,"Selected TMDA SmPC/TPAR listing, not the full registered medicines universe."
TMDA_APPROVED_PRODUCT_INFO,TMDA Approved Medicines Product Information,https://www.tmda.go.tz/index.php/pages/approved-product-information,Ketapil Ketamine Hydrochloride 50 mg Solution For Injection,Ketamine Hydrochloride 50 mg Solution For Injection,,,50 mg,Injection,,,,https://www.tmda.go.tz/uploads/1678179765-T21H0317SmPCV1.pdf,Ketapil Ketamine Hydrochloride 50 mg Solution For Injection Ketamine Hydrochloride 50 mg Solution For Injection,SOURCE_LISTED,"Selected TMDA SmPC/TPAR listing, not the full registered medicines universe."
TMDA_APPROVED_PRODUCT_INFO,TMDA Approved Medicines Product Information,https://www.tmda.go.tz/index.php/pages/approved-product-information,Kipel – 10,Montelukast sodium chewable Tablets 10 mg,,,10 mg,Tablets,,,,https://www.tmda.go.tz/uploads/1717153028-TFDA14-HM-0003SmPC_Accepted.pdf,Kipel – 10 Montelukast sodium chewable Tablets 10 mg,SOURCE_LISTED,"Selected TMDA SmPC/TPAR listing, not the full registered medicines universe."
TMDA_APPROVED_PRODUCT_INFO,TMDA Approved Medicines Product Information,https://www.tmda.go.tz/index.php/pages/approved-product-information,KLABIL™ BID,Amoxicillin Trihydrate and Clavulanic Acid Powder for Oral Suspension 200 mg / 5 mL + 28.5 mg / 5 Ml,,,200 mg / 5 mL + 28.5 mg / 5 Ml,Suspension,,,,https://www.tmda.go.tz/uploads/1658391219-T20H0537SmPCv1.pdf,KLABIL™ BID Amoxicillin Trihydrate and Clavulanic Acid Powder for Oral Suspension 200 mg / 5 mL + 28.5 mg / 5 Ml,SOURCE_LISTED,"Selected TMDA SmPC/TPAR listing, not the full registered medicines universe."
TMDA_APPROVED_PRODUCT_INFO,TMDA Approved Medicines Product Information,https://www.tmda.go.tz/index.php/pages/approved-product-information,KLACID IV,"Clarithromycin, 500 mg, Powder for solution for injection",,,500 mg,Injection,,,,https://www.tmda.go.tz/uploads/1708955001-TZ19H0188SmPCv1.pdf,"KLACID IV Clarithromycin, 500 mg, Powder for solution for injection",SOURCE_LISTED,"Selected TMDA SmPC/TPAR listing, not the full registered medicines universe."
TMDA_APPROVED_PRODUCT_INFO,TMDA Approved Medicines Product Information,https://www.tmda.go.tz/index.php/pages/approved-product-information,Klar,Clarithromycin 500 mg tablets,,,500 mg,Tablets,,,,https://www.tmda.go.tz/uploads/1620043594-T20H0109SmPCv1.pdf,Klar Clarithromycin 500 mg tablets,SOURCE_LISTED,"Selected TMDA SmPC/TPAR listing, not the full registered medicines universe."
TMDA_APPROVED_PRODUCT_INFO,TMDA Approved Medicines Product Information,https://www.tmda.go.tz/index.php/pages/approved-product-information,Klar,Clarithromycin 250 mg tablets,,,250 mg,Tablets,,,,https://www.tmda.go.tz/uploads/1620043643-T20H0110SmPCv1.pdf,Klar Clarithromycin 250 mg tablets,SOURCE_LISTED,"Selected TMDA SmPC/TPAR listing, not the full registered medicines universe."
TMDA_APPROVED_PRODUCT_INFO,TMDA Approved Medicines Product Information,https://www.tmda.go.tz/index.php/pages/approved-product-information,LABEVER,"Labetalol, 5, Solution for injection",,,,Injection,,,,https://www.tmda.go.tz/uploads/1708955210-T18H0462SmPCV1.pdf,"LABEVER Labetalol, 5, Solution for injection",SOURCE_LISTED,"Selected TMDA SmPC/TPAR listing, not the full registered medicines universe."
TMDA_APPROVED_PRODUCT_INFO,TMDA Approved Medicines Product Information,https://www.tmda.go.tz/index.php/pages/approved-product-information,Lacasa 100,"Lacosamide, 100, Film Coated Tablet",,,,Tablet,,,,https://www.tmda.go.tz/uploads/1708955335-T19H0572 SmPCV1.pdf,"Lacasa 100 Lacosamide, 100, Film Coated Tablet",SOURCE_LISTED,"Selected TMDA SmPC/TPAR listing, not the full registered medicines universe."
TMDA_APPROVED_PRODUCT_INFO,TMDA Approved Medicines Product Information,https://www.tmda.go.tz/index.php/pages/approved-product-information,Lacasa 150,"Lacosamide, 150, Film Coated Tablet",,,,Tablet,,,,https://www.tmda.go.tz/uploads/1708955280-T19H0571 SmPCV1.pdf,"Lacasa 150 Lacosamide, 150, Film Coated Tablet",SOURCE_LISTED,"Selected TMDA SmPC/TPAR listing, not the full registered medicines universe."
TMDA_APPROVED_PRODUCT_INFO,TMDA Approved Medicines Product Information,https://www.tmda.go.tz/index.php/pages/approved-product-information,Lamifen Terbinafine Hydrochloride 10 mg Cream,Terbinafine Hydrochloride 10 mg Cream,,,10 mg,Cream,,,,https://www.tmda.go.tz/uploads/1678358247-T21H0060SmPCv1.pdf,Lamifen Terbinafine Hydrochloride 10 mg Cream Terbinafine Hydrochloride 10 mg Cream,SOURCE_LISTED,"Selected TMDA SmPC/TPAR listing, not the full registered medicines universe."
TMDA_APPROVED_PRODUCT_INFO,TMDA Approved Medicines Product Information,https://www.tmda.go.tz/index.php/pages/approved-product-information,Lamitar Am Artemether And Lumefantrine 120/20 mg Tablets,Artemether And Lumefantrine 120/20 mg Tablets,,,20 mg,Tablets,,,,https://www.tmda.go.tz/uploads/1678358478-T19H0041SmPCv0.pdf,Lamitar Am Artemether And Lumefantrine 120/20 mg Tablets Artemether And Lumefantrine 120/20 mg Tablets,SOURCE_LISTED,"Selected TMDA SmPC/TPAR listing, not the full registered medicines universe."
TMDA_APPROVED_PRODUCT_INFO,TMDA Approved Medicines Product Information,https://www.tmda.go.tz/index.php/pages/approved-product-information,Lamivudine/Nevirapine/Zidovudine,Lamivudine/Nevirapine/Zidovudine Tablet 150 mg+200 mg+300 mg,,,150 mg + 200 mg + 300 mg,Tablet,,,,https://www.tmda.go.tz/uploads/1658391445-4_T16H0625E2- SmPC-Approved.pdf,Lamivudine/Nevirapine/Zidovudine Lamivudine/Nevirapine/Zidovudine Tablet 150 mg+200 mg+300 mg,SOURCE_LISTED,"Selected TMDA SmPC/TPAR listing, not the full registered medicines universe."
TMDA_APPROVED_PRODUCT_INFO,TMDA Approved Medicines Product Information,https://www.tmda.go.tz/index.php/pages/approved-product-information,Lamivudine/Nevirapine/Zidovudine,"Lamivudine + Nevirapine + Zidovudine, 30/50/60 mg, Tablets",,,60 mg,Tablets,,,,https://www.tmda.go.tz/uploads/1708955423-TAN21H0065SmPCv1.pdf,"Lamivudine/Nevirapine/Zidovudine Lamivudine + Nevirapine + Zidovudine, 30/50/60 mg, Tablets",SOURCE_LISTED,"Selected TMDA SmPC/TPAR listing, not the full registered medicines universe."
TMDA_APPROVED_PRODUCT_INFO,TMDA Approved Medicines Product Information,https://www.tmda.go.tz/index.php/pages/approved-product-information,Lamsev 800 Sevelamer 800 mg Film Coated Tablet,Sevelamer 800 mg Film Coated Tablet,,,800 mg,Tablet,,,,https://www.tmda.go.tz/uploads/1678455761-T21H0161SmPCV1.pdf,Lamsev 800 Sevelamer 800 mg Film Coated Tablet Sevelamer 800 mg Film Coated Tablet,SOURCE_LISTED,"Selected TMDA SmPC/TPAR listing, not the full registered medicines universe."
TMDA_APPROVED_PRODUCT_INFO,TMDA Approved Medicines Product Information,https://www.tmda.go.tz/index.php/pages/approved-product-information,Lariact Artemether + Lumefantrine 20 + 200 mg Tablets,Artemether + Lumefantrine 20 + 200 mg Tablets,,,200 mg,Tablets,,,,https://www.tmda.go.tz/uploads/1678180371-T16H0685SmPCv1.pdf,Lariact Artemether + Lumefantrine 20 + 200 mg Tablets Artemether + Lumefantrine 20 + 200 mg Tablets,SOURCE_LISTED,"Selected TMDA SmPC/TPAR listing, not the full registered medicines universe."
TMDA_APPROVED_PRODUCT_INFO,TMDA Approved Medicines Product Information,https://www.tmda.go.tz/index.php/pages/approved-product-information,Lastmol Tablets Salbutamol Sulphate 4 mg Tablets,Salbutamol Sulphate 4 mg Tablets,,,4 mg,Tablets,,,,https://www.tmda.go.tz/uploads/1678455827-T19H0139SmPCV1 2.pdf,Lastmol Tablets Salbutamol Sulphate 4 mg Tablets Salbutamol Sulphate 4 mg Tablets,SOURCE_LISTED,"Selected TMDA SmPC/TPAR listing, not the full registered medicines universe."
TMDA_APPROVED_PRODUCT_INFO,TMDA Approved Medicines Product Information,https://www.tmda.go.tz/index.php/pages/approved-product-information,Ledobook 20 Lenalidomide 20 mg Hard Gelatin Capsules,Lenalidomide 20 mg Hard Gelatin Capsules,,,20 mg,Capsules,,,,https://www.tmda.go.tz/uploads/1678455893-T21H0951SmPCV1.pdf,Ledobook 20 Lenalidomide 20 mg Hard Gelatin Capsules Lenalidomide 20 mg Hard Gelatin Capsules,SOURCE_LISTED,"Selected TMDA SmPC/TPAR listing, not the full registered medicines universe."
TMDA_APPROVED_PRODUCT_INFO,TMDA Approved Medicines Product Information,https://www.tmda.go.tz/index.php/pages/approved-product-information,Ledvir Ledipasvir 90Mg/Sofosbuvir 400Mg 90 + 40 mg Film Coated Tablets,Ledipasvir 90Mg/Sofosbuvir 400Mg 90 + 40 mg Film Coated Tablets,,,90Mg + 400Mg + 40 mg,Tablets,,,,https://www.tmda.go.tz/uploads/1678358796-T16H0179SmPCv1.pdf,Ledvir Ledipasvir 90Mg/Sofosbuvir 400Mg 90 + 40 mg Film Coated Tablets Ledipasvir 90Mg/Sofosbuvir 400Mg 90 + 40 mg Film Coated Tablets,SOURCE_LISTED,"Selected TMDA SmPC/TPAR listing, not the full registered medicines universe."
TMDA_APPROVED_PRODUCT_INFO,TMDA Approved Medicines Product Information,https://www.tmda.go.tz/index.php/pages/approved-product-information,Lefno Leflunomide 20 mg Solid Oral Film Coated Tablet,Leflunomide 20 mg Solid Oral Film Coated Tablet,,,20 mg,Tablet,,,,https://www.tmda.go.tz/uploads/1678456287-T21H0092SmPCV1.pdf,Lefno Leflunomide 20 mg Solid Oral Film Coated Tablet Leflunomide 20 mg Solid Oral Film Coated Tablet,SOURCE_LISTED,"Selected TMDA SmPC/TPAR listing, not the full registered medicines universe."
TMDA_APPROVED_PRODUCT_INFO,TMDA Approved Medicines Product Information,https://www.tmda.go.tz/index.php/pages/approved-product-information,lenoside 10,"Lenalidomide, 10 mg, Capsules",,,10 mg,Capsules,,,,https://www.tmda.go.tz/uploads/1708958283-TZ19H0214SmPCv1.pdf,"lenoside 10 Lenalidomide, 10 mg, Capsules",SOURCE_LISTED,"Selected TMDA SmPC/TPAR listing, not the full registered medicines universe."
TMDA_APPROVED_PRODUCT_INFO,TMDA Approved Medicines Product Information,https://www.tmda.go.tz/index.php/pages/approved-product-information,lenoside 15,"Lenalidomide, 15 mg, Capsules, hard",,,15 mg,Capsules,,,,https://www.tmda.go.tz/uploads/1708958492-TZ19H0215SmPCv1.pdf,"lenoside 15 Lenalidomide, 15 mg, Capsules, hard",SOURCE_LISTED,"Selected TMDA SmPC/TPAR listing, not the full registered medicines universe."
TMDA_APPROVED_PRODUCT_INFO,TMDA Approved Medicines Product Information,https://www.tmda.go.tz/index.php/pages/approved-product-information,LENOSIDE 25,"Lenalidomide, 25 mg, Capsules",,,25 mg,Capsules,,,,https://www.tmda.go.tz/uploads/1708958536-TZ19H0213SmPCv1.pdf,"LENOSIDE 25 Lenalidomide, 25 mg, Capsules",SOURCE_LISTED,"Selected TMDA SmPC/TPAR listing, not the full registered medicines universe."
TMDA_APPROVED_PRODUCT_INFO,TMDA Approved Medicines Product Information,https://www.tmda.go.tz/index.php/pages/approved-product-information,Leptica Pregabalin 150 mg Capsules,Pregabalin 150 mg Capsules,,,150 mg,Capsules,,,,https://www.tmda.go.tz/uploads/1678180438-T19H0738SmPCv1.pdf,Leptica Pregabalin 150 mg Capsules Pregabalin 150 mg Capsules,SOURCE_LISTED,"Selected TMDA SmPC/TPAR listing, not the full registered medicines universe."
TMDA_APPROVED_PRODUCT_INFO,TMDA Approved Medicines Product Information,https://www.tmda.go.tz/index.php/pages/approved-product-information,Letrozole Denk 2.5,Letrozole 2.5 mg,,,2.5 mg,,,,,https://www.tmda.go.tz/uploads/1619779966-T17H0040SmPCv1.pdf,Letrozole Denk 2.5 Letrozole 2.5 mg,SOURCE_LISTED,"Selected TMDA SmPC/TPAR listing, not the full registered medicines universe."
TMDA_APPROVED_PRODUCT_INFO,TMDA Approved Medicines Product Information,https://www.tmda.go.tz/index.php/pages/approved-product-information,Leveget Levetiracetam 500mg/5ml Solution For Injection,Levetiracetam 500mg/5ml Solution For Injection,,,500mg/5ml,Injection,,,,https://www.tmda.go.tz/uploads/1678456334-T20H0613SmPCv1.pdf,Leveget Levetiracetam 500mg/5ml Solution For Injection Levetiracetam 500mg/5ml Solution For Injection,SOURCE_LISTED,"Selected TMDA SmPC/TPAR listing, not the full registered medicines universe."
TMDA_APPROVED_PRODUCT_INFO,TMDA Approved Medicines Product Information,https://www.tmda.go.tz/index.php/pages/approved-product-information,LEVEGET TM,Levetiracetam Film coated tablet 250mg,,,250mg,Tablet,,,,https://www.tmda.go.tz/uploads/1658391660-T20H0609SmPCv1.pdf,LEVEGET TM Levetiracetam Film coated tablet 250mg,SOURCE_LISTED,"Selected TMDA SmPC/TPAR listing, not the full registered medicines universe."
TMDA_APPROVED_PRODUCT_INFO,TMDA Approved Medicines Product Information,https://www.tmda.go.tz/index.php/pages/approved-product-information,LEVEGET TM,Levetiracetam Film coated tablet 500mg,,,500mg,Tablet,,,,https://www.tmda.go.tz/uploads/1658391733-T020H0611SmPCv1.pdf,LEVEGET TM Levetiracetam Film coated tablet 500mg,SOURCE_LISTED,"Selected TMDA SmPC/TPAR listing, not the full registered medicines universe."
TMDA_APPROVED_PRODUCT_INFO,TMDA Approved Medicines Product Information,https://www.tmda.go.tz/index.php/pages/approved-product-information,Levorest,Levonogestrel 0.15 mg + Ethynylestradiol 0.03 mg,,,0.15 mg + 0.03 mg,,,,,https://www.tmda.go.tz/uploads/1620034094-T19H0259SmPCv1.pdf,Levorest Levonogestrel 0.15 mg + Ethynylestradiol 0.03 mg,SOURCE_LISTED,"Selected TMDA SmPC/TPAR listing, not the full registered medicines universe."
TMDA_APPROVED_PRODUCT_INFO,TMDA Approved Medicines Product Information,https://www.tmda.go.tz/index.php/pages/approved-product-information,Levozin Levocetrizine Dihydrochloride 2.5 mg/5 ml Syrup,Levocetrizine Dihydrochloride 2.5 mg/5 ml Syrup,,,2.5 mg/5 ml,Syrup,,,,https://www.tmda.go.tz/uploads/1678456403-T21H0731SmPCv1.pdf,Levozin Levocetrizine Dihydrochloride 2.5 mg/5 ml Syrup Levocetrizine Dihydrochloride 2.5 mg/5 ml Syrup,SOURCE_LISTED,"Selected TMDA SmPC/TPAR listing, not the full registered medicines universe."
TMDA_APPROVED_PRODUCT_INFO,TMDA Approved Medicines Product Information,https://www.tmda.go.tz/index.php/pages/approved-product-information,Lido-care,"Lidocaine, 2, Solution for injection",,,,Injection,,,,https://www.tmda.go.tz/uploads/1708959888-T19H0321SMPCV1.pdf,"Lido-care Lidocaine, 2, Solution for injection",SOURCE_LISTED,"Selected TMDA SmPC/TPAR listing, not the full registered medicines universe."
TMDA_APPROVED_PRODUCT_INFO,TMDA Approved Medicines Product Information,https://www.tmda.go.tz/index.php/pages/approved-product-information,"Lidocaine 2% And Adrenaline 1:200,000 Adrenaline + Lignocaine 2% Injection",Adrenaline + Lignocaine 2% Injection,,,,Injection,,,,https://www.tmda.go.tz/uploads/1678456454-T19H0762SmPcv1.pdf,"Lidocaine 2% And Adrenaline 1:200,000 Adrenaline + Lignocaine 2% Injection Adrenaline + Lignocaine 2% Injection",SOURCE_LISTED,"Selected TMDA SmPC/TPAR listing, not the full registered medicines universe."
TMDA_APPROVED_PRODUCT_INFO,TMDA Approved Medicines Product Information,https://www.tmda.go.tz/index.php/pages/approved-product-information,Linezod Linezolid Tablets 600 Mg 600mg Film Coated Tablet,Linezolid Tablets 600 Mg 600mg Film Coated Tablet,,,600 Mg + 600mg,Tablets,,,,https://www.tmda.go.tz/uploads/1678358879-T21H0214SmPCv1.pdf,Linezod Linezolid Tablets 600 Mg 600mg Film Coated Tablet Linezolid Tablets 600 Mg 600mg Film Coated Tablet,SOURCE_LISTED,"Selected TMDA SmPC/TPAR listing, not the full registered medicines universe."
TMDA_APPROVED_PRODUCT_INFO,TMDA Approved Medicines Product Information,https://www.tmda.go.tz/index.php/pages/approved-product-information,Lopinavir and Ritonavir Tablet 200 mg/50 mg,"Lopinavir and Ritonavir, 200/50 mg, Tablet, Film-coated",,,50 mg,Tablet,,,,https://www.tmda.go.tz/uploads/1708960148-T20H0040SmPC.pdf,"Lopinavir and Ritonavir Tablet 200 mg/50 mg Lopinavir and Ritonavir, 200/50 mg, Tablet, Film-coated",SOURCE_LISTED,"Selected TMDA SmPC/TPAR listing, not the full registered medicines universe."
TMDA_APPROVED_PRODUCT_INFO,TMDA Approved Medicines Product Information,https://www.tmda.go.tz/index.php/pages/approved-product-information,Lopinavir and Ritonavir Tablets 100 mg/25 mg,"Lopinavir + Ritonavir, 100/25 mg, Tablet, Film-coated",,,25 mg,Tablet,,,,https://www.tmda.go.tz/uploads/1708960219-T20H0039SmPC.pdf,"Lopinavir and Ritonavir Tablets 100 mg/25 mg Lopinavir + Ritonavir, 100/25 mg, Tablet, Film-coated",SOURCE_LISTED,"Selected TMDA SmPC/TPAR listing, not the full registered medicines universe."
TMDA_APPROVED_PRODUCT_INFO,TMDA Approved Medicines Product Information,https://www.tmda.go.tz/index.php/pages/approved-product-information,"Lordes Desloratadine 5 mg Tablet, Film-Coated","Desloratadine 5 mg Tablet, Film-Coated",,,5 mg,Tablet,,,,https://www.tmda.go.tz/uploads/1678358935-T21H0088SmPCv1.pdf,"Lordes Desloratadine 5 mg Tablet, Film-Coated Desloratadine 5 mg Tablet, Film-Coated",SOURCE_LISTED,"Selected TMDA SmPC/TPAR listing, not the full registered medicines universe."
TMDA_APPROVED_PRODUCT_INFO,TMDA Approved Medicines Product Information,https://www.tmda.go.tz/index.php/pages/approved-product-information,Lorias,"Desloratadine, 0.5, Syrup",,,,Syrup,,,,https://www.tmda.go.tz/uploads/1708960399-T19H0143-SmPC.pdf,"Lorias Desloratadine, 0.5, Syrup",SOURCE_LISTED,"Selected TMDA SmPC/TPAR listing, not the full registered medicines universe."
TMDA_APPROVED_PRODUCT_INFO,TMDA Approved Medicines Product Information,https://www.tmda.go.tz/index.php/pages/approved-product-information,Lorinase Loratidine + Pseudoephedrine 5/60 mg Syrup,Loratidine + Pseudoephedrine 5/60 mg Syrup,,,60 mg,Syrup,,,,https://www.tmda.go.tz/uploads/1678180507-T20H0244SmPCv1.pdf,Lorinase Loratidine + Pseudoephedrine 5/60 mg Syrup Loratidine + Pseudoephedrine 5/60 mg Syrup,SOURCE_LISTED,"Selected TMDA SmPC/TPAR listing, not the full registered medicines universe."
TMDA_APPROVED_PRODUCT_INFO,TMDA Approved Medicines Product Information,https://www.tmda.go.tz/index.php/pages/approved-product-information,Lorine Loratidine 5 mg/5ml Syrup,Loratidine 5 mg/5ml Syrup,,,5 mg/5ml,Syrup,,,,https://www.tmda.go.tz/uploads/1678180604-T20H0245SmPCv1.pdf,Lorine Loratidine 5 mg/5ml Syrup Loratidine 5 mg/5ml Syrup,SOURCE_LISTED,"Selected TMDA SmPC/TPAR listing, not the full registered medicines universe."
TMDA_APPROVED_PRODUCT_INFO,TMDA Approved Medicines Product Information,https://www.tmda.go.tz/index.php/pages/approved-product-information,losacar 50,"Losartan Potassium, 50, Tablet, Enteric Coated",,,,Tablet,,,,https://www.tmda.go.tz/uploads/1708960539-T17H0813SmPCV1.pdf,"losacar 50 Losartan Potassium, 50, Tablet, Enteric Coated",SOURCE_LISTED,"Selected TMDA SmPC/TPAR listing, not the full registered medicines universe."
TMDA_APPROVED_PRODUCT_INFO,TMDA Approved Medicines Product Information,https://www.tmda.go.tz/index.php/pages/approved-product-information,LOSACAR H 100/25,"Losartan Potassium and Hydrochlorothiazide, 100/25 mg, Tablets",,,25 mg,Tablets,,,,https://www.tmda.go.tz/uploads/1708960596-T18H0771 SmPCv1.pdf,"LOSACAR H 100/25 Losartan Potassium and Hydrochlorothiazide, 100/25 mg, Tablets",SOURCE_LISTED,"Selected TMDA SmPC/TPAR listing, not the full registered medicines universe."
TMDA_APPROVED_PRODUCT_INFO,TMDA Approved Medicines Product Information,https://www.tmda.go.tz/index.php/pages/approved-product-information,LOSACAR H 50/12.5,"Losartan Potassium and Hydrochlorothiazide, 50/12.5 mg, Tablets",,,12.5 mg,Tablets,,,,https://www.tmda.go.tz/uploads/1708960646-T18H0772 SmPCv1.pdf,"LOSACAR H 50/12.5 Losartan Potassium and Hydrochlorothiazide, 50/12.5 mg, Tablets",SOURCE_LISTED,"Selected TMDA SmPC/TPAR listing, not the full registered medicines universe."
TMDA_APPROVED_PRODUCT_INFO,TMDA Approved Medicines Product Information,https://www.tmda.go.tz/index.php/pages/approved-product-information,LOSARZED 50,"Losartan, 50, Tablet, Film-coated",,,,Tablet,,,,https://www.tmda.go.tz/uploads/1708960716-T18H0042 SmPCV1.pdf,"LOSARZED 50 Losartan, 50, Tablet, Film-coated",SOURCE_LISTED,"Selected TMDA SmPC/TPAR listing, not the full registered medicines universe."
TMDA_APPROVED_PRODUCT_INFO,TMDA Approved Medicines Product Information,https://www.tmda.go.tz/index.php/pages/approved-product-information,Lulizol cream,Luliconazole 1%w/w cream,,,1%,Cream,,,,https://www.tmda.go.tz/uploads/1620043556-T20H0103SmPCv1.pdf,Lulizol cream Luliconazole 1%w/w cream,SOURCE_LISTED,"Selected TMDA SmPC/TPAR listing, not the full registered medicines universe."
TMDA_APPROVED_PRODUCT_INFO,TMDA Approved Medicines Product Information,https://www.tmda.go.tz/index.php/pages/approved-product-information,Lumartem,20 mg Artemether and 120 mg Lumefantrine,,,20 mg + 120 mg,,,,,https://www.tmda.go.tz/uploads/1717145878-TDA11-HM-0105SmPC-Accepted.pdf,Lumartem 20 mg Artemether and 120 mg Lumefantrine,SOURCE_LISTED,"Selected TMDA SmPC/TPAR listing, not the full registered medicines universe."
TMDA_APPROVED_PRODUCT_INFO,TMDA Approved Medicines Product Information,https://www.tmda.go.tz/index.php/pages/approved-product-information,Magspec Magnesium Sulphate 50 mg Iv/Im,Magnesium Sulphate 50 mg Iv/Im,,,50 mg,,,,,https://www.tmda.go.tz/uploads/1678182217-T21H0664SmPCV1.pdf,Magspec Magnesium Sulphate 50 mg Iv/Im Magnesium Sulphate 50 mg Iv/Im,SOURCE_LISTED,"Selected TMDA SmPC/TPAR listing, not the full registered medicines universe."
TMDA_APPROVED_PRODUCT_INFO,TMDA Approved Medicines Product Information,https://www.tmda.go.tz/index.php/pages/approved-product-information,Majerol Carbamazepine 200 Oral Tablet,Carbamazepine 200 Oral Tablet,,,,Tablet,,,,https://www.tmda.go.tz/uploads/1678182334-T21H0729SmPCv1.pdf,Majerol Carbamazepine 200 Oral Tablet Carbamazepine 200 Oral Tablet,SOURCE_LISTED,"Selected TMDA SmPC/TPAR listing, not the full registered medicines universe."
TMDA_APPROVED_PRODUCT_INFO,TMDA Approved Medicines Product Information,https://www.tmda.go.tz/index.php/pages/approved-product-information,Melox Fort Meloxicam 15 mg Tablets,Meloxicam 15 mg Tablets,,,15 mg,Tablets,,,,https://www.tmda.go.tz/uploads/1678182444-T21H0809SmPCV1.pdf,Melox Fort Meloxicam 15 mg Tablets Meloxicam 15 mg Tablets,SOURCE_LISTED,"Selected TMDA SmPC/TPAR listing, not the full registered medicines universe."
TMDA_APPROVED_PRODUCT_INFO,TMDA Approved Medicines Product Information,https://www.tmda.go.tz/index.php/pages/approved-product-information,Meloxicam,Meloxicam 15 mg tablets,,,15 mg,Tablets,,,,https://www.tmda.go.tz/uploads/1620040870-T19H0553SmPCv1.pdf,Meloxicam Meloxicam 15 mg tablets,SOURCE_LISTED,"Selected TMDA SmPC/TPAR listing, not the full registered medicines universe."
TMDA_APPROVED_PRODUCT_INFO,TMDA Approved Medicines Product Information,https://www.tmda.go.tz/index.php/pages/approved-product-information,Meloxicam,Meloxicam 7.5 mg tablets,,,7.5 mg,Tablets,,,,https://www.tmda.go.tz/uploads/1620040906-T19H0554SmPCv1.pdf,Meloxicam Meloxicam 7.5 mg tablets,SOURCE_LISTED,"Selected TMDA SmPC/TPAR listing, not the full registered medicines universe."
TMDA_APPROVED_PRODUCT_INFO,TMDA Approved Medicines Product Information,https://www.tmda.go.tz/index.php/pages/approved-product-information,Metaver Metaraminol 10 mg/ml Solution For Injection,Metaraminol 10 mg/ml Solution For Injection,,,10 mg,Injection,,,,https://www.tmda.go.tz/uploads/1678182501-T19H0671SmPCv1.pdf,Metaver Metaraminol 10 mg/ml Solution For Injection Metaraminol 10 mg/ml Solution For Injection,SOURCE_LISTED,"Selected TMDA SmPC/TPAR listing, not the full registered medicines universe."
TMDA_APPROVED_PRODUCT_INFO,TMDA Approved Medicines Product Information,https://www.tmda.go.tz/index.php/pages/approved-product-information,Metformin Hydrochloride 1000 mg Tablets,Metformin Hydrochloride 1000 mg Tablets,,,1000 mg,Tablets,,,,https://www.tmda.go.tz/uploads/files/Metformin_Hydrochloride_1000_mg_Tablets_Mega_Lifesciences_Public_Company_Ltd.pdf,Metformin Hydrochloride 1000 mg Tablets Metformin Hydrochloride 1000 mg Tablets,SOURCE_LISTED,"Selected TMDA SmPC/TPAR listing, not the full registered medicines universe."
TMDA_APPROVED_PRODUCT_INFO,TMDA Approved Medicines Product Information,https://www.tmda.go.tz/index.php/pages/approved-product-information,Metformin Hydrochloride 500 mg Tablets,Metformin Hydrochloride 500 mg Tablets,,,500 mg,Tablets,,,,https://www.tmda.go.tz/uploads/files/Metformin_Hydrochloride_500_mg_Tablets_Bafna_Pharmaceuticals_Ltd.pdf,Metformin Hydrochloride 500 mg Tablets Metformin Hydrochloride 500 mg Tablets,SOURCE_LISTED,"Selected TMDA SmPC/TPAR listing, not the full registered medicines universe."
TMDA_APPROVED_PRODUCT_INFO,TMDA Approved Medicines Product Information,https://www.tmda.go.tz/index.php/pages/approved-product-information,Metformin Hydrochloride 500 mg Tablets XR,Metformin Hydrochloride 500 mg Tablets XR,,,500 mg,Tablets,,,,https://www.tmda.go.tz/uploads/files/Metformin_Hydrochloride_500_mg_Tablets_XR_Hovid_Bhd.pdf,Metformin Hydrochloride 500 mg Tablets XR Metformin Hydrochloride 500 mg Tablets XR,SOURCE_LISTED,"Selected TMDA SmPC/TPAR listing, not the full registered medicines universe."
TMDA_APPROVED_PRODUCT_INFO,TMDA Approved Medicines Product Information,https://www.tmda.go.tz/index.php/pages/approved-product-information,Metformin Hydrochloride 750 mg Tablest,Metformin Hydrochloride 750 mg Tablest,,,750 mg,,,,,https://www.tmda.go.tz/uploads/files/Metformin_Hydrochloride_750_mg_Tablest_Mega_Lifesciences_Public_Company_Ltd.pdf,Metformin Hydrochloride 750 mg Tablest Metformin Hydrochloride 750 mg Tablest,SOURCE_LISTED,"Selected TMDA SmPC/TPAR listing, not the full registered medicines universe."
TMDA_APPROVED_PRODUCT_INFO,TMDA Approved Medicines Product Information,https://www.tmda.go.tz/index.php/pages/approved-product-information,Metformin Hydrochloride 750 mg Tablets,Metformin Hydrochloride 750 mg Tablets,,,750 mg,Tablets,,,,https://www.tmda.go.tz/uploads/files/Metformin_Hydrochloride_750_mg_Tablets_Merck_Serono_Ltd.pdf,Metformin Hydrochloride 750 mg Tablets Metformin Hydrochloride 750 mg Tablets,SOURCE_LISTED,"Selected TMDA SmPC/TPAR listing, not the full registered medicines universe."
TMDA_APPROVED_PRODUCT_INFO,TMDA Approved Medicines Product Information,https://www.tmda.go.tz/index.php/pages/approved-product-information,Metformin Hydrochloride 750 mg Tablets XR,Metformin Hydrochloride 750 mg Tablets XR,,,750 mg,Tablets,,,,https://www.tmda.go.tz/uploads/files/Metformin_Hydrochloride_750_mg_Tablets_XR_Cadila_Healthcare_Ltd.pdf,Metformin Hydrochloride 750 mg Tablets XR Metformin Hydrochloride 750 mg Tablets XR,SOURCE_LISTED,"Selected TMDA SmPC/TPAR listing, not the full registered medicines universe."
TMDA_APPROVED_PRODUCT_INFO,TMDA Approved Medicines Product Information,https://www.tmda.go.tz/index.php/pages/approved-product-information,Metformin Hydrochloride 850 mg Tablets,Metformin Hydrochloride 850 mg Tablets,,,850 mg,Tablets,,,,https://www.tmda.go.tz/uploads/files/Metformin_Hydrochloride_850_mg_Tablets_Abacus_Pharma_A_Ltd.pdf,Metformin Hydrochloride 850 mg Tablets Metformin Hydrochloride 850 mg Tablets,SOURCE_LISTED,"Selected TMDA SmPC/TPAR listing, not the full registered medicines universe."
TMDA_APPROVED_PRODUCT_INFO,TMDA Approved Medicines Product Information,https://www.tmda.go.tz/index.php/pages/approved-product-information,Metformin Hydrochloride 850 mg Tablets,Metformin Hydrochloride 850 mg Tablet,,,850 mg,Tablet,,,,https://www.tmda.go.tz/uploads/files/Metformin_Hydrochloride_850_mg_Tablets_Indoco_Remedies_Ltd.pdf,Metformin Hydrochloride 850 mg Tablets Metformin Hydrochloride 850 mg Tablet,SOURCE_LISTED,"Selected TMDA SmPC/TPAR listing, not the full registered medicines universe."
TMDA_APPROVED_PRODUCT_INFO,TMDA Approved Medicines Product Information,https://www.tmda.go.tz/index.php/pages/approved-product-information,Metformini Hydrochloride 500 mg Tablets,Metformini Hydrochloride 500 mg Tablets,,,500 mg,Tablets,,,,https://www.tmda.go.tz/uploads/files/Metformini_Hydrochloride_500_mg_Tablets_S_K_Age_Exports.pdf,Metformini Hydrochloride 500 mg Tablets Metformini Hydrochloride 500 mg Tablets,SOURCE_LISTED,"Selected TMDA SmPC/TPAR listing, not the full registered medicines universe."
TMDA_APPROVED_PRODUCT_INFO,TMDA Approved Medicines Product Information,https://www.tmda.go.tz/index.php/pages/approved-product-information,Methorex 2.5 Methotrexate Disodium 2.5 mg Tablets,Methotrexate Disodium 2.5 mg Tablets,,,2.5 mg,Tablets,,,,https://www.tmda.go.tz/uploads/1678359120-T19H0423SmPCv0.pdf,Methorex 2.5 Methotrexate Disodium 2.5 mg Tablets Methotrexate Disodium 2.5 mg Tablets,SOURCE_LISTED,"Selected TMDA SmPC/TPAR listing, not the full registered medicines universe."
TMDA_APPROVED_PRODUCT_INFO,TMDA Approved Medicines Product Information,https://www.tmda.go.tz/index.php/pages/approved-product-information,Meto,Metoclopromide 10 mg tablets,,,10 mg,Tablets,,,,https://www.tmda.go.tz/uploads/1620040986-T19H0586SmPCv1.pdf,Meto Metoclopromide 10 mg tablets,SOURCE_LISTED,"Selected TMDA SmPC/TPAR listing, not the full registered medicines universe."
TMDA_APPROVED_PRODUCT_INFO,TMDA Approved Medicines Product Information,https://www.tmda.go.tz/index.php/pages/approved-product-information,Metrogyl-200 Metronidazole Bp 200 mg Tablets,Metronidazole Bp 200 mg Tablets,,,200 mg,Tablets,,,,https://www.tmda.go.tz/uploads/1678456694-TH19H0642SmPCv1.pdf,Metrogyl-200 Metronidazole Bp 200 mg Tablets Metronidazole Bp 200 mg Tablets,SOURCE_LISTED,"Selected TMDA SmPC/TPAR listing, not the full registered medicines universe."
TMDA_APPROVED_PRODUCT_INFO,TMDA Approved Medicines Product Information,https://www.tmda.go.tz/index.php/pages/approved-product-information,Meuri Desogestrel And Ethinylestradiol 150/30 mg Uncoated Tablets,Desogestrel And Ethinylestradiol 150/30 mg Uncoated Tablets,,,30 mg,Tablets,,,,https://www.tmda.go.tz/uploads/1678182681-T21HM0158SmPCv1.pdf,Meuri Desogestrel And Ethinylestradiol 150/30 mg Uncoated Tablets Desogestrel And Ethinylestradiol 150/30 mg Uncoated Tablets,SOURCE_LISTED,"Selected TMDA SmPC/TPAR listing, not the full registered medicines universe."
TMDA_APPROVED_PRODUCT_INFO,TMDA Approved Medicines Product Information,https://www.tmda.go.tz/index.php/pages/approved-product-information,MEZACAR,"Carbamazepine, 200 mg, Tablets",,,200 mg,Tablets,,,,https://www.tmda.go.tz/uploads/1708960966-TZ19H0245SmPCv1.pdf,"MEZACAR Carbamazepine, 200 mg, Tablets",SOURCE_LISTED,"Selected TMDA SmPC/TPAR listing, not the full registered medicines universe."
TMDA_APPROVED_PRODUCT_INFO,TMDA Approved Medicines Product Information,https://www.tmda.go.tz/index.php/pages/approved-product-information,Mfsone Mometasone Furoate 0.1% w/w Cream,Mometasone Furoate 0.1% w/w Cream,,,,Cream,,,,https://www.tmda.go.tz/uploads/1678182782-T20H0108SmPCv1.pdf,Mfsone Mometasone Furoate 0.1% w/w Cream Mometasone Furoate 0.1% w/w Cream,SOURCE_LISTED,"Selected TMDA SmPC/TPAR listing, not the full registered medicines universe."
TMDA_APPROVED_PRODUCT_INFO,TMDA Approved Medicines Product Information,https://www.tmda.go.tz/index.php/pages/approved-product-information,MICONA VAGINAL CREAM,"Miconazole nitrate, 2, Cream",,,,Cream,,,,https://www.tmda.go.tz/uploads/1708961085-T19H0623SmPCV1.pdf,"MICONA VAGINAL CREAM Miconazole nitrate, 2, Cream",SOURCE_LISTED,"Selected TMDA SmPC/TPAR listing, not the full registered medicines universe."
TMDA_APPROVED_PRODUCT_INFO,TMDA Approved Medicines Product Information,https://www.tmda.go.tz/index.php/pages/approved-product-information,Micort Miconazole + Hydrocortisone 2/1 %w/w Cream,Miconazole + Hydrocortisone 2/1 %w/w Cream,,,1 %,Cream,,,,https://www.tmda.go.tz/uploads/1678359214-T19H0376SmPCv1.pdf,Micort Miconazole + Hydrocortisone 2/1 %w/w Cream Miconazole + Hydrocortisone 2/1 %w/w Cream,SOURCE_LISTED,"Selected TMDA SmPC/TPAR listing, not the full registered medicines universe."
TMDA_APPROVED_PRODUCT_INFO,TMDA Approved Medicines Product Information,https://www.tmda.go.tz/index.php/pages/approved-product-information,Midazolam Injection Bp 5 Mg/Ml Midazolam Injection Bp 5 Mg/Ml 5mg/ml Solution For Injection,Midazolam Injection Bp 5 Mg/Ml 5mg/ml Solution For Injection,,,5 Mg + 5mg,Injection,,,,https://www.tmda.go.tz/uploads/1678182846-T21H0637SmPCV1.pdf,Midazolam Injection Bp 5 Mg/Ml Midazolam Injection Bp 5 Mg/Ml 5mg/ml Solution For Injection Midazolam Injection Bp 5 Mg/Ml 5mg/ml Solution For Injection,SOURCE_LISTED,"Selected TMDA SmPC/TPAR listing, not the full registered medicines universe."
TMDA_APPROVED_PRODUCT_INFO,TMDA Approved Medicines Product Information,https://www.tmda.go.tz/index.php/pages/approved-product-information,MOFECON-S 180,Mycophenolic Acid (as Mycophenolate Sodium) Mycophenolic Acid 180 mg,,,180 mg,,,,,https://www.tmda.go.tz/uploads/1658392540-2_T19H0632-SmPC-Approved.pdf,MOFECON-S 180 Mycophenolic Acid (as Mycophenolate Sodium) Mycophenolic Acid 180 mg,SOURCE_LISTED,"Selected TMDA SmPC/TPAR listing, not the full registered medicines universe."
TMDA_APPROVED_PRODUCT_INFO,TMDA Approved Medicines Product Information,https://www.tmda.go.tz/index.php/pages/approved-product-information,MOFECON-S 360,Mycophenolic Acid (as Mycophenolate Sodium) Mycophenolic Acid 360 mg,,,360 mg,,,,,https://www.tmda.go.tz/uploads/1658392634-2_T19H0633-SmPC-Approved.pdf,MOFECON-S 360 Mycophenolic Acid (as Mycophenolate Sodium) Mycophenolic Acid 360 mg,SOURCE_LISTED,"Selected TMDA SmPC/TPAR listing, not the full registered medicines universe."
TMDA_APPROVED_PRODUCT_INFO,TMDA Approved Medicines Product Information,https://www.tmda.go.tz/index.php/pages/approved-product-information,MOFLOX,Moxifloxacin Hydrochloride Film coated tablets of 400 mg,,,400 mg,Tablets,,,,https://www.tmda.go.tz/uploads/1658392732-T20H0008-SmPCV1.pdf,MOFLOX Moxifloxacin Hydrochloride Film coated tablets of 400 mg,SOURCE_LISTED,"Selected TMDA SmPC/TPAR listing, not the full registered medicines universe."
TMDA_APPROVED_PRODUCT_INFO,TMDA Approved Medicines Product Information,https://www.tmda.go.tz/index.php/pages/approved-product-information,Monast 10 Montelukast Sodium 10 mg Film Coated Tablet,Montelukast Sodium 10 mg Film Coated Tablet,,,10 mg,Tablet,,,,https://www.tmda.go.tz/uploads/1678456747-T21H0233SmPCV1.pdf,Monast 10 Montelukast Sodium 10 mg Film Coated Tablet Montelukast Sodium 10 mg Film Coated Tablet,SOURCE_LISTED,"Selected TMDA SmPC/TPAR listing, not the full registered medicines universe."
TMDA_APPROVED_PRODUCT_INFO,TMDA Approved Medicines Product Information,https://www.tmda.go.tz/index.php/pages/approved-product-information,Monteset Montelukast Sodium 10 mg Film Coated Tablet,Montelukast Sodium 10 mg Film Coated Tablet,,,10 mg,Tablet,,,,https://www.tmda.go.tz/uploads/1678359284-T20H0471SmPCv1.pdf,Monteset Montelukast Sodium 10 mg Film Coated Tablet Montelukast Sodium 10 mg Film Coated Tablet,SOURCE_LISTED,"Selected TMDA SmPC/TPAR listing, not the full registered medicines universe."
TMDA_APPROVED_PRODUCT_INFO,TMDA Approved Medicines Product Information,https://www.tmda.go.tz/index.php/pages/approved-product-information,Mosi-D Moxifloxacin Hcl+Dexamethasone Sodium Phosphate 5 + 1 mg Eye Drops,Moxifloxacin Hcl+Dexamethasone Sodium Phosphate 5 + 1 mg Eye Drops,,,1 mg,Drops,,,,https://www.tmda.go.tz/uploads/1678359349-T17H0138SmPCv1.pdf,Mosi-D Moxifloxacin Hcl+Dexamethasone Sodium Phosphate 5 + 1 mg Eye Drops Moxifloxacin Hcl+Dexamethasone Sodium Phosphate 5 + 1 mg Eye Drops,SOURCE_LISTED,"Selected TMDA SmPC/TPAR listing, not the full registered medicines universe."
TMDA_APPROVED_PRODUCT_INFO,TMDA Approved Medicines Product Information,https://www.tmda.go.tz/index.php/pages/approved-product-information,"Motilium Domperidone 10mg Tablet, Film-Coated","Domperidone 10mg Tablet, Film-Coated",,,10mg,Tablet,,,,https://www.tmda.go.tz/uploads/1678182987-T21H0661SmPCv1.pdf,"Motilium Domperidone 10mg Tablet, Film-Coated Domperidone 10mg Tablet, Film-Coated",SOURCE_LISTED,"Selected TMDA SmPC/TPAR listing, not the full registered medicines universe."
TMDA_APPROVED_PRODUCT_INFO,TMDA Approved Medicines Product Information,https://www.tmda.go.tz/index.php/pages/approved-product-information,MOXIGET IV,MOXIFLOXACIN HYDROCHLORIDE Solution for infusion 400 mg/ 250 mL,,,400 mg/ 250 mL,Solution,,,,https://www.tmda.go.tz/uploads/1658392803-1_T20H0210-SmPC-Approved.pdf,MOXIGET IV MOXIFLOXACIN HYDROCHLORIDE Solution for infusion 400 mg/ 250 mL,SOURCE_LISTED,"Selected TMDA SmPC/TPAR listing, not the full registered medicines universe."
TMDA_APPROVED_PRODUCT_INFO,TMDA Approved Medicines Product Information,https://www.tmda.go.tz/index.php/pages/approved-product-information,Muco-Asthalin Syrup Bilastine 2.5mg/5ml Syrup,Bilastine 2.5mg/5ml Syrup,,,2.5mg/5ml,Syrup,,,,https://www.tmda.go.tz/uploads/1678359493-T13H0082SmPCv1.pdf,Muco-Asthalin Syrup Bilastine 2.5mg/5ml Syrup Bilastine 2.5mg/5ml Syrup,SOURCE_LISTED,"Selected TMDA SmPC/TPAR listing, not the full registered medicines universe."
TMDA_APPROVED_PRODUCT_INFO,TMDA Approved Medicines Product Information,https://www.tmda.go.tz/index.php/pages/approved-product-information,Mucocore Carbocisteine 5 mg/ 100 ml Oral Solution,Carbocisteine 5 mg/ 100 ml Oral Solution,,,5 mg/ 100 ml,Solution,,,,https://www.tmda.go.tz/uploads/1678359554-T20H0493SmPCv1.pdf,Mucocore Carbocisteine 5 mg/ 100 ml Oral Solution Carbocisteine 5 mg/ 100 ml Oral Solution,SOURCE_LISTED,"Selected TMDA SmPC/TPAR listing, not the full registered medicines universe."
TMDA_APPROVED_PRODUCT_INFO,TMDA Approved Medicines Product Information,https://www.tmda.go.tz/index.php/pages/approved-product-information,"Muscoleve Diclofenac Diethylamine 30, 11, 108 & 54 mg/g Gel","Diclofenac Diethylamine 30, 11, 108 & 54 mg/g Gel",,,54 mg,Gel,,,,https://www.tmda.go.tz/uploads/1678183145-T21H0534SmPCV1.pdf,"Muscoleve Diclofenac Diethylamine 30, 11, 108 & 54 mg/g Gel Diclofenac Diethylamine 30, 11, 108 & 54 mg/g Gel",SOURCE_LISTED,"Selected TMDA SmPC/TPAR listing, not the full registered medicines universe."
TMDA_APPROVED_PRODUCT_INFO,TMDA Approved Medicines Product Information,https://www.tmda.go.tz/index.php/pages/approved-product-information,Mycept –S 180,Mycophenolate sodium Delayed Release Tablet 180mg,,,180mg,Tablet,,,,https://www.tmda.go.tz/uploads/1658392878-T19H0693SmPCv1.pdf,Mycept –S 180 Mycophenolate sodium Delayed Release Tablet 180mg,SOURCE_LISTED,"Selected TMDA SmPC/TPAR listing, not the full registered medicines universe."
TMDA_APPROVED_PRODUCT_INFO,TMDA Approved Medicines Product Information,https://www.tmda.go.tz/index.php/pages/approved-product-information,Mycofil Mycophenolate Mofetil 500 mg Oral Tablet,Mycophenolate Mofetil 500 mg Oral Tablet,,,500 mg,Tablet,,,,https://www.tmda.go.tz/uploads/1678359605-T21H0336SmPCv1.pdf,Mycofil Mycophenolate Mofetil 500 mg Oral Tablet Mycophenolate Mofetil 500 mg Oral Tablet,SOURCE_LISTED,"Selected TMDA SmPC/TPAR listing, not the full registered medicines universe."
TMDA_APPROVED_PRODUCT_INFO,TMDA Approved Medicines Product Information,https://www.tmda.go.tz/index.php/pages/approved-product-information,MYCOPHENOLIC ACID,Mycophenolate Sodium Gastro resistant tablets 360 mg,,,360 mg,Tablets,,,,https://www.tmda.go.tz/uploads/1658392974-2_T21H0050-SmPC-Approved.pdf,MYCOPHENOLIC ACID Mycophenolate Sodium Gastro resistant tablets 360 mg,SOURCE_LISTED,"Selected TMDA SmPC/TPAR listing, not the full registered medicines universe."
TMDA_APPROVED_PRODUCT_INFO,TMDA Approved Medicines Product Information,https://www.tmda.go.tz/index.php/pages/approved-product-information,MyDekla 60,"Daclatasvir Dihydrochloride, 60 mg, Tablets",,,60 mg,Tablets,,,,https://www.tmda.go.tz/uploads/1708961233-HP016part4.pdf,"MyDekla 60 Daclatasvir Dihydrochloride, 60 mg, Tablets",SOURCE_LISTED,"Selected TMDA SmPC/TPAR listing, not the full registered medicines universe."
TMDA_APPROVED_PRODUCT_INFO,TMDA Approved Medicines Product Information,https://www.tmda.go.tz/index.php/pages/approved-product-information,Myhep,Sofosbuvir 400 mg tablets,,,400 mg,Tablets,,,,https://www.tmda.go.tz/uploads/1619779772-T16H0050SmPCv1.pdf,Myhep Sofosbuvir 400 mg tablets,SOURCE_LISTED,"Selected TMDA SmPC/TPAR listing, not the full registered medicines universe."
TMDA_APPROVED_PRODUCT_INFO,TMDA Approved Medicines Product Information,https://www.tmda.go.tz/index.php/pages/approved-product-information,MyHep ALL,"Sofosbuvir, 400/100 mg, Film Coated Tablet",,,100 mg,Tablet,,,,https://www.tmda.go.tz/uploads/1708961280-TZ19H0191SmPCv1.pdf,"MyHep ALL Sofosbuvir, 400/100 mg, Film Coated Tablet",SOURCE_LISTED,"Selected TMDA SmPC/TPAR listing, not the full registered medicines universe."
TMDA_APPROVED_PRODUCT_INFO,TMDA Approved Medicines Product Information,https://www.tmda.go.tz/index.php/pages/approved-product-information,Myltega Dt Dolutegravir Sodium 10 mg Film Coated Tablet,Dolutegravir Sodium 10 mg Film Coated Tablet,,,10 mg,Tablet,,,,https://www.tmda.go.tz/uploads/1678359675-T20H0672SmPCv1.pdf,Myltega Dt Dolutegravir Sodium 10 mg Film Coated Tablet Dolutegravir Sodium 10 mg Film Coated Tablet,SOURCE_LISTED,"Selected TMDA SmPC/TPAR listing, not the full registered medicines universe."
TMDA_APPROVED_PRODUCT_INFO,TMDA Approved Medicines Product Information,https://www.tmda.go.tz/index.php/pages/approved-product-information,NAPRO-TAX 260,"Paclitaxel, 6, Injection",,,,Injection,,,,https://www.tmda.go.tz/uploads/1708962126-T18H0240 SmPCv1.pdf,"NAPRO-TAX 260 Paclitaxel, 6, Injection",SOURCE_LISTED,"Selected TMDA SmPC/TPAR listing, not the full registered medicines universe."
TMDA_APPROVED_PRODUCT_INFO,TMDA Approved Medicines Product Information,https://www.tmda.go.tz/index.php/pages/approved-product-information,Natrilix SR,prolonged-release film-coated tablet,,,,Tablet,,,,https://www.tmda.go.tz/uploads/1717132057-TFDA0018-HM-0632SmPC_Accepted.pdf,Natrilix SR prolonged-release film-coated tablet,SOURCE_LISTED,"Selected TMDA SmPC/TPAR listing, not the full registered medicines universe."
TMDA_APPROVED_PRODUCT_INFO,TMDA Approved Medicines Product Information,https://www.tmda.go.tz/index.php/pages/approved-product-information,Nebilong-5 Nebivolol 5 mg Tablets,Nebivolol 5 mg Tablets,,,5 mg,Tablets,,,,https://www.tmda.go.tz/uploads/1678359827-T18H0424SmPCv1.pdf,Nebilong-5 Nebivolol 5 mg Tablets Nebivolol 5 mg Tablets,SOURCE_LISTED,"Selected TMDA SmPC/TPAR listing, not the full registered medicines universe."
TMDA_APPROVED_PRODUCT_INFO,TMDA Approved Medicines Product Information,https://www.tmda.go.tz/index.php/pages/approved-product-information,Nebimac 10 Nebivolol Hydrochloride 10mg Oral Tablet,Nebivolol Hydrochloride 10mg Oral Tablet,,,10mg,Tablet,,,,https://www.tmda.go.tz/uploads/1708961652-T21H-EAC0624SmPCV1.pdf,Nebimac 10 Nebivolol Hydrochloride 10mg Oral Tablet Nebivolol Hydrochloride 10mg Oral Tablet,SOURCE_LISTED,"Selected TMDA SmPC/TPAR listing, not the full registered medicines universe."
TMDA_APPROVED_PRODUCT_INFO,TMDA Approved Medicines Product Information,https://www.tmda.go.tz/index.php/pages/approved-product-information,Nemscald Silver Sulphadiazine 1% w/w Cream,Silver Sulphadiazine 1% w/w Cream,,,,Cream,,,,https://www.tmda.go.tz/uploads/1678359886-T21H0107SmPCv1.pdf,Nemscald Silver Sulphadiazine 1% w/w Cream Silver Sulphadiazine 1% w/w Cream,SOURCE_LISTED,"Selected TMDA SmPC/TPAR listing, not the full registered medicines universe."
TMDA_APPROVED_PRODUCT_INFO,TMDA Approved Medicines Product Information,https://www.tmda.go.tz/index.php/pages/approved-product-information,NINLARO,"Ixazomib, 2.3 mg, Tablets",,,2.3 mg,Tablets,,,,https://www.tmda.go.tz/uploads/1708962499-TZ19H0208SmPCv1.pdf,"NINLARO Ixazomib, 2.3 mg, Tablets",SOURCE_LISTED,"Selected TMDA SmPC/TPAR listing, not the full registered medicines universe."
TMDA_APPROVED_PRODUCT_INFO,TMDA Approved Medicines Product Information,https://www.tmda.go.tz/index.php/pages/approved-product-information,NINLARO,"Ixazomib, 4 mg, Tablets",,,4 mg,Tablets,,,,https://www.tmda.go.tz/uploads/1708962553-TZ19H0209SmPCv1.pdf,"NINLARO Ixazomib, 4 mg, Tablets",SOURCE_LISTED,"Selected TMDA SmPC/TPAR listing, not the full registered medicines universe."
TMDA_APPROVED_PRODUCT_INFO,TMDA Approved Medicines Product Information,https://www.tmda.go.tz/index.php/pages/approved-product-information,Ninlaro,"Ixazomib, 3 mg, Tablets",,,3 mg,Tablets,,,,https://www.tmda.go.tz/uploads/1708962644-TZ19H0210SmPCv1.pdf,"Ninlaro Ixazomib, 3 mg, Tablets",SOURCE_LISTED,"Selected TMDA SmPC/TPAR listing, not the full registered medicines universe."
TMDA_APPROVED_PRODUCT_INFO,TMDA Approved Medicines Product Information,https://www.tmda.go.tz/index.php/pages/approved-product-information,Normopress losartan (as potassium salt) Excipient; lactose 50mg Coated Tablet,losartan (as potassium salt) Excipient; lactose 50mg Coated Tablet,,,50mg,Tablet,,,,https://www.tmda.go.tz/uploads/1678429380-SmPc Normopress Tablet.pdf,Normopress losartan (as potassium salt) Excipient; lactose 50mg Coated Tablet losartan (as potassium salt) Excipient; lactose 50mg Coated Tablet,SOURCE_LISTED,"Selected TMDA SmPC/TPAR listing, not the full registered medicines universe."
TMDA_APPROVED_PRODUCT_INFO,TMDA Approved Medicines Product Information,https://www.tmda.go.tz/index.php/pages/approved-product-information,nuropentine,"Gabapentin, 300 mg, Capsules",,,300 mg,Capsules,,,,https://www.tmda.go.tz/uploads/1708962720-TZ19H0244SmPCv1.pdf,"nuropentine Gabapentin, 300 mg, Capsules",SOURCE_LISTED,"Selected TMDA SmPC/TPAR listing, not the full registered medicines universe."
TMDA_APPROVED_PRODUCT_INFO,TMDA Approved Medicines Product Information,https://www.tmda.go.tz/index.php/pages/approved-product-information,Odimont L Montelukast Sodium And Levocetirizine Dihydrochloride 10/5 mg Tablets,Montelukast Sodium And Levocetirizine Dihydrochloride 10/5 mg Tablets,,,5 mg,Tablets,,,,https://www.tmda.go.tz/uploads/1708963174-T19H0211SmPCv1.pdf,Odimont L Montelukast Sodium And Levocetirizine Dihydrochloride 10/5 mg Tablets Montelukast Sodium And Levocetirizine Dihydrochloride 10/5 mg Tablets,SOURCE_LISTED,"Selected TMDA SmPC/TPAR listing, not the full registered medicines universe."
TMDA_APPROVED_PRODUCT_INFO,TMDA Approved Medicines Product Information,https://www.tmda.go.tz/index.php/pages/approved-product-information,Olandus 10,"Olanzapine, 10, Tablet, coated",,,,Tablet,,,,https://www.tmda.go.tz/uploads/1708962874-T19H0650SmPCV1.pdf,"Olandus 10 Olanzapine, 10, Tablet, coated",SOURCE_LISTED,"Selected TMDA SmPC/TPAR listing, not the full registered medicines universe."
TMDA_APPROVED_PRODUCT_INFO,TMDA Approved Medicines Product Information,https://www.tmda.go.tz/index.php/pages/approved-product-information,Olangem OD 15,"Olanzapine, 15, Tablet, Dispersible",,,,Tablet,,,,https://www.tmda.go.tz/uploads/1708963809-T18H0580SmPCv1.pdf,"Olangem OD 15 Olanzapine, 15, Tablet, Dispersible",SOURCE_LISTED,"Selected TMDA SmPC/TPAR listing, not the full registered medicines universe."
TMDA_APPROVED_PRODUCT_INFO,TMDA Approved Medicines Product Information,https://www.tmda.go.tz/index.php/pages/approved-product-information,Olangem OD 20,"Olanzapine, 20, Tablet, Dispersible",,,,Tablet,,,,https://www.tmda.go.tz/uploads/1708963942-T18H0581SmPCv1.pdf,"Olangem OD 20 Olanzapine, 20, Tablet, Dispersible",SOURCE_LISTED,"Selected TMDA SmPC/TPAR listing, not the full registered medicines universe."
TMDA_APPROVED_PRODUCT_INFO,TMDA Approved Medicines Product Information,https://www.tmda.go.tz/index.php/pages/approved-product-information,Olfen Diclofenac 100 mg Extended Release Tablet,Diclofenac 100 mg Extended Release Tablet,,,100 mg,Tablet,,,,https://www.tmda.go.tz/uploads/1678367246-T20H0508SmPCv1.pdf,Olfen Diclofenac 100 mg Extended Release Tablet Diclofenac 100 mg Extended Release Tablet,SOURCE_LISTED,"Selected TMDA SmPC/TPAR listing, not the full registered medicines universe."
TMDA_APPROVED_PRODUCT_INFO,TMDA Approved Medicines Product Information,https://www.tmda.go.tz/index.php/pages/approved-product-information,Olfen Diclofenac Sodium 50 mg Tablet,Diclofenac Sodium 50 mg Tablet,,,50 mg,Tablet,,,,https://www.tmda.go.tz/uploads/1678367095-T20H0258SmPCv1.pdf,Olfen Diclofenac Sodium 50 mg Tablet Diclofenac Sodium 50 mg Tablet,SOURCE_LISTED,"Selected TMDA SmPC/TPAR listing, not the full registered medicines universe."
TMDA_APPROVED_PRODUCT_INFO,TMDA Approved Medicines Product Information,https://www.tmda.go.tz/index.php/pages/approved-product-information,Olfen Diclofenac Sodium 75 mg Extended Release Tablet,Diclofenac Sodium 75 mg Extended Release Tablet,,,75 mg,Tablet,,,,https://www.tmda.go.tz/uploads/1678367175-T20H0494SmPCv1.pdf,Olfen Diclofenac Sodium 75 mg Extended Release Tablet Diclofenac Sodium 75 mg Extended Release Tablet,SOURCE_LISTED,"Selected TMDA SmPC/TPAR listing, not the full registered medicines universe."
TMDA_APPROVED_PRODUCT_INFO,TMDA Approved Medicines Product Information,https://www.tmda.go.tz/index.php/pages/approved-product-information,Olmac 10,"Olanzapine, 10 mg, Film Coated Tablet",,,10 mg,Tablet,,,,https://www.tmda.go.tz/uploads/1708964083-T19H0525-SmPC.pdf,"Olmac 10 Olanzapine, 10 mg, Film Coated Tablet",SOURCE_LISTED,"Selected TMDA SmPC/TPAR listing, not the full registered medicines universe."
TMDA_APPROVED_PRODUCT_INFO,TMDA Approved Medicines Product Information,https://www.tmda.go.tz/index.php/pages/approved-product-information,Olmac 5,"Olanzapine, 5 mg, Film Coated Tablet",,,5 mg,Tablet,,,,https://www.tmda.go.tz/uploads/1708964273-T19H0526-SmPC.pdf,"Olmac 5 Olanzapine, 5 mg, Film Coated Tablet",SOURCE_LISTED,"Selected TMDA SmPC/TPAR listing, not the full registered medicines universe."
TMDA_APPROVED_PRODUCT_INFO,TMDA Approved Medicines Product Information,https://www.tmda.go.tz/index.php/pages/approved-product-information,"Omformin 1000 Metformin 1000 mg Tablet, Film-Coated","Metformin 1000 mg Tablet, Film-Coated",,,1000 mg,Tablet,,,,https://www.tmda.go.tz/uploads/1678367295-T19H0486SmPCv1.pdf,"Omformin 1000 Metformin 1000 mg Tablet, Film-Coated Metformin 1000 mg Tablet, Film-Coated",SOURCE_LISTED,"Selected TMDA SmPC/TPAR listing, not the full registered medicines universe."
TMDA_APPROVED_PRODUCT_INFO,TMDA Approved Medicines Product Information,https://www.tmda.go.tz/index.php/pages/approved-product-information,Ondansetron orodispersible tablets,Ondansetron orodispersible 8 mg tablets,,,8 mg,Tablets,,,,https://www.tmda.go.tz/uploads/1620031699-T18H0863SmPCV1.pdf,Ondansetron orodispersible tablets Ondansetron orodispersible 8 mg tablets,SOURCE_LISTED,"Selected TMDA SmPC/TPAR listing, not the full registered medicines universe."
TMDA_APPROVED_PRODUCT_INFO,TMDA Approved Medicines Product Information,https://www.tmda.go.tz/index.php/pages/approved-product-information,ONDANTAS,"Ondansetron Hydrochloride, 2, Solution for injection/concentrate for solution for infusion",,,,Injection,,,,https://www.tmda.go.tz/uploads/1708964347-T19H0864-SmPC.pdf,"ONDANTAS Ondansetron Hydrochloride, 2, Solution for injection/concentrate for solution for infusion",SOURCE_LISTED,"Selected TMDA SmPC/TPAR listing, not the full registered medicines universe."
TMDA_APPROVED_PRODUCT_INFO,TMDA Approved Medicines Product Information,https://www.tmda.go.tz/index.php/pages/approved-product-information,Oranol 40 Propranolol Hydrochloride 40 mg Uncoated Tablets,Propranolol Hydrochloride 40 mg Uncoated Tablets,,,40 mg,Tablets,,,,https://www.tmda.go.tz/uploads/1708963543-T21H0378SmPcV1.pdf,Oranol 40 Propranolol Hydrochloride 40 mg Uncoated Tablets Propranolol Hydrochloride 40 mg Uncoated Tablets,SOURCE_LISTED,"Selected TMDA SmPC/TPAR listing, not the full registered medicines universe."
TMDA_APPROVED_PRODUCT_INFO,TMDA Approved Medicines Product Information,https://www.tmda.go.tz/index.php/pages/approved-product-information,Oratane 10,"Isotretinoin, 10, Soft Gelatin Capsule",,,,Capsule,,,,https://www.tmda.go.tz/uploads/1708964583-T19H0187SmPCv1.pdf,"Oratane 10 Isotretinoin, 10, Soft Gelatin Capsule",SOURCE_LISTED,"Selected TMDA SmPC/TPAR listing, not the full registered medicines universe."
TMDA_APPROVED_PRODUCT_INFO,TMDA Approved Medicines Product Information,https://www.tmda.go.tz/index.php/pages/approved-product-information,Oratane 20,"Isotretinoin, 20, Soft Gelatin Capsule",,,,Capsule,,,,https://www.tmda.go.tz/uploads/1708964641-T19H0186SmPCv1.pdf,"Oratane 20 Isotretinoin, 20, Soft Gelatin Capsule",SOURCE_LISTED,"Selected TMDA SmPC/TPAR listing, not the full registered medicines universe."
TMDA_APPROVED_PRODUCT_INFO,TMDA Approved Medicines Product Information,https://www.tmda.go.tz/index.php/pages/approved-product-information,Oratane 40,Isotretinoin 40 mg soft gelatin capsules,,,40 mg,Capsules,,,,https://www.tmda.go.tz/uploads/1620033990-T19H0189SmPCv1.pdf,Oratane 40 Isotretinoin 40 mg soft gelatin capsules,SOURCE_LISTED,"Selected TMDA SmPC/TPAR listing, not the full registered medicines universe."
TMDA_APPROVED_PRODUCT_INFO,TMDA Approved Medicines Product Information,https://www.tmda.go.tz/index.php/pages/approved-product-information,Orilam Odt Lamotrigine 25 mg Tablets,Lamotrigine 25 mg Tablets,,,25 mg,Tablets,,,,https://www.tmda.go.tz/uploads/1678367345-T20H0146SmPCv1.pdf,Orilam Odt Lamotrigine 25 mg Tablets Lamotrigine 25 mg Tablets,SOURCE_LISTED,"Selected TMDA SmPC/TPAR listing, not the full registered medicines universe."
TMDA_APPROVED_PRODUCT_INFO,TMDA Approved Medicines Product Information,https://www.tmda.go.tz/index.php/pages/approved-product-information,OZINC-DT,Zinc Sulfate Monohydrate Zinc Sulfate Monohydrate Equivalent to Zinc 20 mg,,,20 mg,,,,,https://www.tmda.go.tz/uploads/1658393702-2_T21H0061E2-SmPC-Approved.pdf,OZINC-DT Zinc Sulfate Monohydrate Zinc Sulfate Monohydrate Equivalent to Zinc 20 mg,SOURCE_LISTED,"Selected TMDA SmPC/TPAR listing, not the full registered medicines universe."
TMDA_APPROVED_PRODUCT_INFO,TMDA Approved Medicines Product Information,https://www.tmda.go.tz/index.php/pages/approved-product-information,Pa Injection Paracetamol 150 mg/ml Solution For Injection,Paracetamol 150 mg/ml Solution For Injection,,,150 mg,Injection,,,,https://www.tmda.go.tz/uploads/1678183544-T15H0187SmPCv1.pdf,Pa Injection Paracetamol 150 mg/ml Solution For Injection Paracetamol 150 mg/ml Solution For Injection,SOURCE_LISTED,"Selected TMDA SmPC/TPAR listing, not the full registered medicines universe."
TMDA_APPROVED_PRODUCT_INFO,TMDA Approved Medicines Product Information,https://www.tmda.go.tz/index.php/pages/approved-product-information,Paclitaxel 300Mg/50Ml Paclitaxel 300 Solution For Injection/Concentrate For Solution For Infusion,Paclitaxel 300 Solution For Injection/Concentrate For Solution For Infusion,,,,Injection,,,,https://www.tmda.go.tz/uploads/1709013746-T21H0590SmPCV1.pdf,Paclitaxel 300Mg/50Ml Paclitaxel 300 Solution For Injection/Concentrate For Solution For Infusion Paclitaxel 300 Solution For Injection/Concentrate For Solution For Infusion,SOURCE_LISTED,"Selected TMDA SmPC/TPAR listing, not the full registered medicines universe."
TMDA_APPROVED_PRODUCT_INFO,TMDA Approved Medicines Product Information,https://www.tmda.go.tz/index.php/pages/approved-product-information,Palox Palonosetron 0.25 mg/5ml Injection,Palonosetron 0.25 mg/5ml Injection,,,0.25 mg/5ml,Injection,,,,https://www.tmda.go.tz/uploads/1678367658-T18H0846SmPCv1.pdf,Palox Palonosetron 0.25 mg/5ml Injection Palonosetron 0.25 mg/5ml Injection,SOURCE_LISTED,"Selected TMDA SmPC/TPAR listing, not the full registered medicines universe."
TMDA_APPROVED_PRODUCT_INFO,TMDA Approved Medicines Product Information,https://www.tmda.go.tz/index.php/pages/approved-product-information,PAMERA 40,Adalimumab Solution for injection of 40 mg/0.8 mL,,,40 mg/0.8 mL,Injection,,,,https://www.tmda.go.tz/uploads/1658394331-T19H0584SmPCv1.pdf,PAMERA 40 Adalimumab Solution for injection of 40 mg/0.8 mL,SOURCE_LISTED,"Selected TMDA SmPC/TPAR listing, not the full registered medicines universe."
TMDA_APPROVED_PRODUCT_INFO,TMDA Approved Medicines Product Information,https://www.tmda.go.tz/index.php/pages/approved-product-information,Panaf-Premium Antisnake Serum 20 ml/vial Injection,Antisnake Serum 20 ml/vial Injection,,,20 ml,Injection,,,,https://www.tmda.go.tz/uploads/1678367742-T18H0586SmPCv1.pdf,Panaf-Premium Antisnake Serum 20 ml/vial Injection Antisnake Serum 20 ml/vial Injection,SOURCE_LISTED,"Selected TMDA SmPC/TPAR listing, not the full registered medicines universe."
TMDA_APPROVED_PRODUCT_INFO,TMDA Approved Medicines Product Information,https://www.tmda.go.tz/index.php/pages/approved-product-information,Panash Cream Thiocolchicoside 2.5 mg Cream,Thiocolchicoside 2.5 mg Cream,,,2.5 mg,Cream,,,,https://www.tmda.go.tz/uploads/1678183603-T18H0850SmPCv1.pdf,Panash Cream Thiocolchicoside 2.5 mg Cream Thiocolchicoside 2.5 mg Cream,SOURCE_LISTED,"Selected TMDA SmPC/TPAR listing, not the full registered medicines universe."
TMDA_APPROVED_PRODUCT_INFO,TMDA Approved Medicines Product Information,https://www.tmda.go.tz/index.php/pages/approved-product-information,Pantin 20,Pantoprazole sodium 20 mg delayed release tablets,,,20 mg,Tablets,,,,https://www.tmda.go.tz/uploads/1620040761-T19H0495SmPCv1.pdf,Pantin 20 Pantoprazole sodium 20 mg delayed release tablets,SOURCE_LISTED,"Selected TMDA SmPC/TPAR listing, not the full registered medicines universe."
TMDA_APPROVED_PRODUCT_INFO,TMDA Approved Medicines Product Information,https://www.tmda.go.tz/index.php/pages/approved-product-information,Panto-40,"Pantoprazole, 40, Tablet, Enteric Coated",,,,Tablet,,,,https://www.tmda.go.tz/uploads/1709012749-T19H0354SmPCV1.pdf,"Panto-40 Pantoprazole, 40, Tablet, Enteric Coated",SOURCE_LISTED,"Selected TMDA SmPC/TPAR listing, not the full registered medicines universe."
TMDA_APPROVED_PRODUCT_INFO,TMDA Approved Medicines Product Information,https://www.tmda.go.tz/index.php/pages/approved-product-information,"Panum 40 Pantoprazole Sodium Sesquihydrate 40 mg Tablet, Enteric Coated","Pantoprazole Sodium Sesquihydrate 40 mg Tablet, Enteric Coated",,,40 mg,Tablet,,,,https://www.tmda.go.tz/uploads/1709013617-T18H0854SmPCv1.pdf,"Panum 40 Pantoprazole Sodium Sesquihydrate 40 mg Tablet, Enteric Coated Pantoprazole Sodium Sesquihydrate 40 mg Tablet, Enteric Coated",SOURCE_LISTED,"Selected TMDA SmPC/TPAR listing, not the full registered medicines universe."
TMDA_APPROVED_PRODUCT_INFO,TMDA Approved Medicines Product Information,https://www.tmda.go.tz/index.php/pages/approved-product-information,Parasum - 250 Paracetamol 250 mg Suppositories,Paracetamol 250 mg Suppositories,,,250 mg,,,,,https://www.tmda.go.tz/uploads/1678183663-7-TMDA-WEB0020-HM-0572.pdf,Parasum - 250 Paracetamol 250 mg Suppositories Paracetamol 250 mg Suppositories,SOURCE_LISTED,"Selected TMDA SmPC/TPAR listing, not the full registered medicines universe."
TMDA_APPROVED_PRODUCT_INFO,TMDA Approved Medicines Product Information,https://www.tmda.go.tz/index.php/pages/approved-product-information,Parasum-125 Paracetamol + Propoxyphene 125 mg Suppositories,Paracetamol + Propoxyphene 125 mg Suppositories,,,125 mg,,,,,https://www.tmda.go.tz/uploads/1709013501-T20H0574SmPCv1.pdf,Parasum-125 Paracetamol + Propoxyphene 125 mg Suppositories Paracetamol + Propoxyphene 125 mg Suppositories,SOURCE_LISTED,"Selected TMDA SmPC/TPAR listing, not the full registered medicines universe."
TMDA_APPROVED_PRODUCT_INFO,TMDA Approved Medicines Product Information,https://www.tmda.go.tz/index.php/pages/approved-product-information,PEGASET 75,"Pregabalin, 75 mg, Capsules, hard",,,75 mg,Capsules,,,,https://www.tmda.go.tz/uploads/1709015236-TZ19H0221SmPCv1.pdf,"PEGASET 75 Pregabalin, 75 mg, Capsules, hard",SOURCE_LISTED,"Selected TMDA SmPC/TPAR listing, not the full registered medicines universe."
TMDA_APPROVED_PRODUCT_INFO,TMDA Approved Medicines Product Information,https://www.tmda.go.tz/index.php/pages/approved-product-information,Pentalink Pantoprazole Sodium 40 mg/vial Dry Powder For Injection,Pantoprazole Sodium 40 mg/vial Dry Powder For Injection,,,40 mg,Powder for injection,,,,https://www.tmda.go.tz/uploads/1678367802-T20H0279SmPCv1.pdf,Pentalink Pantoprazole Sodium 40 mg/vial Dry Powder For Injection Pantoprazole Sodium 40 mg/vial Dry Powder For Injection,SOURCE_LISTED,"Selected TMDA SmPC/TPAR listing, not the full registered medicines universe."
TMDA_APPROVED_PRODUCT_INFO,TMDA Approved Medicines Product Information,https://www.tmda.go.tz/index.php/pages/approved-product-information,Phamacoff P Dextromethorphan 5 mg/5ml Syrup,Dextromethorphan 5 mg/5ml Syrup,,,5 mg/5ml,Syrup,,,,https://www.tmda.go.tz/uploads/1678183784-T22H0344SmPCv1.pdf,Phamacoff P Dextromethorphan 5 mg/5ml Syrup Dextromethorphan 5 mg/5ml Syrup,SOURCE_LISTED,"Selected TMDA SmPC/TPAR listing, not the full registered medicines universe."
TMDA_APPROVED_PRODUCT_INFO,TMDA Approved Medicines Product Information,https://www.tmda.go.tz/index.php/pages/approved-product-information,Phorcal Calcitriol 3 mcg Ointment,Calcitriol 3 mcg Ointment,,,3 mcg,Ointment,,,,https://www.tmda.go.tz/uploads/1678183837-T20H0257SmPCv1.pdf,Phorcal Calcitriol 3 mcg Ointment Calcitriol 3 mcg Ointment,SOURCE_LISTED,"Selected TMDA SmPC/TPAR listing, not the full registered medicines universe."
TMDA_APPROVED_PRODUCT_INFO,TMDA Approved Medicines Product Information,https://www.tmda.go.tz/index.php/pages/approved-product-information,Phylline,"Aminophylline, 250, Solution for injection",,,,Injection,,,,https://www.tmda.go.tz/uploads/1709015396-T19H0758SmPCv1.pdf,"Phylline Aminophylline, 250, Solution for injection",SOURCE_LISTED,"Selected TMDA SmPC/TPAR listing, not the full registered medicines universe."
TMDA_APPROVED_PRODUCT_INFO,TMDA Approved Medicines Product Information,https://www.tmda.go.tz/index.php/pages/approved-product-information,Piperacillin sodium and Tazobactam sodium,Piperacillin sodium 2 g + Tazobactam sodium 0.25 g,,,2 g + 0.25 g,,,,,https://www.tmda.go.tz/uploads/1620115738-T20H0109SmPCv1.pdf,Piperacillin sodium and Tazobactam sodium Piperacillin sodium 2 g + Tazobactam sodium 0.25 g,SOURCE_LISTED,"Selected TMDA SmPC/TPAR listing, not the full registered medicines universe."
TMDA_APPROVED_PRODUCT_INFO,TMDA Approved Medicines Product Information,https://www.tmda.go.tz/index.php/pages/approved-product-information,Plasep,Clopidogrel 75 mg tablets,,,75 mg,Tablets,,,,https://www.tmda.go.tz/uploads/1620033904-T19H0140SmPCv1.pdf,Plasep Clopidogrel 75 mg tablets,SOURCE_LISTED,"Selected TMDA SmPC/TPAR listing, not the full registered medicines universe."
TMDA_APPROVED_PRODUCT_INFO,TMDA Approved Medicines Product Information,https://www.tmda.go.tz/index.php/pages/approved-product-information,Platifirst,"Cisplatin, 1 mg/ml, Solution for injection",,,1 mg,Injection,,,,https://www.tmda.go.tz/uploads/1709015907-TZ19H0232SmPCv1.pdf,"Platifirst Cisplatin, 1 mg/ml, Solution for injection",SOURCE_LISTED,"Selected TMDA SmPC/TPAR listing, not the full registered medicines universe."
TMDA_APPROVED_PRODUCT_INFO,TMDA Approved Medicines Product Information,https://www.tmda.go.tz/index.php/pages/approved-product-information,Pleristem Plerixafor 20 mg/ml Solution For Injection,Plerixafor 20 mg/ml Solution For Injection,,,20 mg,Injection,,,,https://www.tmda.go.tz/uploads/1709013403-T21H0556SmPCV1.pdf,Pleristem Plerixafor 20 mg/ml Solution For Injection Plerixafor 20 mg/ml Solution For Injection,SOURCE_LISTED,"Selected TMDA SmPC/TPAR listing, not the full registered medicines universe."
TMDA_APPROVED_PRODUCT_INFO,TMDA Approved Medicines Product Information,https://www.tmda.go.tz/index.php/pages/approved-product-information,Podoxal 100,Cefpodoxime proxetil 100 mg tablets,,,100 mg,Tablets,,,,https://www.tmda.go.tz/uploads/1620041030-T19H0625SmPCv1.pdf,Podoxal 100 Cefpodoxime proxetil 100 mg tablets,SOURCE_LISTED,"Selected TMDA SmPC/TPAR listing, not the full registered medicines universe."
TMDA_APPROVED_PRODUCT_INFO,TMDA Approved Medicines Product Information,https://www.tmda.go.tz/index.php/pages/approved-product-information,Podoxal 200,Cefpodoxime proxetil 200 mg tablets,,,200 mg,Tablets,,,,https://www.tmda.go.tz/uploads/1620041179-T19H0626SmPCv1.pdf,Podoxal 200 Cefpodoxime proxetil 200 mg tablets,SOURCE_LISTED,"Selected TMDA SmPC/TPAR listing, not the full registered medicines universe."
TMDA_APPROVED_PRODUCT_INFO,TMDA Approved Medicines Product Information,https://www.tmda.go.tz/index.php/pages/approved-product-information,"Prezel 150 Pregabalin 150 mg Capsules, Hard","Pregabalin 150 mg Capsules, Hard",,,150 mg,Capsules,,,,https://www.tmda.go.tz/uploads/1678183893-T19H0242SmPCv1.pdf,"Prezel 150 Pregabalin 150 mg Capsules, Hard Pregabalin 150 mg Capsules, Hard",SOURCE_LISTED,"Selected TMDA SmPC/TPAR listing, not the full registered medicines universe."
TMDA_APPROVED_PRODUCT_INFO,TMDA Approved Medicines Product Information,https://www.tmda.go.tz/index.php/pages/approved-product-information,Prezel 75 Pregabalin 75 mg Hard Gelatin Capsules,Pregabalin 75 mg Hard Gelatin Capsules,,,75 mg,Capsules,,,,https://www.tmda.go.tz/uploads/1678367885-T19H0243SmPCv1.pdf,Prezel 75 Pregabalin 75 mg Hard Gelatin Capsules Pregabalin 75 mg Hard Gelatin Capsules,SOURCE_LISTED,"Selected TMDA SmPC/TPAR listing, not the full registered medicines universe."
TMDA_APPROVED_PRODUCT_INFO,TMDA Approved Medicines Product Information,https://www.tmda.go.tz/index.php/pages/approved-product-information,PREZISTA,PREZISTA 150 mg film-coated tablets,,,150 mg,Tablets,,,,https://www.tmda.go.tz/uploads/1717143788-TFDA14-HM-0125SmPC_Accepted.pdf,PREZISTA PREZISTA 150 mg film-coated tablets,SOURCE_LISTED,"Selected TMDA SmPC/TPAR listing, not the full registered medicines universe."
TMDA_APPROVED_PRODUCT_INFO,TMDA Approved Medicines Product Information,https://www.tmda.go.tz/index.php/pages/approved-product-information,PREZISTA,PREZISTA 75 mg film-coated tablets,,,75 mg,Tablets,,,,https://www.tmda.go.tz/uploads/1717144745-TFDA14-HM-0124SmPC_Accepted.pdf,PREZISTA PREZISTA 75 mg film-coated tablets,SOURCE_LISTED,"Selected TMDA SmPC/TPAR listing, not the full registered medicines universe."
TMDA_APPROVED_PRODUCT_INFO,TMDA Approved Medicines Product Information,https://www.tmda.go.tz/index.php/pages/approved-product-information,Pricostat V Cream Clotrimazole Usp 2% W/W 2 % w/w Vaginal Cream,Clotrimazole Usp 2% W/W 2 % w/w Vaginal Cream,,,,Cream,,,,https://www.tmda.go.tz/uploads/1709013259-T21H0948SmPcV1.pdf,Pricostat V Cream Clotrimazole Usp 2% W/W 2 % w/w Vaginal Cream Clotrimazole Usp 2% W/W 2 % w/w Vaginal Cream,SOURCE_LISTED,"Selected TMDA SmPC/TPAR listing, not the full registered medicines universe."
TMDA_APPROVED_PRODUCT_INFO,TMDA Approved Medicines Product Information,https://www.tmda.go.tz/index.php/pages/approved-product-information,"Priligy Dapoxetine Hydrochloride 60 mg Tablet, Film-Coated","Dapoxetine Hydrochloride 60 mg Tablet, Film-Coated",,,60 mg,Tablet,,,,https://www.tmda.go.tz/uploads/1678368694-T18H0593SmPCv0.1 2.pdf,"Priligy Dapoxetine Hydrochloride 60 mg Tablet, Film-Coated Dapoxetine Hydrochloride 60 mg Tablet, Film-Coated",SOURCE_LISTED,"Selected TMDA SmPC/TPAR listing, not the full registered medicines universe."
TMDA_APPROVED_PRODUCT_INFO,TMDA Approved Medicines Product Information,https://www.tmda.go.tz/index.php/pages/approved-product-information,Prinalynpaediatric Syrup Diphenhydramine Hydrochloride 7mg/5ml Syrup,Diphenhydramine Hydrochloride 7mg/5ml Syrup,,,7mg/5ml,Syrup,,,,https://www.tmda.go.tz/uploads/1678183948-T21H0141SmPCV1.pdf,Prinalynpaediatric Syrup Diphenhydramine Hydrochloride 7mg/5ml Syrup Diphenhydramine Hydrochloride 7mg/5ml Syrup,SOURCE_LISTED,"Selected TMDA SmPC/TPAR listing, not the full registered medicines universe."
TMDA_APPROVED_PRODUCT_INFO,TMDA Approved Medicines Product Information,https://www.tmda.go.tz/index.php/pages/approved-product-information,Proctodar® Lidocaine Hydrochloride + Fluocinolone Acetonide 20 mg & 0.1 mg Ointment,Lidocaine Hydrochloride + Fluocinolone Acetonide 20 mg & 0.1 mg Ointment,,,20 mg + 0.1 mg,Ointment,,,,https://www.tmda.go.tz/uploads/1678368801-T21H0137SmPCV1 2.pdf,Proctodar® Lidocaine Hydrochloride + Fluocinolone Acetonide 20 mg & 0.1 mg Ointment Lidocaine Hydrochloride + Fluocinolone Acetonide 20 mg & 0.1 mg Ointment,SOURCE_LISTED,"Selected TMDA SmPC/TPAR listing, not the full registered medicines universe."
TMDA_APPROVED_PRODUCT_INFO,TMDA Approved Medicines Product Information,https://www.tmda.go.tz/index.php/pages/approved-product-information,Pronta 1 Levonorgestrel 1.5 mg Uncoated Tablets,Levonorgestrel 1.5 mg Uncoated Tablets,,,1.5 mg,Tablets,,,,https://www.tmda.go.tz/uploads/1678184035-T21H0159SmPCv1.pdf,Pronta 1 Levonorgestrel 1.5 mg Uncoated Tablets Levonorgestrel 1.5 mg Uncoated Tablets,SOURCE_LISTED,"Selected TMDA SmPC/TPAR listing, not the full registered medicines universe."
TMDA_APPROVED_PRODUCT_INFO,TMDA Approved Medicines Product Information,https://www.tmda.go.tz/index.php/pages/approved-product-information,Prostetrol,"Alfuzosin HCl, 10 mg, Film Coated Tablet",,,10 mg,Tablet,,,,https://www.tmda.go.tz/uploads/1709016397-TZ19H0216SmPCv1.pdf,"Prostetrol Alfuzosin HCl, 10 mg, Film Coated Tablet",SOURCE_LISTED,"Selected TMDA SmPC/TPAR listing, not the full registered medicines universe."
TMDA_APPROVED_PRODUCT_INFO,TMDA Approved Medicines Product Information,https://www.tmda.go.tz/index.php/pages/approved-product-information,Protonix,"Pantoprazole sodium, 40, Injection",,,,Injection,,,,https://www.tmda.go.tz/uploads/1709016121-T18H0466 SmPCV1.pdf,"Protonix Pantoprazole sodium, 40, Injection",SOURCE_LISTED,"Selected TMDA SmPC/TPAR listing, not the full registered medicines universe."
TMDA_APPROVED_PRODUCT_INFO,TMDA Approved Medicines Product Information,https://www.tmda.go.tz/index.php/pages/approved-product-information,"Pulsaltyl Sdk Metoprolol 25 mg Tablet, Film-Coated","Metoprolol 25 mg Tablet, Film-Coated",,,25 mg,Tablet,,,,https://www.tmda.go.tz/uploads/1678184091-14-TMDA0019-HM-0588.pdf,"Pulsaltyl Sdk Metoprolol 25 mg Tablet, Film-Coated Metoprolol 25 mg Tablet, Film-Coated",SOURCE_LISTED,"Selected TMDA SmPC/TPAR listing, not the full registered medicines universe."
TMDA_APPROVED_PRODUCT_INFO,TMDA Approved Medicines Product Information,https://www.tmda.go.tz/index.php/pages/approved-product-information,Pulsatyl Sdk Metoprolol 100 mg Film Coated Tablet,Metoprolol 100 mg Film Coated Tablet,,,100 mg,Tablet,,,,https://www.tmda.go.tz/uploads/1678184226-16-TMDA0019-HM-0560.pdf,Pulsatyl Sdk Metoprolol 100 mg Film Coated Tablet Metoprolol 100 mg Film Coated Tablet,SOURCE_LISTED,"Selected TMDA SmPC/TPAR listing, not the full registered medicines universe."
TMDA_APPROVED_PRODUCT_INFO,TMDA Approved Medicines Product Information,https://www.tmda.go.tz/index.php/pages/approved-product-information,"Pulsatyl Sdk Metoprolol 50 mg Tablet, Film-Coated","Metoprolol 50 mg Tablet, Film-Coated",,,50 mg,Tablet,,,,https://www.tmda.go.tz/uploads/1678184166-15-TMDA0019-HM-0559.pdf,"Pulsatyl Sdk Metoprolol 50 mg Tablet, Film-Coated Metoprolol 50 mg Tablet, Film-Coated",SOURCE_LISTED,"Selected TMDA SmPC/TPAR listing, not the full registered medicines universe."
TMDA_APPROVED_PRODUCT_INFO,TMDA Approved Medicines Product Information,https://www.tmda.go.tz/index.php/pages/approved-product-information,"Pyl-X Ointment Lidocaine, Zinc Oxide, Allantoin And Hydrocortisone Acetate 3% w/w, 5%w/w,0.5%w/w,0.25%w/w Ointment","Lidocaine, Zinc Oxide, Allantoin And Hydrocortisone Acetate 3% w/w, 5%w/w,0.5%w/w,0.25%w/w Ointment",,,5% + 0.5% + 0.25%,Ointment,,,,https://www.tmda.go.tz/uploads/1678368858-T21H0172SmPc.pdf,"Pyl-X Ointment Lidocaine, Zinc Oxide, Allantoin And Hydrocortisone Acetate 3% w/w, 5%w/w,0.5%w/w,0.25%w/w Ointment Lidocaine, Zinc Oxide, Allantoin And Hydrocortisone Acetate 3% w/w, 5%w/w,0.5%w/w,0.25%w/w Ointment",SOURCE_LISTED,"Selected TMDA SmPC/TPAR listing, not the full registered medicines universe."
TMDA_APPROVED_PRODUCT_INFO,TMDA Approved Medicines Product Information,https://www.tmda.go.tz/index.php/pages/approved-product-information,Pyrexon,"paracetamol, 1000 mg/100ml, Solution For Infussion",,,1000 mg/100ml,Solution,,,,https://www.tmda.go.tz/uploads/1709016464-T17H0285SmPCV1.pdf,"Pyrexon paracetamol, 1000 mg/100ml, Solution For Infussion",SOURCE_LISTED,"Selected TMDA SmPC/TPAR listing, not the full registered medicines universe."
TMDA_APPROVED_PRODUCT_INFO,TMDA Approved Medicines Product Information,https://www.tmda.go.tz/index.php/pages/approved-product-information,Q-Pantoop Pantoprazole Sodium 40 mg/vial Powder For Solution For Injection,Pantoprazole Sodium 40 mg/vial Powder For Solution For Injection,,,40 mg,Injection,,,,https://www.tmda.go.tz/uploads/1678368946-T20H0599SmPCV1.pdf,Q-Pantoop Pantoprazole Sodium 40 mg/vial Powder For Solution For Injection Pantoprazole Sodium 40 mg/vial Powder For Solution For Injection,SOURCE_LISTED,"Selected TMDA SmPC/TPAR listing, not the full registered medicines universe."
TMDA_APPROVED_PRODUCT_INFO,TMDA Approved Medicines Product Information,https://www.tmda.go.tz/index.php/pages/approved-product-information,QUITIDE 200,Quetiapine Fumarate Film-coated tablets 200 mg,,,200 mg,Tablets,,,,https://www.tmda.go.tz/uploads/1658395025-2_T20H0482-SmPC-Approved.pdf,QUITIDE 200 Quetiapine Fumarate Film-coated tablets 200 mg,SOURCE_LISTED,"Selected TMDA SmPC/TPAR listing, not the full registered medicines universe."
TMDA_APPROVED_PRODUCT_INFO,TMDA Approved Medicines Product Information,https://www.tmda.go.tz/index.php/pages/approved-product-information,QUITIDE 300,Quetiapine Fumarate Film coated tablets 300 mg,,,300 mg,Tablets,,,,https://www.tmda.go.tz/uploads/1658395153-2_T20H0475-SmPC-Approved.pdf,QUITIDE 300 Quetiapine Fumarate Film coated tablets 300 mg,SOURCE_LISTED,"Selected TMDA SmPC/TPAR listing, not the full registered medicines universe."
TMDA_APPROVED_PRODUCT_INFO,TMDA Approved Medicines Product Information,https://www.tmda.go.tz/index.php/pages/approved-product-information,R-Saline Ns Sodium Chloride Injection Usp 0.9% W/V 0.9% w/v Solution For Infusion,Sodium Chloride Injection Usp 0.9% W/V 0.9% w/v Solution For Infusion,,,,Injection,,,,https://www.tmda.go.tz/uploads/1678864972-T21H0947SmPcV1.pdf,R-Saline Ns Sodium Chloride Injection Usp 0.9% W/V 0.9% w/v Solution For Infusion Sodium Chloride Injection Usp 0.9% W/V 0.9% w/v Solution For Infusion,SOURCE_LISTED,"Selected TMDA SmPC/TPAR listing, not the full registered medicines universe."
TMDA_APPROVED_PRODUCT_INFO,TMDA Approved Medicines Product Information,https://www.tmda.go.tz/index.php/pages/approved-product-information,Redmentin,Amoxicillin 500 mg + Potassium clavulanate 125 mg,,,500 mg + 125 mg,,,,,https://www.tmda.go.tz/uploads/1620034026-T19H0228SmPCv1.pdf,Redmentin Amoxicillin 500 mg + Potassium clavulanate 125 mg,SOURCE_LISTED,"Selected TMDA SmPC/TPAR listing, not the full registered medicines universe."
TMDA_APPROVED_PRODUCT_INFO,TMDA Approved Medicines Product Information,https://www.tmda.go.tz/index.php/pages/approved-product-information,"Repimend 125 Aprepitant 125 mg Capsules, Hard","Aprepitant 125 mg Capsules, Hard",,,125 mg,Capsules,,,,https://www.tmda.go.tz/uploads/1678184505-23-TFDA0018-HM-0731.pdf,"Repimend 125 Aprepitant 125 mg Capsules, Hard Aprepitant 125 mg Capsules, Hard",SOURCE_LISTED,"Selected TMDA SmPC/TPAR listing, not the full registered medicines universe."
TMDA_APPROVED_PRODUCT_INFO,TMDA Approved Medicines Product Information,https://www.tmda.go.tz/index.php/pages/approved-product-information,"Repimend Aprepitant 80 mg Capsules, Hard","Aprepitant 80 mg Capsules, Hard",,,80 mg,Capsules,,,,https://www.tmda.go.tz/uploads/1678184409-24-TFDA0018-HM-0732.pdf,"Repimend Aprepitant 80 mg Capsules, Hard Aprepitant 80 mg Capsules, Hard",SOURCE_LISTED,"Selected TMDA SmPC/TPAR listing, not the full registered medicines universe."
TMDA_APPROVED_PRODUCT_INFO,TMDA Approved Medicines Product Information,https://www.tmda.go.tz/index.php/pages/approved-product-information,"Repimend Combi Pack Aprepitant 250/80 mg Capsules, Hard","Aprepitant 250/80 mg Capsules, Hard",,,80 mg,Capsules,,,,https://www.tmda.go.tz/uploads/1678865042-T18H0730SmPCv1.pdf,"Repimend Combi Pack Aprepitant 250/80 mg Capsules, Hard Aprepitant 250/80 mg Capsules, Hard",SOURCE_LISTED,"Selected TMDA SmPC/TPAR listing, not the full registered medicines universe."
TMDA_APPROVED_PRODUCT_INFO,TMDA Approved Medicines Product Information,https://www.tmda.go.tz/index.php/pages/approved-product-information,RESICALM 2,Risperidone Film-coated Tablets of 2 mg,,,2 mg,Tablets,,,,https://www.tmda.go.tz/uploads/1658395865-T20H0502SmPCv1.pdf,RESICALM 2 Risperidone Film-coated Tablets of 2 mg,SOURCE_LISTED,"Selected TMDA SmPC/TPAR listing, not the full registered medicines universe."
TMDA_APPROVED_PRODUCT_INFO,TMDA Approved Medicines Product Information,https://www.tmda.go.tz/index.php/pages/approved-product-information,Rispitas 1,Risperidone 1 mg tablets,,,1 mg,Tablets,,,,https://www.tmda.go.tz/uploads/1620040815-T19H0501SmPCv1.pdf,Rispitas 1 Risperidone 1 mg tablets,SOURCE_LISTED,"Selected TMDA SmPC/TPAR listing, not the full registered medicines universe."
TMDA_APPROVED_PRODUCT_INFO,TMDA Approved Medicines Product Information,https://www.tmda.go.tz/index.php/pages/approved-product-information,Rl Compound Sodium Lactate Infusion Bp 0.32g/100 ml Solution For Infussion,Compound Sodium Lactate Infusion Bp 0.32g/100 ml Solution For Infussion,,,0.32g/100 ml,Solution,,,,https://www.tmda.go.tz/uploads/1678184578-T21H1019SmPCv1.pdf,Rl Compound Sodium Lactate Infusion Bp 0.32g/100 ml Solution For Infussion Compound Sodium Lactate Infusion Bp 0.32g/100 ml Solution For Infussion,SOURCE_LISTED,"Selected TMDA SmPC/TPAR listing, not the full registered medicines universe."
TMDA_APPROVED_PRODUCT_INFO,TMDA Approved Medicines Product Information,https://www.tmda.go.tz/index.php/pages/approved-product-information,ROSUCOR 10,", 10 mg, Film Coated Tablet",,,10 mg,Tablet,,,,https://www.tmda.go.tz/uploads/1709017236-TZ19H0184SmPCv1.pdf,"ROSUCOR 10 , 10 mg, Film Coated Tablet",SOURCE_LISTED,"Selected TMDA SmPC/TPAR listing, not the full registered medicines universe."
TMDA_APPROVED_PRODUCT_INFO,TMDA Approved Medicines Product Information,https://www.tmda.go.tz/index.php/pages/approved-product-information,ROSUCOR 20,", 20 mg, Film Coated Tablet",,,20 mg,Tablet,,,,https://www.tmda.go.tz/uploads/1709016839-TZ19H0185SmPCv1.pdf,"ROSUCOR 20 , 20 mg, Film Coated Tablet",SOURCE_LISTED,"Selected TMDA SmPC/TPAR listing, not the full registered medicines universe."
TMDA_APPROVED_PRODUCT_INFO,TMDA Approved Medicines Product Information,https://www.tmda.go.tz/index.php/pages/approved-product-information,Rotem,"Artemether, 80, Injection",,,,Injection,,,,https://www.tmda.go.tz/uploads/1709017294-T17H0059SmPcV1.pdf,"Rotem Artemether, 80, Injection",SOURCE_LISTED,"Selected TMDA SmPC/TPAR listing, not the full registered medicines universe."
TMDA_APPROVED_PRODUCT_INFO,TMDA Approved Medicines Product Information,https://www.tmda.go.tz/index.php/pages/approved-product-information,RUISUFA ®10,Rosuvastatin Calcium 10mg Film Coated tablet 10mg,,,10mg + 10mg,Tablet,,,,https://www.tmda.go.tz/uploads/1658396324-T20H0377SmPCv1.pdf,RUISUFA ®10 Rosuvastatin Calcium 10mg Film Coated tablet 10mg,SOURCE_LISTED,"Selected TMDA SmPC/TPAR listing, not the full registered medicines universe."
TMDA_APPROVED_PRODUCT_INFO,TMDA Approved Medicines Product Information,https://www.tmda.go.tz/index.php/pages/approved-product-information,RUISUFA® 5,Rosuvastatin Calcium 5mg Film Coated tablet 5mg,,,5mg + 5mg,Tablet,,,,https://www.tmda.go.tz/uploads/1658396467-T20H0376SmPCv1.pdf,RUISUFA® 5 Rosuvastatin Calcium 5mg Film Coated tablet 5mg,SOURCE_LISTED,"Selected TMDA SmPC/TPAR listing, not the full registered medicines universe."
TMDA_APPROVED_PRODUCT_INFO,TMDA Approved Medicines Product Information,https://www.tmda.go.tz/index.php/pages/approved-product-information,S-Quin Quinine Dihydrochloride 600 mg/2 mL Solution For Injection,Quinine Dihydrochloride 600 mg/2 mL Solution For Injection,,,600 mg/2 mL,Injection,,,,https://www.tmda.go.tz/uploads/1678369198-T20H0288SmPCv1.pdf,S-Quin Quinine Dihydrochloride 600 mg/2 mL Solution For Injection Quinine Dihydrochloride 600 mg/2 mL Solution For Injection,SOURCE_LISTED,"Selected TMDA SmPC/TPAR listing, not the full registered medicines universe."
TMDA_APPROVED_PRODUCT_INFO,TMDA Approved Medicines Product Information,https://www.tmda.go.tz/index.php/pages/approved-product-information,Sanaxone Plus - 1000,"Ceftriaxone Sodium and Sulbactam Sodium, 1000 mg, Powder for solution for injection",,,1000 mg,Injection,,,,https://www.tmda.go.tz/uploads/1709017372-TZ19H0186SmPCv1.pdf,"Sanaxone Plus - 1000 Ceftriaxone Sodium and Sulbactam Sodium, 1000 mg, Powder for solution for injection",SOURCE_LISTED,"Selected TMDA SmPC/TPAR listing, not the full registered medicines universe."
TMDA_APPROVED_PRODUCT_INFO,TMDA Approved Medicines Product Information,https://www.tmda.go.tz/index.php/pages/approved-product-information,Sanfur - 1500,Cefuroxime 1500 mg powder for injection,,,1500 mg,Powder for injection,,,,https://www.tmda.go.tz/uploads/1620115478-T19H0336SmPCv1.pdf,Sanfur - 1500 Cefuroxime 1500 mg powder for injection,SOURCE_LISTED,"Selected TMDA SmPC/TPAR listing, not the full registered medicines universe."
TMDA_APPROVED_PRODUCT_INFO,TMDA Approved Medicines Product Information,https://www.tmda.go.tz/index.php/pages/approved-product-information,Sanfur - 750,Cefuroxime 750 mg powder for injection,,,750 mg,Powder for injection,,,,https://www.tmda.go.tz/uploads/1620035963-T19H0337SmPCv1.pdf,Sanfur - 750 Cefuroxime 750 mg powder for injection,SOURCE_LISTED,"Selected TMDA SmPC/TPAR listing, not the full registered medicines universe."
TMDA_APPROVED_PRODUCT_INFO,TMDA Approved Medicines Product Information,https://www.tmda.go.tz/index.php/pages/approved-product-information,Santocyn Oxytocin 10 mg/ml Solution For Injection,Oxytocin 10 mg/ml Solution For Injection,,,10 mg,Injection,,,,https://www.tmda.go.tz/uploads/1678184991-T22H0169SmPCV1.pdf,Santocyn Oxytocin 10 mg/ml Solution For Injection Oxytocin 10 mg/ml Solution For Injection,SOURCE_LISTED,"Selected TMDA SmPC/TPAR listing, not the full registered medicines universe."
TMDA_APPROVED_PRODUCT_INFO,TMDA Approved Medicines Product Information,https://www.tmda.go.tz/index.php/pages/approved-product-information,SARANTO 100,"Losartan Potassium, 100, Film Coated Tablet",,,,Tablet,,,,https://www.tmda.go.tz/uploads/1709017651-T19H0794SmPCv1.pdf,"SARANTO 100 Losartan Potassium, 100, Film Coated Tablet",SOURCE_LISTED,"Selected TMDA SmPC/TPAR listing, not the full registered medicines universe."
TMDA_APPROVED_PRODUCT_INFO,TMDA Approved Medicines Product Information,https://www.tmda.go.tz/index.php/pages/approved-product-information,SARANTO 50,"Losartan Potassium, 50, Film Coated Tablet",,,,Tablet,,,,https://www.tmda.go.tz/uploads/1709021149-T19H0792SmPCv1.pdf,"SARANTO 50 Losartan Potassium, 50, Film Coated Tablet",SOURCE_LISTED,"Selected TMDA SmPC/TPAR listing, not the full registered medicines universe."
TMDA_APPROVED_PRODUCT_INFO,TMDA Approved Medicines Product Information,https://www.tmda.go.tz/index.php/pages/approved-product-information,Septrin DS,"Sulfamethoxazole & Trimethoprim, 800 + 160 mg, Tablets",,,160 mg,Tablets,,,,https://www.tmda.go.tz/uploads/1709021255-TZ19H0235SmPCv1.pdf,"Septrin DS Sulfamethoxazole & Trimethoprim, 800 + 160 mg, Tablets",SOURCE_LISTED,"Selected TMDA SmPC/TPAR listing, not the full registered medicines universe."
TMDA_APPROVED_PRODUCT_INFO,TMDA Approved Medicines Product Information,https://www.tmda.go.tz/index.php/pages/approved-product-information,Sevmeg Sevelamer 800 mg Film Coated Tablet,Sevelamer 800 mg Film Coated Tablet,,,800 mg,Tablet,,,,https://www.tmda.go.tz/uploads/1678185066-T21H0892SmPCV1.pdf,Sevmeg Sevelamer 800 mg Film Coated Tablet Sevelamer 800 mg Film Coated Tablet,SOURCE_LISTED,"Selected TMDA SmPC/TPAR listing, not the full registered medicines universe."
TMDA_APPROVED_PRODUCT_INFO,TMDA Approved Medicines Product Information,https://www.tmda.go.tz/index.php/pages/approved-product-information,Shilgem Enoxaparin Sodium 200 mg Powder For Solution For Injection,Enoxaparin Sodium 200 mg Powder For Solution For Injection,,,200 mg,Injection,,,,https://www.tmda.go.tz/uploads/1678867569-T18H0583SmPCV1 2.pdf,Shilgem Enoxaparin Sodium 200 mg Powder For Solution For Injection Enoxaparin Sodium 200 mg Powder For Solution For Injection,SOURCE_LISTED,"Selected TMDA SmPC/TPAR listing, not the full registered medicines universe."
TMDA_APPROVED_PRODUCT_INFO,TMDA Approved Medicines Product Information,https://www.tmda.go.tz/index.php/pages/approved-product-information,SIRTURO™,100 mg tablet,,,100 mg,Tablet,,,,https://www.tmda.go.tz/uploads/1717142905-TFDA0016-HM-0062SmPC_Accepted.pdf,SIRTURO™ 100 mg tablet,SOURCE_LISTED,"Selected TMDA SmPC/TPAR listing, not the full registered medicines universe."
TMDA_APPROVED_PRODUCT_INFO,TMDA Approved Medicines Product Information,https://www.tmda.go.tz/index.php/pages/approved-product-information,Sita - Met,"Sitagliptin Phosphate and Metformin Hydrochloride, 50 + 1000 mg, Tablets",,,1000 mg,Tablets,,,,https://www.tmda.go.tz/uploads/1709021839-T16H0096SmPCv1.pdf,"Sita - Met Sitagliptin Phosphate and Metformin Hydrochloride, 50 + 1000 mg, Tablets",SOURCE_LISTED,"Selected TMDA SmPC/TPAR listing, not the full registered medicines universe."
TMDA_APPROVED_PRODUCT_INFO,TMDA Approved Medicines Product Information,https://www.tmda.go.tz/index.php/pages/approved-product-information,Sita - Met 50/500,"Sitagliptin phosphate monohydrate and Metformin Hdrochloride, 50 + 500 mg, Tablets",,,500 mg,Tablets,,,,https://www.tmda.go.tz/uploads/1709022133-T16H0095SmPCv1.pdf,"Sita - Met 50/500 Sitagliptin phosphate monohydrate and Metformin Hdrochloride, 50 + 500 mg, Tablets",SOURCE_LISTED,"Selected TMDA SmPC/TPAR listing, not the full registered medicines universe."
TMDA_APPROVED_PRODUCT_INFO,TMDA Approved Medicines Product Information,https://www.tmda.go.tz/index.php/pages/approved-product-information,Sitagliptin 100 mg Tablets,Sitagliptin 100 mg Tablets,,,100 mg,Tablets,,,,https://www.tmda.go.tz/uploads/files/Sitagliptin_100_mg_Tablets_Getz_Pharma_Pvt_Ltd.pdf,Sitagliptin 100 mg Tablets Sitagliptin 100 mg Tablets,SOURCE_LISTED,"Selected TMDA SmPC/TPAR listing, not the full registered medicines universe."
TMDA_APPROVED_PRODUCT_INFO,TMDA Approved Medicines Product Information,https://www.tmda.go.tz/index.php/pages/approved-product-information,Sitagliptin 50 mg Tablets,Sitagliptin 50 mg Tablets,,,50 mg,Tablets,,,,https://www.tmda.go.tz/uploads/files/Sitagliptin_50_mg_Tablets_Getz_Pharma_Pvt_Ltd.pdf,Sitagliptin 50 mg Tablets Sitagliptin 50 mg Tablets,SOURCE_LISTED,"Selected TMDA SmPC/TPAR listing, not the full registered medicines universe."
TMDA_APPROVED_PRODUCT_INFO,TMDA Approved Medicines Product Information,https://www.tmda.go.tz/index.php/pages/approved-product-information,Sitapril 100 Sitagliptin Phosphate Monohydrate 100 mg Film Coated Tablet,Sitagliptin Phosphate Monohydrate 100 mg Film Coated Tablet,,,100 mg,Tablet,,,,https://www.tmda.go.tz/uploads/1678369299-T21H0038SmPCv1.pdf,Sitapril 100 Sitagliptin Phosphate Monohydrate 100 mg Film Coated Tablet Sitagliptin Phosphate Monohydrate 100 mg Film Coated Tablet,SOURCE_LISTED,"Selected TMDA SmPC/TPAR listing, not the full registered medicines universe."
TMDA_APPROVED_PRODUCT_INFO,TMDA Approved Medicines Product Information,https://www.tmda.go.tz/index.php/pages/approved-product-information,Sitapril 25 Sitagliptin 25 mg Film Coated Tablet,Sitagliptin 25 mg Film Coated Tablet,,,25 mg,Tablet,,,,https://www.tmda.go.tz/uploads/1678369485-T21H0040SmPCv1.pdf,Sitapril 25 Sitagliptin 25 mg Film Coated Tablet Sitagliptin 25 mg Film Coated Tablet,SOURCE_LISTED,"Selected TMDA SmPC/TPAR listing, not the full registered medicines universe."
TMDA_APPROVED_PRODUCT_INFO,TMDA Approved Medicines Product Information,https://www.tmda.go.tz/index.php/pages/approved-product-information,Sitapril 50 Sitagliptin 50 mg Film Coated Tablet,Sitagliptin 50 mg Film Coated Tablet,,,50 mg,Tablet,,,,https://www.tmda.go.tz/uploads/1678369545-T21H0039SmPCv1.pdf,Sitapril 50 Sitagliptin 50 mg Film Coated Tablet Sitagliptin 50 mg Film Coated Tablet,SOURCE_LISTED,"Selected TMDA SmPC/TPAR listing, not the full registered medicines universe."
TMDA_APPROVED_PRODUCT_INFO,TMDA Approved Medicines Product Information,https://www.tmda.go.tz/index.php/pages/approved-product-information,Solfesire,Solifenacin succinate 5 mg film coated tablets,,,5 mg,Tablets,,,,https://www.tmda.go.tz/uploads/1620043769-T20H0154SmPCv1.pdf,Solfesire Solifenacin succinate 5 mg film coated tablets,SOURCE_LISTED,"Selected TMDA SmPC/TPAR listing, not the full registered medicines universe."
TMDA_APPROVED_PRODUCT_INFO,TMDA Approved Medicines Product Information,https://www.tmda.go.tz/index.php/pages/approved-product-information,Solfesire,Solifenacin succinate 10 mg film coated tablets,,,10 mg,Tablets,,,,https://www.tmda.go.tz/uploads/1620043822-T20H0155SmPCv1.pdf,Solfesire Solifenacin succinate 10 mg film coated tablets,SOURCE_LISTED,"Selected TMDA SmPC/TPAR listing, not the full registered medicines universe."
TMDA_APPROVED_PRODUCT_INFO,TMDA Approved Medicines Product Information,https://www.tmda.go.tz/index.php/pages/approved-product-information,Spaq-Co Disp Sulfadoxine/Pyrimethamine/Amodiaquine (As Hydrochloride) 500/25 mg Dispersible Tablets,Sulfadoxine/Pyrimethamine/Amodiaquine (As Hydrochloride) 500/25 mg Dispersible Tablets,,,25 mg,Tablets,,,,https://www.tmda.go.tz/uploads/1678369623-T21H0488SmPCv1.pdf,Spaq-Co Disp Sulfadoxine/Pyrimethamine/Amodiaquine (As Hydrochloride) 500/25 mg Dispersible Tablets Sulfadoxine/Pyrimethamine/Amodiaquine (As Hydrochloride) 500/25 mg Dispersible Tablets,SOURCE_LISTED,"Selected TMDA SmPC/TPAR listing, not the full registered medicines universe."
TMDA_APPROVED_PRODUCT_INFO,TMDA Approved Medicines Product Information,https://www.tmda.go.tz/index.php/pages/approved-product-information,"Spino-25 Spironolactone 25 mg Tablet, Film-Coated","Spironolactone 25 mg Tablet, Film-Coated",,,25 mg,Tablet,,,,https://www.tmda.go.tz/uploads/1678369685-T19H0355SmPCv0.pdf,"Spino-25 Spironolactone 25 mg Tablet, Film-Coated Spironolactone 25 mg Tablet, Film-Coated",SOURCE_LISTED,"Selected TMDA SmPC/TPAR listing, not the full registered medicines universe."
TMDA_APPROVED_PRODUCT_INFO,TMDA Approved Medicines Product Information,https://www.tmda.go.tz/index.php/pages/approved-product-information,Sterile Water For Injection Water For Injection 100 ml Solvent For Parenteral Use,Water For Injection 100 ml Solvent For Parenteral Use,,,100 ml,Injection,,,,https://www.tmda.go.tz/uploads/1678427565-T22H0646SmPCv1.pdf,Sterile Water For Injection Water For Injection 100 ml Solvent For Parenteral Use Water For Injection 100 ml Solvent For Parenteral Use,SOURCE_LISTED,"Selected TMDA SmPC/TPAR listing, not the full registered medicines universe."
TMDA_APPROVED_PRODUCT_INFO,TMDA Approved Medicines Product Information,https://www.tmda.go.tz/index.php/pages/approved-product-information,SUMAFIX 50,"sumatriptan succinate, 50 mg, Tablets",,,50 mg,Tablets,,,,https://www.tmda.go.tz/uploads/1709022598-TZ19H0231SmPCv1.pdf,"SUMAFIX 50 sumatriptan succinate, 50 mg, Tablets",SOURCE_LISTED,"Selected TMDA SmPC/TPAR listing, not the full registered medicines universe."
TMDA_APPROVED_PRODUCT_INFO,TMDA Approved Medicines Product Information,https://www.tmda.go.tz/index.php/pages/approved-product-information,SURAXIM,Cefixime Trihydrate Capsule of 400 mg,,,400 mg,Capsule,,,,https://www.tmda.go.tz/uploads/1658403298-T18H0340-SmPCV1.pdf,SURAXIM Cefixime Trihydrate Capsule of 400 mg,SOURCE_LISTED,"Selected TMDA SmPC/TPAR listing, not the full registered medicines universe."
TMDA_APPROVED_PRODUCT_INFO,TMDA Approved Medicines Product Information,https://www.tmda.go.tz/index.php/pages/approved-product-information,Suraxim Cefixime Trihydrate 200 mg Capsules,Cefixime Trihydrate 200 mg Capsules,,,200 mg,Capsules,,,,https://www.tmda.go.tz/uploads/1678185172-T18H0837SmPCv1.pdf,Suraxim Cefixime Trihydrate 200 mg Capsules Cefixime Trihydrate 200 mg Capsules,SOURCE_LISTED,"Selected TMDA SmPC/TPAR listing, not the full registered medicines universe."
TMDA_APPROVED_PRODUCT_INFO,TMDA Approved Medicines Product Information,https://www.tmda.go.tz/index.php/pages/approved-product-information,Swazi,Azithromycin dihydrate Film coated tablet 250mg,,,250mg,Tablet,,,,https://www.tmda.go.tz/uploads/1658403368-T19H0367SmPCv1.pdf,Swazi Azithromycin dihydrate Film coated tablet 250mg,SOURCE_LISTED,"Selected TMDA SmPC/TPAR listing, not the full registered medicines universe."
TMDA_APPROVED_PRODUCT_INFO,TMDA Approved Medicines Product Information,https://www.tmda.go.tz/index.php/pages/approved-product-information,Swazi,Azithromycin dihydrate Film coated tablet 500mg,,,500mg,Tablet,,,,https://www.tmda.go.tz/uploads/1658403434-T20H0561SmPCv1.pdf,Swazi Azithromycin dihydrate Film coated tablet 500mg,SOURCE_LISTED,"Selected TMDA SmPC/TPAR listing, not the full registered medicines universe."
TMDA_APPROVED_PRODUCT_INFO,TMDA Approved Medicines Product Information,https://www.tmda.go.tz/index.php/pages/approved-product-information,Swiss Vita Vitamin B Complex 10 ml Solution For Injection,Vitamin B Complex 10 ml Solution For Injection,,,10 ml,Injection,,,,https://www.tmda.go.tz/uploads/1678427640-T19H0760SmPCv1.pdf,Swiss Vita Vitamin B Complex 10 ml Solution For Injection Vitamin B Complex 10 ml Solution For Injection,SOURCE_LISTED,"Selected TMDA SmPC/TPAR listing, not the full registered medicines universe."
TMDA_APPROVED_PRODUCT_INFO,TMDA Approved Medicines Product Information,https://www.tmda.go.tz/index.php/pages/approved-product-information,TACEEDO-120,"Docetaxel, 120/3 mg/ml, Injection",,,3 mg,Injection,,,,https://www.tmda.go.tz/uploads/1709023116-TZ19H0199SmPCv1.pdf,"TACEEDO-120 Docetaxel, 120/3 mg/ml, Injection",SOURCE_LISTED,"Selected TMDA SmPC/TPAR listing, not the full registered medicines universe."
TMDA_APPROVED_PRODUCT_INFO,TMDA Approved Medicines Product Information,https://www.tmda.go.tz/index.php/pages/approved-product-information,Tacrocord,Tacrolimus 5 mg capsules,,,5 mg,Capsules,,,,https://www.tmda.go.tz/uploads/1620042524-T19H0831SmPCv1.pdf,Tacrocord Tacrolimus 5 mg capsules,SOURCE_LISTED,"Selected TMDA SmPC/TPAR listing, not the full registered medicines universe."
TMDA_APPROVED_PRODUCT_INFO,TMDA Approved Medicines Product Information,https://www.tmda.go.tz/index.php/pages/approved-product-information,Tacrocord,Tacrolimus 1 mg capsules,,,1 mg,Capsules,,,,https://www.tmda.go.tz/uploads/1620042563-T19H0832SmPCv1.pdf,Tacrocord Tacrolimus 1 mg capsules,SOURCE_LISTED,"Selected TMDA SmPC/TPAR listing, not the full registered medicines universe."
TMDA_APPROVED_PRODUCT_INFO,TMDA Approved Medicines Product Information,https://www.tmda.go.tz/index.php/pages/approved-product-information,Tacrocord,Tacrolimus 0.5 mg capsules,,,0.5 mg,Capsules,,,,https://www.tmda.go.tz/uploads/1620042617-T19H0833SmPCv1.pdf,Tacrocord Tacrolimus 0.5 mg capsules,SOURCE_LISTED,"Selected TMDA SmPC/TPAR listing, not the full registered medicines universe."
TMDA_APPROVED_PRODUCT_INFO,TMDA Approved Medicines Product Information,https://www.tmda.go.tz/index.php/pages/approved-product-information,Tagera Forte Secnidazole 1000 mg Film Coated Tablet,Secnidazole 1000 mg Film Coated Tablet,,,1000 mg,Tablet,,,,https://www.tmda.go.tz/uploads/1678185297-T20H0266SmPCv1.pdf,Tagera Forte Secnidazole 1000 mg Film Coated Tablet Secnidazole 1000 mg Film Coated Tablet,SOURCE_LISTED,"Selected TMDA SmPC/TPAR listing, not the full registered medicines universe."
TMDA_APPROVED_PRODUCT_INFO,TMDA Approved Medicines Product Information,https://www.tmda.go.tz/index.php/pages/approved-product-information,Talzenna,Talazoparib Hard gelatin capsule 1 mg,,,1 mg,Capsule,,,,https://www.tmda.go.tz/uploads/1658403725-T21H0264-SmPCV1.pdf,Talzenna Talazoparib Hard gelatin capsule 1 mg,SOURCE_LISTED,"Selected TMDA SmPC/TPAR listing, not the full registered medicines universe."
TMDA_APPROVED_PRODUCT_INFO,TMDA Approved Medicines Product Information,https://www.tmda.go.tz/index.php/pages/approved-product-information,Talzenna,Talazoparib Hard gelatin capsule 0.5mg,,,0.5mg,Capsule,,,,https://www.tmda.go.tz/uploads/1658403809-T21H0263-SmPCV1.pdf,Talzenna Talazoparib Hard gelatin capsule 0.5mg,SOURCE_LISTED,"Selected TMDA SmPC/TPAR listing, not the full registered medicines universe."
TMDA_APPROVED_PRODUCT_INFO,TMDA Approved Medicines Product Information,https://www.tmda.go.tz/index.php/pages/approved-product-information,Tamen Paracetamol 120 mg/5ml Syrup,Paracetamol 120 mg/5ml Syrup,,,120 mg/5ml,Syrup,,,,https://www.tmda.go.tz/uploads/1678427753-T17H0653SmPCv1.pdf,Tamen Paracetamol 120 mg/5ml Syrup Paracetamol 120 mg/5ml Syrup,SOURCE_LISTED,"Selected TMDA SmPC/TPAR listing, not the full registered medicines universe."
TMDA_APPROVED_PRODUCT_INFO,TMDA Approved Medicines Product Information,https://www.tmda.go.tz/index.php/pages/approved-product-information,Tavin-Em Emtricitabine And Tenofovir Disoproxil Fumarate 300/200 mg Oral Tablet,Emtricitabine And Tenofovir Disoproxil Fumarate 300/200 mg Oral Tablet,,,200 mg,Tablet,,,,https://www.tmda.go.tz/uploads/1678185370-26-TMDA-WEB0021-HM-WHO-0281.pdf,Tavin-Em Emtricitabine And Tenofovir Disoproxil Fumarate 300/200 mg Oral Tablet Emtricitabine And Tenofovir Disoproxil Fumarate 300/200 mg Oral Tablet,SOURCE_LISTED,"Selected TMDA SmPC/TPAR listing, not the full registered medicines universe."
TMDA_APPROVED_PRODUCT_INFO,TMDA Approved Medicines Product Information,https://www.tmda.go.tz/index.php/pages/approved-product-information,Taxim,"Cefotaxime, 1 g, Injection",,,1 g,Injection,,,,https://www.tmda.go.tz/uploads/1709024548-T19H0387SmPCV1.pdf,"Taxim Cefotaxime, 1 g, Injection",SOURCE_LISTED,"Selected TMDA SmPC/TPAR listing, not the full registered medicines universe."
TMDA_APPROVED_PRODUCT_INFO,TMDA Approved Medicines Product Information,https://www.tmda.go.tz/index.php/pages/approved-product-information,Taxim-O 400Mg Cefixime 400 mg Capsules,Cefixime 400 mg Capsules,,,400 mg,Capsules,,,,https://www.tmda.go.tz/uploads/1678427814-T19H0607SmPCv1.pdf,Taxim-O 400Mg Cefixime 400 mg Capsules Cefixime 400 mg Capsules,SOURCE_LISTED,"Selected TMDA SmPC/TPAR listing, not the full registered medicines universe."
TMDA_APPROVED_PRODUCT_INFO,TMDA Approved Medicines Product Information,https://www.tmda.go.tz/index.php/pages/approved-product-information,Tecentriq 840Mg/14Ml Atezolizumab 840 mg/14 mL Solution For Injection/Concentrate For Solution For Infusion,Atezolizumab 840 mg/14 mL Solution For Injection/Concentrate For Solution For Infusion,,,840 mg/14 mL,Injection,,,,https://www.tmda.go.tz/uploads/1678427878-T22HEAC0665SmPCV1.pdf,Tecentriq 840Mg/14Ml Atezolizumab 840 mg/14 mL Solution For Injection/Concentrate For Solution For Infusion Atezolizumab 840 mg/14 mL Solution For Injection/Concentrate For Solution For Infusion,SOURCE_LISTED,"Selected TMDA SmPC/TPAR listing, not the full registered medicines universe."
TMDA_APPROVED_PRODUCT_INFO,TMDA Approved Medicines Product Information,https://www.tmda.go.tz/index.php/pages/approved-product-information,Tenofovir Disoproxil Fumarate / Emtricitabine Emtricitabine + Tenofovir Disoproxil Fumarate 300 + 200 mg Tablets,Emtricitabine + Tenofovir Disoproxil Fumarate 300 + 200 mg Tablets,,,200 mg,Tablets,,,,https://www.tmda.go.tz/uploads/1678867695-T16H0345SmPCv1.pdf,Tenofovir Disoproxil Fumarate / Emtricitabine Emtricitabine + Tenofovir Disoproxil Fumarate 300 + 200 mg Tablets Emtricitabine + Tenofovir Disoproxil Fumarate 300 + 200 mg Tablets,SOURCE_LISTED,"Selected TMDA SmPC/TPAR listing, not the full registered medicines universe."
TMDA_APPROVED_PRODUCT_INFO,TMDA Approved Medicines Product Information,https://www.tmda.go.tz/index.php/pages/approved-product-information,Terbi-250,"Terbinafine, 250 mg, Tablets",,,250 mg,Tablets,,,,https://www.tmda.go.tz/uploads/1709024765-T19H0356SmPCV1.pdf,"Terbi-250 Terbinafine, 250 mg, Tablets",SOURCE_LISTED,"Selected TMDA SmPC/TPAR listing, not the full registered medicines universe."
TMDA_APPROVED_PRODUCT_INFO,TMDA Approved Medicines Product Information,https://www.tmda.go.tz/index.php/pages/approved-product-information,Terbinaforce-250 Terbinafine 250 mg Uncoated Tablets,Terbinafine 250 mg Uncoated Tablets,,,250 mg,Tablets,,,,https://www.tmda.go.tz/uploads/1678867764-T20H0650SmPCV1.pdf,Terbinaforce-250 Terbinafine 250 mg Uncoated Tablets Terbinafine 250 mg Uncoated Tablets,SOURCE_LISTED,"Selected TMDA SmPC/TPAR listing, not the full registered medicines universe."
TMDA_APPROVED_PRODUCT_INFO,TMDA Approved Medicines Product Information,https://www.tmda.go.tz/index.php/pages/approved-product-information,THEOCLAV-1000,"Amoxycillin and Clavulanate Potassium, 875 + 125, Tablet, Film-coated",,,,Tablet,,,,https://www.tmda.go.tz/uploads/1709024958-T16H0278SmPCV1.pdf,"THEOCLAV-1000 Amoxycillin and Clavulanate Potassium, 875 + 125, Tablet, Film-coated",SOURCE_LISTED,"Selected TMDA SmPC/TPAR listing, not the full registered medicines universe."
TMDA_APPROVED_PRODUCT_INFO,TMDA Approved Medicines Product Information,https://www.tmda.go.tz/index.php/pages/approved-product-information,Theomox-250 Amoxicillin Trihydrate 250 mg Tablets,Amoxicillin Trihydrate 250 mg Tablets,,,250 mg,Tablets,,,,https://www.tmda.go.tz/uploads/1678867844-T20H0043SmPCv1.pdf,Theomox-250 Amoxicillin Trihydrate 250 mg Tablets Amoxicillin Trihydrate 250 mg Tablets,SOURCE_LISTED,"Selected TMDA SmPC/TPAR listing, not the full registered medicines universe."
TMDA_APPROVED_PRODUCT_INFO,TMDA Approved Medicines Product Information,https://www.tmda.go.tz/index.php/pages/approved-product-information,THEOROXIME - 250 DS,"Cefuroxime Axetil, 250, Powder for Oral suspension",,,,Suspension,,,,https://www.tmda.go.tz/uploads/1709025316-T17H0426 SmPCv1.pdf,"THEOROXIME - 250 DS Cefuroxime Axetil, 250, Powder for Oral suspension",SOURCE_LISTED,"Selected TMDA SmPC/TPAR listing, not the full registered medicines universe."
TMDA_APPROVED_PRODUCT_INFO,TMDA Approved Medicines Product Information,https://www.tmda.go.tz/index.php/pages/approved-product-information,THIOTEC,"Thiopental, 500 mg, Solution for injection",,,500 mg,Injection,,,,https://www.tmda.go.tz/uploads/1709025609-TZ19H0218SmPCv1.pdf,"THIOTEC Thiopental, 500 mg, Solution for injection",SOURCE_LISTED,"Selected TMDA SmPC/TPAR listing, not the full registered medicines universe."
TMDA_APPROVED_PRODUCT_INFO,TMDA Approved Medicines Product Information,https://www.tmda.go.tz/index.php/pages/approved-product-information,thromban 2.5,"Apixaban, 2.5 mg, Tablets",,,2.5 mg,Tablets,,,,https://www.tmda.go.tz/uploads/1709026529-T20H0080-SmPCv1.pdf,"thromban 2.5 Apixaban, 2.5 mg, Tablets",SOURCE_LISTED,"Selected TMDA SmPC/TPAR listing, not the full registered medicines universe."
TMDA_APPROVED_PRODUCT_INFO,TMDA Approved Medicines Product Information,https://www.tmda.go.tz/index.php/pages/approved-product-information,THYMOGAM 250 MG,"Antithymocyte Globulin, 250 mg, Injection",,,250 mg,Injection,,,,https://www.tmda.go.tz/uploads/1709026828-T16H0437SmPCv1.pdf,"THYMOGAM 250 MG Antithymocyte Globulin, 250 mg, Injection",SOURCE_LISTED,"Selected TMDA SmPC/TPAR listing, not the full registered medicines universe."
TMDA_APPROVED_PRODUCT_INFO,TMDA Approved Medicines Product Information,https://www.tmda.go.tz/index.php/pages/approved-product-information,TIMATE,Timolol Maleate Eye drops of 0.5% w/v,,,,Drops,,,,https://www.tmda.go.tz/uploads/1658403991-T20H0523SmPCv1.pdf,TIMATE Timolol Maleate Eye drops of 0.5% w/v,SOURCE_LISTED,"Selected TMDA SmPC/TPAR listing, not the full registered medicines universe."
TMDA_APPROVED_PRODUCT_INFO,TMDA Approved Medicines Product Information,https://www.tmda.go.tz/index.php/pages/approved-product-information,TIVICAY,"Dolutegravir Sodium, 10 mg, Tablets",,,10 mg,Tablets,,,,https://www.tmda.go.tz/uploads/1709027356-TZ19H0226SmPCv1.pdf,"TIVICAY Dolutegravir Sodium, 10 mg, Tablets",SOURCE_LISTED,"Selected TMDA SmPC/TPAR listing, not the full registered medicines universe."
TMDA_APPROVED_PRODUCT_INFO,TMDA Approved Medicines Product Information,https://www.tmda.go.tz/index.php/pages/approved-product-information,TIVICAY,"Dolutegravir Sodium, 25 mg, Tablets",,,25 mg,Tablets,,,,https://www.tmda.go.tz/uploads/1709028151-TZ19H0227SmPCv1.pdf,"TIVICAY Dolutegravir Sodium, 25 mg, Tablets",SOURCE_LISTED,"Selected TMDA SmPC/TPAR listing, not the full registered medicines universe."
TMDA_APPROVED_PRODUCT_INFO,TMDA Approved Medicines Product Information,https://www.tmda.go.tz/index.php/pages/approved-product-information,Tivicay 5Mg Dispersible Tablets Dolutegravir Sodium 5 mg Dispersible Tablets,Dolutegravir Sodium 5 mg Dispersible Tablets,,,5 mg,Tablets,,,,https://www.tmda.go.tz/uploads/1678428076-T21H0562SmPCv1.pdf,Tivicay 5Mg Dispersible Tablets Dolutegravir Sodium 5 mg Dispersible Tablets Dolutegravir Sodium 5 mg Dispersible Tablets,SOURCE_LISTED,"Selected TMDA SmPC/TPAR listing, not the full registered medicines universe."
TMDA_APPROVED_PRODUCT_INFO,TMDA Approved Medicines Product Information,https://www.tmda.go.tz/index.php/pages/approved-product-information,Tizigesic Tizanidine 2 mg Oral Tablet,Tizanidine 2 mg Oral Tablet,,,2 mg,Tablet,,,,https://www.tmda.go.tz/uploads/1678428174-T21H0517SmPCv1.pdf,Tizigesic Tizanidine 2 mg Oral Tablet Tizanidine 2 mg Oral Tablet,SOURCE_LISTED,"Selected TMDA SmPC/TPAR listing, not the full registered medicines universe."
TMDA_APPROVED_PRODUCT_INFO,TMDA Approved Medicines Product Information,https://www.tmda.go.tz/index.php/pages/approved-product-information,Torleva 250,"Levetiracetam, 250 mg, Tablet, coated",,,250 mg,Tablet,,,,https://www.tmda.go.tz/uploads/1709028372-T13H0417 SmPCV1.pdf,"Torleva 250 Levetiracetam, 250 mg, Tablet, coated",SOURCE_LISTED,"Selected TMDA SmPC/TPAR listing, not the full registered medicines universe."
TMDA_APPROVED_PRODUCT_INFO,TMDA Approved Medicines Product Information,https://www.tmda.go.tz/index.php/pages/approved-product-information,Torleva 500,"Levetiracetam, 500 mg, Tablet, Film-coated",,,500 mg,Tablet,,,,https://www.tmda.go.tz/uploads/1709028466-T13H0418 SmPCV1.pdf,"Torleva 500 Levetiracetam, 500 mg, Tablet, Film-coated",SOURCE_LISTED,"Selected TMDA SmPC/TPAR listing, not the full registered medicines universe."
TMDA_APPROVED_PRODUCT_INFO,TMDA Approved Medicines Product Information,https://www.tmda.go.tz/index.php/pages/approved-product-information,Torleva 750,"Levetiracetam, 750 mg, Tablets",,,750 mg,Tablets,,,,https://www.tmda.go.tz/uploads/1709028538-T13H0419 SmPCV1.pdf,"Torleva 750 Levetiracetam, 750 mg, Tablets",SOURCE_LISTED,"Selected TMDA SmPC/TPAR listing, not the full registered medicines universe."
TMDA_APPROVED_PRODUCT_INFO,TMDA Approved Medicines Product Information,https://www.tmda.go.tz/index.php/pages/approved-product-information,TORSIT M 50+1000,"Metformin and Sitagliptin, 50+1000, Film Coated Tablet",,,,Tablet,,,,ttps://www.tmda.go.tz/uploads/1709028595-1_T19H0807E1-SmPC.pdf,"TORSIT M 50+1000 Metformin and Sitagliptin, 50+1000, Film Coated Tablet",SOURCE_LISTED,"Selected TMDA SmPC/TPAR listing, not the full registered medicines universe."
TMDA_APPROVED_PRODUCT_INFO,TMDA Approved Medicines Product Information,https://www.tmda.go.tz/index.php/pages/approved-product-information,TORSIT M 50+500,"Metformin and Sitagliptin, 50+500 mg, Film Coated Tablet",,,500 mg,Tablet,,,,https://www.tmda.go.tz/uploads/1709028641-1_T19H0806E1-SmPC.pdf,"TORSIT M 50+500 Metformin and Sitagliptin, 50+500 mg, Film Coated Tablet",SOURCE_LISTED,"Selected TMDA SmPC/TPAR listing, not the full registered medicines universe."
TMDA_APPROVED_PRODUCT_INFO,TMDA Approved Medicines Product Information,https://www.tmda.go.tz/index.php/pages/approved-product-information,Tramapa Fort Tramadol 75/650 mg Tablets,Tramadol 75/650 mg Tablets,,,650 mg,Tablets,,,,https://www.tmda.go.tz/uploads/1678185447-32-TFDA0019-HM-0213.pdf,Tramapa Fort Tramadol 75/650 mg Tablets Tramadol 75/650 mg Tablets,SOURCE_LISTED,"Selected TMDA SmPC/TPAR listing, not the full registered medicines universe."
TMDA_APPROVED_PRODUCT_INFO,TMDA Approved Medicines Product Information,https://www.tmda.go.tz/index.php/pages/approved-product-information,Tranexamic acid,Tranexamic acid 500 mg/5 mL injection,,,500 mg/5 mL,Injection,,,,https://www.tmda.go.tz/uploads/1620031424-T18H0828SmPCv1.pdf,Tranexamic acid Tranexamic acid 500 mg/5 mL injection,SOURCE_LISTED,"Selected TMDA SmPC/TPAR listing, not the full registered medicines universe."
TMDA_APPROVED_PRODUCT_INFO,TMDA Approved Medicines Product Information,https://www.tmda.go.tz/index.php/pages/approved-product-information,TRANSLIPO C Vaginal Cream,"Clotrimazole, 2, Cream",,,,Cream,,,,https://www.tmda.go.tz/uploads/1709028765-T19H0624SmPCV1.pdf,"TRANSLIPO C Vaginal Cream Clotrimazole, 2, Cream",SOURCE_LISTED,"Selected TMDA SmPC/TPAR listing, not the full registered medicines universe."
TMDA_APPROVED_PRODUCT_INFO,TMDA Approved Medicines Product Information,https://www.tmda.go.tz/index.php/pages/approved-product-information,Triamacort Triamcinolone Acetonide 40 mg/ml Intravenous/Intramuscular Injection,Triamcinolone Acetonide 40 mg/ml Intravenous/Intramuscular Injection,,,40 mg,Injection,,,,https://www.tmda.go.tz/uploads/1678867904-1_T21H0852SmPcv1.pdf,Triamacort Triamcinolone Acetonide 40 mg/ml Intravenous/Intramuscular Injection Triamcinolone Acetonide 40 mg/ml Intravenous/Intramuscular Injection,SOURCE_LISTED,"Selected TMDA SmPC/TPAR listing, not the full registered medicines universe."
TMDA_APPROVED_PRODUCT_INFO,TMDA Approved Medicines Product Information,https://www.tmda.go.tz/index.php/pages/approved-product-information,Triolmesar,"Olmesartan, Amlodipine and Hydrochlorothiazide, 20 + 12.5 + 5 mg, Tablet, Film-coated",,,5 mg,Tablet,,,,https://www.tmda.go.tz/uploads/1709028924-TZ19H0242SmPCv1.pdf,"Triolmesar Olmesartan, Amlodipine and Hydrochlorothiazide, 20 + 12.5 + 5 mg, Tablet, Film-coated",SOURCE_LISTED,"Selected TMDA SmPC/TPAR listing, not the full registered medicines universe."
TMDA_APPROVED_PRODUCT_INFO,TMDA Approved Medicines Product Information,https://www.tmda.go.tz/index.php/pages/approved-product-information,Triolmesar forte 5,"Olmesartan, Amlodipine and Hydrochlorothiazide, 40 + 12.5 + 5 mg, Tablet, Film-coated",,,5 mg,Tablet,,,,https://www.tmda.go.tz/uploads/1709029455-TZ19H0241SmPCv1.pdf,"Triolmesar forte 5 Olmesartan, Amlodipine and Hydrochlorothiazide, 40 + 12.5 + 5 mg, Tablet, Film-coated",SOURCE_LISTED,"Selected TMDA SmPC/TPAR listing, not the full registered medicines universe."
TMDA_APPROVED_PRODUCT_INFO,TMDA Approved Medicines Product Information,https://www.tmda.go.tz/index.php/pages/approved-product-information,TRIZEM Cream,"Clotrimazole + Betamethasone Dipropionate + Gentamicin Sulphate, 1/0.05/0.1 %w/w, Cream",,,0.1 %,Cream,,,,https://www.tmda.go.tz/uploads/1709029508-T18H0568SmPCv1.pdf,"TRIZEM Cream Clotrimazole + Betamethasone Dipropionate + Gentamicin Sulphate, 1/0.05/0.1 %w/w, Cream",SOURCE_LISTED,"Selected TMDA SmPC/TPAR listing, not the full registered medicines universe."
TMDA_APPROVED_PRODUCT_INFO,TMDA Approved Medicines Product Information,https://www.tmda.go.tz/index.php/pages/approved-product-information,Tronson Palonosetron Hydrochloride 250 mcg/5ml Injection,Palonosetron Hydrochloride 250 mcg/5ml Injection,,,250 mcg/5ml,Injection,,,,https://www.tmda.go.tz/uploads/1678867961-T18H0729SmPCv1.pdf,Tronson Palonosetron Hydrochloride 250 mcg/5ml Injection Palonosetron Hydrochloride 250 mcg/5ml Injection,SOURCE_LISTED,"Selected TMDA SmPC/TPAR listing, not the full registered medicines universe."
TMDA_APPROVED_PRODUCT_INFO,TMDA Approved Medicines Product Information,https://www.tmda.go.tz/index.php/pages/approved-product-information,Trust Daisy 1 Ec Levonorgestrel 1.5 mg Oral Tablet,Levonorgestrel 1.5 mg Oral Tablet,,,1.5 mg,Tablet,,,,https://www.tmda.go.tz/uploads/1678868035-T20H-EAC-0633SmPCV1.pdf,Trust Daisy 1 Ec Levonorgestrel 1.5 mg Oral Tablet Levonorgestrel 1.5 mg Oral Tablet,SOURCE_LISTED,"Selected TMDA SmPC/TPAR listing, not the full registered medicines universe."
TMDA_APPROVED_PRODUCT_INFO,TMDA Approved Medicines Product Information,https://www.tmda.go.tz/index.php/pages/approved-product-information,Typhibev Vi Polysaccharide Bulk Conjudate (Vi-Crm197) Typhoid Vi Polysaccharide1 Conjugated to 16.7 µg to 100 µg of CRM 197 (0.5 dose) Solution For Injection,Vi Polysaccharide Bulk Conjudate (Vi-Crm197) Typhoid Vi Polysaccharide1 Conjugated to 16.7 µg to 100 µg of CRM 197 (0.5 dose) Solution For Injection,,,,Injection,,,,https://www.tmda.go.tz/uploads/1678868109-T21VWHO0440SmPCV1.pdf,Typhibev Vi Polysaccharide Bulk Conjudate (Vi-Crm197) Typhoid Vi Polysaccharide1 Conjugated to 16.7 µg to 100 µg of CRM 197 (0.5 dose) Solution For Injection Vi Polysaccharide Bulk Conjudate (Vi-Crm197) Typhoid Vi Polysaccharide1 Conjugated to 16.7 µg to 100 µg of CRM 197 (0.5 dose) Solution For Injection,SOURCE_LISTED,"Selected TMDA SmPC/TPAR listing, not the full registered medicines universe."
TMDA_APPROVED_PRODUCT_INFO,TMDA Approved Medicines Product Information,https://www.tmda.go.tz/index.php/pages/approved-product-information,Ultrox 10 Mg Film Coated Tablet Rosuvastatin 10 mg Film Coated Tablet,Rosuvastatin 10 mg Film Coated Tablet,,,10 mg,Tablet,,,,https://www.tmda.go.tz/uploads/1678868241-T21H0410SmPCV1.pdf,Ultrox 10 Mg Film Coated Tablet Rosuvastatin 10 mg Film Coated Tablet Rosuvastatin 10 mg Film Coated Tablet,SOURCE_LISTED,"Selected TMDA SmPC/TPAR listing, not the full registered medicines universe."
TMDA_APPROVED_PRODUCT_INFO,TMDA Approved Medicines Product Information,https://www.tmda.go.tz/index.php/pages/approved-product-information,Unifed Syrup,"Triproline + Pseudoephedrine Hydrochloride+Codeine, (1.25+30) mg/5ml, Syrup",,,5ml,Syrup,,,,https://www.tmda.go.tz/uploads/1709029692-TZ19H0196SmPCv1.pdf,"Unifed Syrup Triproline + Pseudoephedrine Hydrochloride+Codeine, (1.25+30) mg/5ml, Syrup",SOURCE_LISTED,"Selected TMDA SmPC/TPAR listing, not the full registered medicines universe."
TMDA_APPROVED_PRODUCT_INFO,TMDA Approved Medicines Product Information,https://www.tmda.go.tz/index.php/pages/approved-product-information,Uniproex Er 250 Divalproex Sodium 250 mg Extended Release Tablet,Divalproex Sodium 250 mg Extended Release Tablet,,,250 mg,Tablet,,,,https://www.tmda.go.tz/uploads/1678185551-T22H0192SmPCV1.pdf,Uniproex Er 250 Divalproex Sodium 250 mg Extended Release Tablet Divalproex Sodium 250 mg Extended Release Tablet,SOURCE_LISTED,"Selected TMDA SmPC/TPAR listing, not the full registered medicines universe."
TMDA_APPROVED_PRODUCT_INFO,TMDA Approved Medicines Product Information,https://www.tmda.go.tz/index.php/pages/approved-product-information,Uniproex Er 500 Divalproex Sodium 500 mg Extended Release Tablet,Divalproex Sodium 500 mg Extended Release Tablet,,,500 mg,Tablet,,,,https://www.tmda.go.tz/uploads/1678185651-T22H0190SmPCV1.pdf,Uniproex Er 500 Divalproex Sodium 500 mg Extended Release Tablet Divalproex Sodium 500 mg Extended Release Tablet,SOURCE_LISTED,"Selected TMDA SmPC/TPAR listing, not the full registered medicines universe."
TMDA_APPROVED_PRODUCT_INFO,TMDA Approved Medicines Product Information,https://www.tmda.go.tz/index.php/pages/approved-product-information,UNOAMOXI 250,Amoxicillin Tablet 250mg,,,250mg,Tablet,,,,https://www.tmda.go.tz/uploads/1658472093-T21H0126SmPCv1.pdf,UNOAMOXI 250 Amoxicillin Tablet 250mg,SOURCE_LISTED,"Selected TMDA SmPC/TPAR listing, not the full registered medicines universe."
TMDA_APPROVED_PRODUCT_INFO,TMDA Approved Medicines Product Information,https://www.tmda.go.tz/index.php/pages/approved-product-information,Urydos-4 Silodosin 4 mg Capsules,Silodosin 4 mg Capsules,,,4 mg,Capsules,,,,https://www.tmda.go.tz/uploads/1678428266-T20H0595SmPCv1.pdf,Urydos-4 Silodosin 4 mg Capsules Silodosin 4 mg Capsules,SOURCE_LISTED,"Selected TMDA SmPC/TPAR listing, not the full registered medicines universe."
TMDA_APPROVED_PRODUCT_INFO,TMDA Approved Medicines Product Information,https://www.tmda.go.tz/index.php/pages/approved-product-information,Urydos-8 Silodosin 8 mg Capsules,Silodosin 8 mg Capsules,,,8 mg,Capsules,,,,https://www.tmda.go.tz/uploads/1678428344-T20H0592SmPCv1.pdf,Urydos-8 Silodosin 8 mg Capsules Silodosin 8 mg Capsules,SOURCE_LISTED,"Selected TMDA SmPC/TPAR listing, not the full registered medicines universe."
TMDA_APPROVED_PRODUCT_INFO,TMDA Approved Medicines Product Information,https://www.tmda.go.tz/index.php/pages/approved-product-information,URYSOREN-10,Solifenacin Succinate Film coated Tablets of 10 mg,,,10 mg,Tablets,,,,https://www.tmda.go.tz/uploads/1658472183-T20H0594SmPCv1.pdf,URYSOREN-10 Solifenacin Succinate Film coated Tablets of 10 mg,SOURCE_LISTED,"Selected TMDA SmPC/TPAR listing, not the full registered medicines universe."
TMDA_APPROVED_PRODUCT_INFO,TMDA Approved Medicines Product Information,https://www.tmda.go.tz/index.php/pages/approved-product-information,URYSOREN-5,Solifenacin Succinate Film coated Tablets of 5 mg,,,5 mg,Tablets,,,,https://www.tmda.go.tz/uploads/1658473633-T20H0593SmPCv1.pdf,URYSOREN-5 Solifenacin Succinate Film coated Tablets of 5 mg,SOURCE_LISTED,"Selected TMDA SmPC/TPAR listing, not the full registered medicines universe."
TMDA_APPROVED_PRODUCT_INFO,TMDA Approved Medicines Product Information,https://www.tmda.go.tz/index.php/pages/approved-product-information,UTOCIN 10 IU,"Oxytocin, 10, Injection",,,,Injection,,,,https://www.tmda.go.tz/uploads/1709029852-T18H0384SmPCV1.pdf,"UTOCIN 10 IU Oxytocin, 10, Injection",SOURCE_LISTED,"Selected TMDA SmPC/TPAR listing, not the full registered medicines universe."
TMDA_APPROVED_PRODUCT_INFO,TMDA Approved Medicines Product Information,https://www.tmda.go.tz/index.php/pages/approved-product-information,Utrogestan 100,"Progesterone, 100 mg, Capsules, soft",,,100 mg,Capsules,,,,https://www.tmda.go.tz/uploads/1709031633-T19H0063 SmPC.pdf,"Utrogestan 100 Progesterone, 100 mg, Capsules, soft",SOURCE_LISTED,"Selected TMDA SmPC/TPAR listing, not the full registered medicines universe."
TMDA_APPROVED_PRODUCT_INFO,TMDA Approved Medicines Product Information,https://www.tmda.go.tz/index.php/pages/approved-product-information,Utrogestan 200,"Progesterone, 200 mg, Capsules, soft",,,200 mg,Capsules,,,,https://www.tmda.go.tz/uploads/1709031752-T19H0064SmPCV1.pdf,"Utrogestan 200 Progesterone, 200 mg, Capsules, soft",SOURCE_LISTED,"Selected TMDA SmPC/TPAR listing, not the full registered medicines universe."
TMDA_APPROVED_PRODUCT_INFO,TMDA Approved Medicines Product Information,https://www.tmda.go.tz/index.php/pages/approved-product-information,Utrogestan Vaginal 100,"Progesterone, 100 mg, Capsules, soft",,,100 mg,Capsules,,,,https://www.tmda.go.tz/uploads/1709031904-T19H0060 SmPCV1.pdf,"Utrogestan Vaginal 100 Progesterone, 100 mg, Capsules, soft",SOURCE_LISTED,"Selected TMDA SmPC/TPAR listing, not the full registered medicines universe."
TMDA_APPROVED_PRODUCT_INFO,TMDA Approved Medicines Product Information,https://www.tmda.go.tz/index.php/pages/approved-product-information,VAGID 500,"Clotrimazole, 500 mg, Pessaries",,,500 mg,,,,,https://www.tmda.go.tz/uploads/1709032348-TZ19H0229SmPCv1.pdf,"VAGID 500 Clotrimazole, 500 mg, Pessaries",SOURCE_LISTED,"Selected TMDA SmPC/TPAR listing, not the full registered medicines universe."
TMDA_APPROVED_PRODUCT_INFO,TMDA Approved Medicines Product Information,https://www.tmda.go.tz/index.php/pages/approved-product-information,Vanmycetin Eye Drops Chloramphenicol 0.5 w/v Drops,Chloramphenicol 0.5 w/v Drops,,,,Drops,,,,https://www.tmda.go.tz/uploads/1678868516-T18H0685SmPCv1.pdf,Vanmycetin Eye Drops Chloramphenicol 0.5 w/v Drops Chloramphenicol 0.5 w/v Drops,SOURCE_LISTED,"Selected TMDA SmPC/TPAR listing, not the full registered medicines universe."
TMDA_APPROVED_PRODUCT_INFO,TMDA Approved Medicines Product Information,https://www.tmda.go.tz/index.php/pages/approved-product-information,Vansafe-Cp Vancomycin Hydrochloride 1000 mg Powder For Solution For Injection,Vancomycin Hydrochloride 1000 mg Powder For Solution For Injection,,,1000 mg,Injection,,,,https://www.tmda.go.tz/uploads/1678428540-T19H0509SmPCv1.pdf,Vansafe-Cp Vancomycin Hydrochloride 1000 mg Powder For Solution For Injection Vancomycin Hydrochloride 1000 mg Powder For Solution For Injection,SOURCE_LISTED,"Selected TMDA SmPC/TPAR listing, not the full registered medicines universe."
TMDA_APPROVED_PRODUCT_INFO,TMDA Approved Medicines Product Information,https://www.tmda.go.tz/index.php/pages/approved-product-information,Vansafe-Cp Vancomycin Hydrochloride 500 mg Powder For Solution For Injection,Vancomycin Hydrochloride 500 mg Powder For Solution For Injection,,,500 mg,Injection,,,,https://www.tmda.go.tz/uploads/1678428468-T19H0508SmPCv1.pdf,Vansafe-Cp Vancomycin Hydrochloride 500 mg Powder For Solution For Injection Vancomycin Hydrochloride 500 mg Powder For Solution For Injection,SOURCE_LISTED,"Selected TMDA SmPC/TPAR listing, not the full registered medicines universe."
TMDA_APPROVED_PRODUCT_INFO,TMDA Approved Medicines Product Information,https://www.tmda.go.tz/index.php/pages/approved-product-information,Varoxa - 20 Rivaroxaban 20 mg Film Coated Tablet,Rivaroxaban 20 mg Film Coated Tablet,,,20 mg,Tablet,,,,https://www.tmda.go.tz/uploads/1678868645-T21H0267SmPcV1.pdf,Varoxa - 20 Rivaroxaban 20 mg Film Coated Tablet Rivaroxaban 20 mg Film Coated Tablet,SOURCE_LISTED,"Selected TMDA SmPC/TPAR listing, not the full registered medicines universe."
TMDA_APPROVED_PRODUCT_INFO,TMDA Approved Medicines Product Information,https://www.tmda.go.tz/index.php/pages/approved-product-information,Verquvo Vericiguat 2.5 mg Film Coated Tablet,Vericiguat 2.5 mg Film Coated Tablet,,,2.5 mg,Tablet,,,,https://www.tmda.go.tz/uploads/1678185736-T21H0893SmPCv1.pdf,Verquvo Vericiguat 2.5 mg Film Coated Tablet Vericiguat 2.5 mg Film Coated Tablet,SOURCE_LISTED,"Selected TMDA SmPC/TPAR listing, not the full registered medicines universe."
TMDA_APPROVED_PRODUCT_INFO,TMDA Approved Medicines Product Information,https://www.tmda.go.tz/index.php/pages/approved-product-information,Verquvo Vericiguat 5 mg Film Coated Tablet,Vericiguat 5 mg Film Coated Tablet,,,5 mg,Tablet,,,,https://www.tmda.go.tz/uploads/1678185809-T21H0871SmPCv1.pdf,Verquvo Vericiguat 5 mg Film Coated Tablet Vericiguat 5 mg Film Coated Tablet,SOURCE_LISTED,"Selected TMDA SmPC/TPAR listing, not the full registered medicines universe."
TMDA_APPROVED_PRODUCT_INFO,TMDA Approved Medicines Product Information,https://www.tmda.go.tz/index.php/pages/approved-product-information,Verquvo Vericiguat 5 mg Tablets,Vericiguat 5 mg Tablets,,,5 mg,Tablets,,,,https://www.tmda.go.tz/uploads/1678185863-T21H0886SmPCv1.pdf,Verquvo Vericiguat 5 mg Tablets Vericiguat 5 mg Tablets,SOURCE_LISTED,"Selected TMDA SmPC/TPAR listing, not the full registered medicines universe."
TMDA_APPROVED_PRODUCT_INFO,TMDA Approved Medicines Product Information,https://www.tmda.go.tz/index.php/pages/approved-product-information,VIATUFF 100,"Sildenafil, 100, Tablet, Film-coated",,,,Tablet,,,,https://www.tmda.go.tz/uploads/1709033098-T19H0255SmPCV1.pdf,"VIATUFF 100 Sildenafil, 100, Tablet, Film-coated",SOURCE_LISTED,"Selected TMDA SmPC/TPAR listing, not the full registered medicines universe."
TMDA_APPROVED_PRODUCT_INFO,TMDA Approved Medicines Product Information,https://www.tmda.go.tz/index.php/pages/approved-product-information,VIROPIL,"Dolutegravir Sodium+ Lamivudine + Tenofovovir Disoproxil Fumarate, Dolutegravir 50mg/Lamivudinr 300mg/Tenofovir 300 mg, Tablets",,,50mg + 300mg + 300 mg,Tablets,,,,https://www.tmda.go.tz/uploads/1709034132-T18H0654SmPCv1.pdf,"VIROPIL Dolutegravir Sodium+ Lamivudine + Tenofovovir Disoproxil Fumarate, Dolutegravir 50mg/Lamivudinr 300mg/Tenofovir 300 mg, Tablets",SOURCE_LISTED,"Selected TMDA SmPC/TPAR listing, not the full registered medicines universe."
TMDA_APPROVED_PRODUCT_INFO,TMDA Approved Medicines Product Information,https://www.tmda.go.tz/index.php/pages/approved-product-information,"Vitacore Ferric Ammonium + Folic Acid + Pyridoxine + Thiamine + Nicotinamide 200,0.5,(50mcg),1.5,2.33 mg Suspension, Oral","Ferric Ammonium + Folic Acid + Pyridoxine + Thiamine + Nicotinamide 200,0.5,(50mcg),1.5,2.33 mg Suspension, Oral",,,50mcg + 2.33 mg,Suspension,,,,https://www.tmda.go.tz/uploads/1678868714-T20H0486SmPCV1.pdf,"Vitacore Ferric Ammonium + Folic Acid + Pyridoxine + Thiamine + Nicotinamide 200,0.5,(50mcg),1.5,2.33 mg Suspension, Oral Ferric Ammonium + Folic Acid + Pyridoxine + Thiamine + Nicotinamide 200,0.5,(50mcg),1.5,2.33 mg Suspension, Oral",SOURCE_LISTED,"Selected TMDA SmPC/TPAR listing, not the full registered medicines universe."
TMDA_APPROVED_PRODUCT_INFO,TMDA Approved Medicines Product Information,https://www.tmda.go.tz/index.php/pages/approved-product-information,Vivazac 150,"Irbesartan, 150 mg, Tablet, Film-coated",,,150 mg,Tablet,,,,https://www.tmda.go.tz/uploads/1709034236-T17H00172 SmPCv1.pdf,"Vivazac 150 Irbesartan, 150 mg, Tablet, Film-coated",SOURCE_LISTED,"Selected TMDA SmPC/TPAR listing, not the full registered medicines universe."
TMDA_APPROVED_PRODUCT_INFO,TMDA Approved Medicines Product Information,https://www.tmda.go.tz/index.php/pages/approved-product-information,Vivazac 300,"Irbesartan, 300, Film Coated Tablet",,,,Tablet,,,,https://www.tmda.go.tz/uploads/1709034404-T17H00171 SmPCv1.pdf,"Vivazac 300 Irbesartan, 300, Film Coated Tablet",SOURCE_LISTED,"Selected TMDA SmPC/TPAR listing, not the full registered medicines universe."
TMDA_APPROVED_PRODUCT_INFO,TMDA Approved Medicines Product Information,https://www.tmda.go.tz/index.php/pages/approved-product-information,Vivazac Plus 150/12.5,"Irbesartan and Hydrochlorothiazide, 150/12.5, Film Coated Tablet",,,,Tablet,,,,https://www.tmda.go.tz/uploads/1709034548-T17H00175 SmPCv1.pdf,"Vivazac Plus 150/12.5 Irbesartan and Hydrochlorothiazide, 150/12.5, Film Coated Tablet",SOURCE_LISTED,"Selected TMDA SmPC/TPAR listing, not the full registered medicines universe."
TMDA_APPROVED_PRODUCT_INFO,TMDA Approved Medicines Product Information,https://www.tmda.go.tz/index.php/pages/approved-product-information,Vivazac Plus 300/12.5,"Irbesartan and Hydrochlorothiazide, 300/12.5, Film Coated Tablet",,,,Tablet,,,,https://www.tmda.go.tz/uploads/1709034636-T17H00173 SmPCv1.pdf,"Vivazac Plus 300/12.5 Irbesartan and Hydrochlorothiazide, 300/12.5, Film Coated Tablet",SOURCE_LISTED,"Selected TMDA SmPC/TPAR listing, not the full registered medicines universe."
TMDA_APPROVED_PRODUCT_INFO,TMDA Approved Medicines Product Information,https://www.tmda.go.tz/index.php/pages/approved-product-information,Vivazac Plus 300/25,"Irbesartan and Hydrochlorothiazide, 300 /25, Tablet, Film-coated",,,,Tablet,,,,https://www.tmda.go.tz/uploads/1709034867-T17H00174 SmPCv1.pdf,"Vivazac Plus 300/25 Irbesartan and Hydrochlorothiazide, 300 /25, Tablet, Film-coated",SOURCE_LISTED,"Selected TMDA SmPC/TPAR listing, not the full registered medicines universe."
TMDA_APPROVED_PRODUCT_INFO,TMDA Approved Medicines Product Information,https://www.tmda.go.tz/index.php/pages/approved-product-information,Woxheal Diperoxochloric Acid 1.16 mg Topical Solution,Diperoxochloric Acid 1.16 mg Topical Solution,,,1.16 mg,Solution,,,,https://www.tmda.go.tz/uploads/1678869026-T21H0474SmPCv1.pdf,Woxheal Diperoxochloric Acid 1.16 mg Topical Solution Diperoxochloric Acid 1.16 mg Topical Solution,SOURCE_LISTED,"Selected TMDA SmPC/TPAR listing, not the full registered medicines universe."
TMDA_APPROVED_PRODUCT_INFO,TMDA Approved Medicines Product Information,https://www.tmda.go.tz/index.php/pages/approved-product-information,Xarelto 2.5 XARELTO 2.5 Rivaroxaban 2.5 mg Tablets,XARELTO 2.5 Rivaroxaban 2.5 mg Tablets,,,2.5 mg,Tablets,,,,https://www.tmda.go.tz/uploads/1678186074-T20H0487SmPCv1.pdf,Xarelto 2.5 XARELTO 2.5 Rivaroxaban 2.5 mg Tablets XARELTO 2.5 Rivaroxaban 2.5 mg Tablets,SOURCE_LISTED,"Selected TMDA SmPC/TPAR listing, not the full registered medicines universe."
TMDA_APPROVED_PRODUCT_INFO,TMDA Approved Medicines Product Information,https://www.tmda.go.tz/index.php/pages/approved-product-information,Xeltin,"Tofacitinib Citrate, 5 mg, Tablets",,,5 mg,Tablets,,,,https://www.tmda.go.tz/uploads/1709035013-T19H0620SmPCV1.pdf,"Xeltin Tofacitinib Citrate, 5 mg, Tablets",SOURCE_LISTED,"Selected TMDA SmPC/TPAR listing, not the full registered medicines universe."
TMDA_APPROVED_PRODUCT_INFO,TMDA Approved Medicines Product Information,https://www.tmda.go.tz/index.php/pages/approved-product-information,Xeratec XERATEC Iron Sucrose 100/5 mg/ml Solution For Infussion,XERATEC Iron Sucrose 100/5 mg/ml Solution For Infussion,,,5 mg,Solution,,,,https://www.tmda.go.tz/uploads/1678186366-T18H0276SmPCv1.pdf,Xeratec XERATEC Iron Sucrose 100/5 mg/ml Solution For Infussion XERATEC Iron Sucrose 100/5 mg/ml Solution For Infussion,SOURCE_LISTED,"Selected TMDA SmPC/TPAR listing, not the full registered medicines universe."
TMDA_APPROVED_PRODUCT_INFO,TMDA Approved Medicines Product Information,https://www.tmda.go.tz/index.php/pages/approved-product-information,Xplatin Oxaliplatin Solution For Injection 50mg/25ml,Oxaliplatin Solution For Injection 50mg/25ml,,,50mg/25ml,Injection,,,,https://www.tmda.go.tz/uploads/1678104923-TFDA0017:HM:0845_Reviewed.pdf,Xplatin Oxaliplatin Solution For Injection 50mg/25ml Oxaliplatin Solution For Injection 50mg/25ml,SOURCE_LISTED,"Selected TMDA SmPC/TPAR listing, not the full registered medicines universe."
TMDA_APPROVED_PRODUCT_INFO,TMDA Approved Medicines Product Information,https://www.tmda.go.tz/index.php/pages/approved-product-information,Xylofact Xylometazoline 0.05% w/v Nasal Drops,Xylometazoline 0.05% w/v Nasal Drops,,,,Drops,,,,https://www.tmda.go.tz/uploads/1678428752-T21H0220SmPCV1.pdf,Xylofact Xylometazoline 0.05% w/v Nasal Drops Xylometazoline 0.05% w/v Nasal Drops,SOURCE_LISTED,"Selected TMDA SmPC/TPAR listing, not the full registered medicines universe."
TMDA_APPROVED_PRODUCT_INFO,TMDA Approved Medicines Product Information,https://www.tmda.go.tz/index.php/pages/approved-product-information,Xyntha 1000Iu Moroctocog Alfa 1000 IU Iv Injection,Moroctocog Alfa 1000 IU Iv Injection,,,1000 IU,Injection,,,,https://www.tmda.go.tz/uploads/1678869351-T21H0964SmPCV1.0 2.pdf,Xyntha 1000Iu Moroctocog Alfa 1000 IU Iv Injection Moroctocog Alfa 1000 IU Iv Injection,SOURCE_LISTED,"Selected TMDA SmPC/TPAR listing, not the full registered medicines universe."
TMDA_APPROVED_PRODUCT_INFO,TMDA Approved Medicines Product Information,https://www.tmda.go.tz/index.php/pages/approved-product-information,Xyntha 250 Iu Moroctocog Alfa 250 IU Iv Injection,Moroctocog Alfa 250 IU Iv Injection,,,250 IU,Injection,,,,https://www.tmda.go.tz/uploads/1678869496-T21H0965SmPCV1.pdf,Xyntha 250 Iu Moroctocog Alfa 250 IU Iv Injection Moroctocog Alfa 250 IU Iv Injection,SOURCE_LISTED,"Selected TMDA SmPC/TPAR listing, not the full registered medicines universe."
TMDA_APPROVED_PRODUCT_INFO,TMDA Approved Medicines Product Information,https://www.tmda.go.tz/index.php/pages/approved-product-information,Xyntha 500 Iu Moroctocog Alfa 500 IU Iv Injection,Moroctocog Alfa 500 IU Iv Injection,,,500 IU,Injection,,,,https://www.tmda.go.tz/uploads/1678869570-T21H0966SmPCV1.pdf,Xyntha 500 Iu Moroctocog Alfa 500 IU Iv Injection Moroctocog Alfa 500 IU Iv Injection,SOURCE_LISTED,"Selected TMDA SmPC/TPAR listing, not the full registered medicines universe."
TMDA_APPROVED_PRODUCT_INFO,TMDA Approved Medicines Product Information,https://www.tmda.go.tz/index.php/pages/approved-product-information,Zarzio 30Mu/0.5Ml Filgrastim 30 MU/0.5 ml Solution For Injection,Filgrastim 30 MU/0.5 ml Solution For Injection,,,0.5 ml,Injection,,,,https://www.tmda.go.tz/uploads/1678186483-T22V0664SmPCV1.pdf,Zarzio 30Mu/0.5Ml Filgrastim 30 MU/0.5 ml Solution For Injection Filgrastim 30 MU/0.5 ml Solution For Injection,SOURCE_LISTED,"Selected TMDA SmPC/TPAR listing, not the full registered medicines universe."
TMDA_APPROVED_PRODUCT_INFO,TMDA Approved Medicines Product Information,https://www.tmda.go.tz/index.php/pages/approved-product-information,Zarzio 48Mu/0.5Ml Filgrastim 48 MU/0.5 ml Solution For Injection,Filgrastim 48 MU/0.5 ml Solution For Injection,,,0.5 ml,Injection,,,,https://www.tmda.go.tz/uploads/1678186548-T22V0663SmPCV1 copy.pdf,Zarzio 48Mu/0.5Ml Filgrastim 48 MU/0.5 ml Solution For Injection Filgrastim 48 MU/0.5 ml Solution For Injection,SOURCE_LISTED,"Selected TMDA SmPC/TPAR listing, not the full registered medicines universe."
TMDA_APPROVED_PRODUCT_INFO,TMDA Approved Medicines Product Information,https://www.tmda.go.tz/index.php/pages/approved-product-information,Zecal D3 Calcium Carbonate And Colecalciferol 500 mg & 500IU Soft Gelatin Capsule,Calcium Carbonate And Colecalciferol 500 mg & 500IU Soft Gelatin Capsule,,,500 mg + 500IU,Capsule,,,,https://www.tmda.go.tz/uploads/1678186603-T18H0648SmPcv1.pdf,Zecal D3 Calcium Carbonate And Colecalciferol 500 mg & 500IU Soft Gelatin Capsule Calcium Carbonate And Colecalciferol 500 mg & 500IU Soft Gelatin Capsule,SOURCE_LISTED,"Selected TMDA SmPC/TPAR listing, not the full registered medicines universe."
TMDA_APPROVED_PRODUCT_INFO,TMDA Approved Medicines Product Information,https://www.tmda.go.tz/index.php/pages/approved-product-information,ZELBEEN 150,Capecitabine Film coated tablets of 150 mg,,,150 mg,Tablets,,,,https://www.tmda.go.tz/uploads/1658474019-3_T19H0155 SmPC-Approved.pdf,ZELBEEN 150 Capecitabine Film coated tablets of 150 mg,SOURCE_LISTED,"Selected TMDA SmPC/TPAR listing, not the full registered medicines universe."
TMDA_APPROVED_PRODUCT_INFO,TMDA Approved Medicines Product Information,https://www.tmda.go.tz/index.php/pages/approved-product-information,ZELBEEN 500,Capecitabine Film coated tablets of 500 mg,,,500 mg,Tablets,,,,https://www.tmda.go.tz/uploads/1658474171-3_T19H0154 SmPC-Approved.pdf,ZELBEEN 500 Capecitabine Film coated tablets of 500 mg,SOURCE_LISTED,"Selected TMDA SmPC/TPAR listing, not the full registered medicines universe."
TMDA_APPROVED_PRODUCT_INFO,TMDA Approved Medicines Product Information,https://www.tmda.go.tz/index.php/pages/approved-product-information,ZENTHRO-500,Azithromycin Dihydrate Hard Gelatin Capsules of 500 mg,,,500 mg,Capsules,,,,https://www.tmda.go.tz/uploads/1658474274-T18H0114-SmPCV1.pdf,ZENTHRO-500 Azithromycin Dihydrate Hard Gelatin Capsules of 500 mg,SOURCE_LISTED,"Selected TMDA SmPC/TPAR listing, not the full registered medicines universe."
TMDA_APPROVED_PRODUCT_INFO,TMDA Approved Medicines Product Information,https://www.tmda.go.tz/index.php/pages/approved-product-information,Zimoxicam 7.5 Meloxicam 7.5 mg Tablets,Meloxicam 7.5 mg Tablets,,,7.5 mg,Tablets,,,,https://www.tmda.go.tz/uploads/1678428853-T21H0584SmPcV1.pdf,Zimoxicam 7.5 Meloxicam 7.5 mg Tablets Meloxicam 7.5 mg Tablets,SOURCE_LISTED,"Selected TMDA SmPC/TPAR listing, not the full registered medicines universe."
TMDA_APPROVED_PRODUCT_INFO,TMDA Approved Medicines Product Information,https://www.tmda.go.tz/index.php/pages/approved-product-information,Zincat - OD,"Zinc Sulfate Monohydrate, 5/20 ml/mg, Syrup",,,20 ml,Syrup,,,,https://www.tmda.go.tz/uploads/1709035266-T18H0710SmPCv1.pdf,"Zincat - OD Zinc Sulfate Monohydrate, 5/20 ml/mg, Syrup",SOURCE_LISTED,"Selected TMDA SmPC/TPAR listing, not the full registered medicines universe."
TMDA_APPROVED_PRODUCT_INFO,TMDA Approved Medicines Product Information,https://www.tmda.go.tz/index.php/pages/approved-product-information,Zinro Ornidazole 500 mg Solution For Injection,Ornidazole 500 mg Solution For Injection,,,500 mg,Injection,,,,https://www.tmda.go.tz/uploads/1678428948-T20H0511SmPCv1.pdf,Zinro Ornidazole 500 mg Solution For Injection Ornidazole 500 mg Solution For Injection,SOURCE_LISTED,"Selected TMDA SmPC/TPAR listing, not the full registered medicines universe."
TMDA_APPROVED_PRODUCT_INFO,TMDA Approved Medicines Product Information,https://www.tmda.go.tz/index.php/pages/approved-product-information,"Zirin Clearcap Cetrizine 10 mg Capsules, Soft","Cetrizine 10 mg Capsules, Soft",,,10 mg,Capsules,,,,https://www.tmda.go.tz/uploads/1678429078-T18H0804SmPCv0.pdf,"Zirin Clearcap Cetrizine 10 mg Capsules, Soft Cetrizine 10 mg Capsules, Soft",SOURCE_LISTED,"Selected TMDA SmPC/TPAR listing, not the full registered medicines universe."
TMDA_APPROVED_PRODUCT_INFO,TMDA Approved Medicines Product Information,https://www.tmda.go.tz/index.php/pages/approved-product-information,Zithroset 500 Azithromycin 500 mg Film Coated Tablet,Azithromycin 500 mg Film Coated Tablet,,,500 mg,Tablet,,,,https://www.tmda.go.tz/uploads/1678186664-T20H0273SmPCV1.pdf,Zithroset 500 Azithromycin 500 mg Film Coated Tablet Azithromycin 500 mg Film Coated Tablet,SOURCE_LISTED,"Selected TMDA SmPC/TPAR listing, not the full registered medicines universe."
TMDA_APPROVED_PRODUCT_INFO,TMDA Approved Medicines Product Information,https://www.tmda.go.tz/index.php/pages/approved-product-information,Zofarin 1,Warfarin Sodium 1 mg tablets,,,1 mg,Tablets,,,,https://www.tmda.go.tz/uploads/1620042430-T19H0814SmPCv1.pdf,Zofarin 1 Warfarin Sodium 1 mg tablets,SOURCE_LISTED,"Selected TMDA SmPC/TPAR listing, not the full registered medicines universe."
TMDA_APPROVED_PRODUCT_INFO,TMDA Approved Medicines Product Information,https://www.tmda.go.tz/index.php/pages/approved-product-information,Zofarin 2.5,Warfarin Sodium 2.5 mg tablets,,,2.5 mg,Tablets,,,,https://www.tmda.go.tz/uploads/1620042347-T19H0811SmPCv1.pdf,Zofarin 2.5 Warfarin Sodium 2.5 mg tablets,SOURCE_LISTED,"Selected TMDA SmPC/TPAR listing, not the full registered medicines universe."
TMDA_APPROVED_PRODUCT_INFO,TMDA Approved Medicines Product Information,https://www.tmda.go.tz/index.php/pages/approved-product-information,Zofarin 2.5,Warfarin Sodium 2 mg tablets,,,2 mg,Tablets,,,,https://www.tmda.go.tz/uploads/1620042388-T19H0813SmPCv1.pdf,Zofarin 2.5 Warfarin Sodium 2 mg tablets,SOURCE_LISTED,"Selected TMDA SmPC/TPAR listing, not the full registered medicines universe."
TMDA_APPROVED_PRODUCT_INFO,TMDA Approved Medicines Product Information,https://www.tmda.go.tz/index.php/pages/approved-product-information,Zofarin 3,Warfarin Sodium 3 mg tablets,,,3 mg,Tablets,,,,https://www.tmda.go.tz/uploads/1620042471-T19H0815SmPCv1.pdf,Zofarin 3 Warfarin Sodium 3 mg tablets,SOURCE_LISTED,"Selected TMDA SmPC/TPAR listing, not the full registered medicines universe."
TMDA_APPROVED_PRODUCT_INFO,TMDA Approved Medicines Product Information,https://www.tmda.go.tz/index.php/pages/approved-product-information,Zofarin 5,Warfarin Sodium 5 mg tablets,,,5 mg,Tablets,,,,https://www.tmda.go.tz/uploads/1620042301-T19H0810SmPCv1.pdf,Zofarin 5 Warfarin Sodium 5 mg tablets,SOURCE_LISTED,"Selected TMDA SmPC/TPAR listing, not the full registered medicines universe."
TMDA_APPROVED_PRODUCT_INFO,TMDA Approved Medicines Product Information,https://www.tmda.go.tz/index.php/pages/approved-product-information,ZOLID,"Linezolid, 600 mg, Tablet, Film-coated",,,600 mg,Tablet,,,,https://www.tmda.go.tz/uploads/1709035353-TMDA0020-HM-WHO-0457-SmPC.pdf,"ZOLID Linezolid, 600 mg, Tablet, Film-coated",SOURCE_LISTED,"Selected TMDA SmPC/TPAR listing, not the full registered medicines universe."
TMDA_APPROVED_PRODUCT_INFO,TMDA Approved Medicines Product Information,https://www.tmda.go.tz/index.php/pages/approved-product-information,Zopimac 2 Eszopiclone 2 mg Oral Tablet,Eszopiclone 2 mg Oral Tablet,,,2 mg,Tablet,,,,https://www.tmda.go.tz/uploads/1678186714-T20H0622SmPCv1.pdf,Zopimac 2 Eszopiclone 2 mg Oral Tablet Eszopiclone 2 mg Oral Tablet,SOURCE_LISTED,"Selected TMDA SmPC/TPAR listing, not the full registered medicines universe."
TMDA_APPROVED_PRODUCT_INFO,TMDA Approved Medicines Product Information,https://www.tmda.go.tz/index.php/pages/approved-product-information,ZOPIMAC 3,Eszopiclone Film coated Tablets of 3 mg,,,3 mg,Tablets,,,,https://www.tmda.go.tz/uploads/1658474333-T20HM0623SmPCV1.pdf,ZOPIMAC 3 Eszopiclone Film coated Tablets of 3 mg,SOURCE_LISTED,"Selected TMDA SmPC/TPAR listing, not the full registered medicines universe."
TMDA_APPROVED_PRODUCT_INFO,TMDA Approved Medicines Product Information,https://www.tmda.go.tz/index.php/pages/approved-product-information,Zurig 40,"Febuxostat, 40, Tablet, coated",,,,Tablet,,,,https://www.tmda.go.tz/uploads/1709035411-T19H0514-SmPC.pdf,"Zurig 40 Febuxostat, 40, Tablet, coated",SOURCE_LISTED,"Selected TMDA SmPC/TPAR listing, not the full registered medicines universe."
TMDA_APPROVED_PRODUCT_INFO,TMDA Approved Medicines Product Information,https://www.tmda.go.tz/index.php/pages/approved-product-information,Zurig 80,"Febuxoastat, 80, Film Coated Tablet",,,,Tablet,,,,https://www.tmda.go.tz/uploads/1709035451-T19H0515-SmPC.pdf,"Zurig 80 Febuxoastat, 80, Film Coated Tablet",SOURCE_LISTED,"Selected TMDA SmPC/TPAR listing, not the full registered medicines universe."
TMDA_APPROVED_PRODUCT_INFO,TMDA Approved Medicines Product Information,https://www.tmda.go.tz/index.php/pages/approved-product-information,Zylin 75 Pregabalin 75 mg Capsules,Pregabalin 75 mg Capsules,,,75 mg,Capsules,,,,https://www.tmda.go.tz/uploads/1678186763-T19H0688-SmPCv1.pdf,Zylin 75 Pregabalin 75 mg Capsules Pregabalin 75 mg Capsules,SOURCE_LISTED,"Selected TMDA SmPC/TPAR listing, not the full registered medicines universe."
TMDA_APPROVED_PRODUCT_INFO,TMDA Approved Medicines Product Information,https://www.tmda.go.tz/index.php/pages/approved-product-information,Zyrova 10,"Rosuvastatin, 10 mg, Film Coated Tablet",,,10 mg,Tablet,,,,https://www.tmda.go.tz/uploads/1709035716-T19H0710-SmPC.pdf,"Zyrova 10 Rosuvastatin, 10 mg, Film Coated Tablet",SOURCE_LISTED,"Selected TMDA SmPC/TPAR listing, not the full registered medicines universe."
TMDA_APPROVED_PRODUCT_INFO,TMDA Approved Medicines Product Information,https://www.tmda.go.tz/index.php/pages/approved-product-information,Zyrova 20,"Rosuvastatin, 20 mg, Film Coated Tablet",,,20 mg,Tablet,,,,https://www.tmda.go.tz/uploads/1709035761-T19H0711-SmPC.pdf,"Zyrova 20 Rosuvastatin, 20 mg, Film Coated Tablet",SOURCE_LISTED,"Selected TMDA SmPC/TPAR listing, not the full registered medicines universe."
TMDA_APPROVED_PRODUCT_INFO,TMDA Approved Medicines Product Information,https://www.tmda.go.tz/index.php/pages/approved-product-information,Zytel Am Plus Amlodipine Besylate 80/10 mg Tablets,Amlodipine Besylate 80/10 mg Tablets,,,10 mg,Tablets,,,,https://www.tmda.go.tz/uploads/1678186825-T20H0650SmPCv1.pdf,Zytel Am Plus Amlodipine Besylate 80/10 mg Tablets Amlodipine Besylate 80/10 mg Tablets,SOURCE_LISTED,"Selected TMDA SmPC/TPAR listing, not the full registered medicines universe."
UMOJA_PUBLIC_SHOP,Umoja Pharmaceuticals public product pages,https://www.umojapharmaceuticals.co.tz/productDetails/eyJpdiI6IkhwTHdqK1BNdUFGeVVMWjA3NkZxOEE9PSIsInZhbHVlIjoidDBZSmZDOGlGOWlqRm1MQXIyK3BwUT09IiwibWFjIjoiMzExNGM3NTE2Y2Q1NjFlMjFhOGU2ZGI3MmI1ZmYxZTAzNzhhMTgzYTI2NDlhYzQxMTVjZDNmYWY0N2E1ZGQ2YiIsInRhZyI6IiJ9,ALGIC,,Asthmatic Medicines,MP-00181,,,,,,https://www.umojapharmaceuticals.co.tz/productDetails/eyJpdiI6IlhGZktyaWpMcm9kbmhjYVB3bnRhV0E9PSIsInZhbHVlIjoiVUNxdjVrdC90VzZwcnc5ZEMyMlpjZz09IiwibWFjIjoiNjg4NmI1MTlkY2RjOWQwY2YzYmRlMGFiYTY0ZmVkZGVlZDlhYzg2YjI3MmNlZjAyZGQ5ZjdkN2QyNzUwZDQ2OSIsInRhZyI6IiJ9,"(5 Reviews) Duocets Tablets TZS 2,500 (5 Reviews) ALGIC TZS 161 (5 Reviews) BABY & INFANT TZS 6,600 (5 Reviews)",PUBLIC_SHOP_LISTING,"Public Umoja listing; use as commercial/onboarding source, not TMDA verification. Prices are intentionally not captured because nearby recommendation blocks can make static extraction unreliable."
UMOJA_PUBLIC_SHOP,Umoja Pharmaceuticals public product pages,https://www.umojapharmaceuticals.co.tz/products/eyJpdiI6Ik1rV21vVDIrbW9rZWNHdmJFTTlFV0E9PSIsInZhbHVlIjoiekwzMklxWVJsZ3FPb3NmekFKdlZ0dz09IiwibWFjIjoiYzBhMDA2ZDVjMDdmMWFmYmM5Yzc3OWRlYzk0ODBkOTA4MzIzNTM3ZTNjMjlkNGU5ODA4ZTBhZWViZDhkMzdhYSIsInRhZyI6IiJ9,Allopron 100,,Anti-Acids/Inflammatory Bowel Disease,MP-00452,,,,,,https://www.umojapharmaceuticals.co.tz/productDetails/eyJpdiI6InZEblJMTVc4d0lWaTRHcEs0ZHQxa0E9PSIsInZhbHVlIjoiRldGbWUvOC95b1JTS1c4WnpacHNEUT09IiwibWFjIjoiOWIzZjBhZWRiMmZhNmFiNGRjNDgzMzZjMDE1MWI0ZmJhMzFjMzRjMmVjZTFjZTZlYjUzMWViNGZkODEzNGUzZCIsInRhZyI6IiJ9,Study history up to 30 days Up to 5 users simultaneously Has HEALTH certificate IN STOCK MP-00452 Allopron 100 TZS 850 500 Study history up to 30 days Up to 5 users simultaneously Has HEALTH certificate IN STOCK,PUBLIC_SHOP_LISTING,"Public Umoja listing; use as commercial/onboarding source, not TMDA verification. Prices are intentionally not captured because nearby recommendation blocks can make static extraction unreliable."
UMOJA_PUBLIC_SHOP,Umoja Pharmaceuticals public product pages,https://www.umojapharmaceuticals.co.tz/products/eyJpdiI6Ik1rV21vVDIrbW9rZWNHdmJFTTlFV0E9PSIsInZhbHVlIjoiekwzMklxWVJsZ3FPb3NmekFKdlZ0dz09IiwibWFjIjoiYzBhMDA2ZDVjMDdmMWFmYmM5Yzc3OWRlYzk0ODBkOTA4MzIzNTM3ZTNjMjlkNGU5ODA4ZTBhZWViZDhkMzdhYSIsInRhZyI6IiJ9,Allopron 300,,Dyslipidemics,MP-00300,,,,,,https://www.umojapharmaceuticals.co.tz/productDetails/eyJpdiI6InNRREhMWnZGeFd6N2YwSXJXL2RSUkE9PSIsInZhbHVlIjoiR1lMVmUxak50dWtaMmF2ZUtkUi9aQT09IiwibWFjIjoiNThkMjNkYjc0ZDRlMGU5N2I3MjZkYjcxMGNhM2ZlYzRjZWM0ZjA4MDc5OTRiOTFlZGE5YWViMzE2OTU0ZDA4NyIsInRhZyI6IiJ9,"TZS 935 (5 Reviews) Cerave SA Smoothing Cream 340g TZS 86,600 (5 Reviews) Allopron 300 TZS 900 530 (5 Reviews) Homepage Retail(B2C) Wholesale(B2B) About Us",PUBLIC_SHOP_LISTING,"Public Umoja listing; use as commercial/onboarding source, not TMDA verification. Prices are intentionally not captured because nearby recommendation blocks can make static extraction unreliable."
UMOJA_PUBLIC_SHOP,Umoja Pharmaceuticals public product pages,https://www.umojapharmaceuticals.co.tz/products/eyJpdiI6IjhlcEU2eEh5ODY1aEEzellWa29KN2c9PSIsInZhbHVlIjoiaG5VNzluQ3ZqaGhYb0hVMFA0bEhzdz09IiwibWFjIjoiZTAzZTExNmI3ZTUyZDBkOTViNDAzYjNmYWQ2N2JhMGI4Njc0OWU0MDAyYzRmZTlhZmExYTMxZDM5OTUyMjFhOSIsInRhZyI6IiJ9,Aloe Ever Shield,,Anti-Acids/Inflammatory Bowel Disease,MP-01886,,,,,,https://www.umojapharmaceuticals.co.tz/productDetails/eyJpdiI6Ik1tdmJxeHpzVUJYZWw1aDM2WEp3aHc9PSIsInZhbHVlIjoiYzZjV0JEYjdiU3l0bUVWWm9rZHV4QT09IiwibWFjIjoiODllOGJmNjI3ODQwMzE0ZTNhMzA5NWRlZGRhOWEyMDI3YzY4OTAyM2ZlMTc2MzIwY2M5NGFmYmU0MTUzOTRhYSIsInRhZyI6IiJ9,"0 (5 Reviews) Cipladon 1000mg Effervescent Tablets TZS 2,500 (5 Reviews) Aloe Ever Shield TZS 0 (5 Reviews) Homepage Retail(B2C) Wholesale(B2B) About Us Knowledgebase",PUBLIC_SHOP_LISTING,"Public Umoja listing; use as commercial/onboarding source, not TMDA verification. Prices are intentionally not captured because nearby recommendation blocks can make static extraction unreliable."
UMOJA_PUBLIC_SHOP,Umoja Pharmaceuticals public product pages,https://www.umojapharmaceuticals.co.tz/products/eyJpdiI6ImNvN0hyUGZWZjgvSG44TUF3Y05oVHc9PSIsInZhbHVlIjoiNU1TQ01hdWlaaFJyWm45QXozWVFuZz09IiwibWFjIjoiNDA3YzQ1MDBiMWEyNzBhODBjOWE2NjA5ZDA2ZTdiMGU1ZDY1NTRjYzc1ODc4OGViZGQwZmJmNmU0MDcyYzg5NSIsInRhZyI6IiJ9,Aloe soothing sunscreen SPF,,Dyslipidemics,,,,,,,https://www.umojapharmaceuticals.co.tz/productDetails/eyJpdiI6IjF2RTF2SWZxYjZWdGVoU0N4UlZmVXc9PSIsInZhbHVlIjoiZ0x5T2JpemtQTVhWbUp1MW1VVEtkUT09IiwibWFjIjoiNzY3ODg4MzZlNzNhZTIzZjNkY2M0M2Q1NGVjMmExNzk1MmU2ODMzMGIwNmQ1YjIyZDM4ZDdkMGE2ZmQ2ZGZjMiIsInRhZyI6IiJ9,"(5 Reviews) Kipel 5 TZS 450 904 (5 Reviews) Aloe soothing sunscreen SPF TZS 54,000 (5 Reviews) Homepage Retail(B2C) Wholesale(B2B) About Us Knowledgebase",PUBLIC_SHOP_LISTING,"Public Umoja listing; use as commercial/onboarding source, not TMDA verification. Prices are intentionally not captured because nearby recommendation blocks can make static extraction unreliable."
UMOJA_PUBLIC_SHOP,Umoja Pharmaceuticals public product pages,https://www.umojapharmaceuticals.co.tz/products/eyJpdiI6IjhlcEU2eEh5ODY1aEEzellWa29KN2c9PSIsInZhbHVlIjoiaG5VNzluQ3ZqaGhYb0hVMFA0bEhzdz09IiwibWFjIjoiZTAzZTExNmI3ZTUyZDBkOTViNDAzYjNmYWQ2N2JhMGI4Njc0OWU0MDAyYzRmZTlhZmExYTMxZDM5OTUyMjFhOSIsInRhZyI6IiJ9,Aloe Vera Gel,,Oral Hypoglycemics,MP-01879,,Gel,,,,https://www.umojapharmaceuticals.co.tz/productDetails/eyJpdiI6ImlpRStxZGNRa2cxSDYrMHpDbmhkaXc9PSIsInZhbHVlIjoiY2N5TkVuQW9kS2svdTg5S2thUzBzZz09IiwibWFjIjoiYWMyZjAwZWNlOTZiYjU0MDBjM2RjZmNkOGU4ZWYzNWIwMmJlOTVmMDFjOThhYmFlZTIxMGM3OGQ3MzQ3MDEwZCIsInRhZyI6IiJ9,"Hyperthyroidism/hypothyroidism See All Bondi Sand Face spf 50 TZS 66,000 (5 Reviews) Aloe Vera Gel TZS 73,566 0 (5 Reviews) Cipladon 1000mg Effervescent Tablets TZS 2,500 (5 Reviews) Aloe Ever Shield",PUBLIC_SHOP_LISTING,"Public Umoja listing; use as commercial/onboarding source, not TMDA verification. Prices are intentionally not captured because nearby recommendation blocks can make static extraction unreliable."
UMOJA_PUBLIC_SHOP,Umoja Pharmaceuticals public product pages,https://www.umojapharmaceuticals.co.tz/products/eyJpdiI6ImJ3ZjAxdkYyczYweGZLem9DR1VTbXc9PSIsInZhbHVlIjoiS2hLbEtUdnNEOWZRdDVvS0w4UWZoUT09IiwibWFjIjoiNmY4Y2NlMmJhMDdlZTcxZTk1YmUxYTM3YzM0Mjc5MWNiYTVlYzA3ZDE0Yjc2YjdhY2ViMDBmM2M4YjAyMzBjOSIsInRhZyI6IiJ9,Aloe Vera Gelly,,Antihypertensives/Antiarrhythmic,MP-01887,,Gel,,,,https://www.umojapharmaceuticals.co.tz/productDetails/eyJpdiI6Im5wTk85Sy8yK21mRWJYN05GVlhuUEE9PSIsInZhbHVlIjoib2NUWHhQaDNReGg2eHVSa1ZhQStGdz09IiwibWFjIjoiMDc0NDEzZDRkZWRmNTNlYTc3MTM5ZTlkZDYwZmRiMDI2YjY0ODYyZWFmNzRjZjI1ZDY3MWFkOTljZjc3M2RhZCIsInRhZyI6IiJ9,"Hyperthyroidism/hypothyroidism See All MONTAIR 10 TZS 1,882 (5 Reviews) Aloe Vera Gelly TZS 35,000 (5 Reviews) Olfen 100 SR TZS 2,590 (5 Reviews) CALPOL TZS 5,610",PUBLIC_SHOP_LISTING,"Public Umoja listing; use as commercial/onboarding source, not TMDA verification. Prices are intentionally not captured because nearby recommendation blocks can make static extraction unreliable."
UMOJA_PUBLIC_SHOP,Umoja Pharmaceuticals public product pages,https://www.umojapharmaceuticals.co.tz/products/eyJpdiI6ImZ6TnptOTRWdk1pck11ejBkQXBlVlE9PSIsInZhbHVlIjoiRmdQTkV6SnllcHcvQmhYZ05wTFhvdz09IiwibWFjIjoiMzcwNjA5NzZhZWQ2NDU5NzMxNmVkMzkxNDVlMDk3MzVkZTIzYTUyM2I1MmEzODBhZDYxYjUwMmIzMzUzMTZmNyIsInRhZyI6IiJ9,Amtas 10,,Antihypertensives/Antiarrhythmic,,,,,,,https://www.umojapharmaceuticals.co.tz/productDetails/eyJpdiI6Ik9sUFh5emIxVENlc0x3cFA3UXc1S0E9PSIsInZhbHVlIjoiaTRiS2VzT1VLdm5zMU1zS1cvVnErZz09IiwibWFjIjoiNGNlNTliNzA0MTMyNTljNWIyMmIyZDE2NjgyOTE1ODU1MDczODkyMDNiOTUwMTE3ZTViMzRkNTE4MTQ5ZWVkZiIsInRhZyI6IiJ9,"Cosmetics Dyslipidemics Gout Hyperthyroidism/hypothyroidism See All Amtas 10 TZS 8,790 239 (5 Reviews) Fenza Capsules TZS 700 1,200 (5 Reviews)",PUBLIC_SHOP_LISTING,"Public Umoja listing; use as commercial/onboarding source, not TMDA verification. Prices are intentionally not captured because nearby recommendation blocks can make static extraction unreliable."
UMOJA_PUBLIC_SHOP,Umoja Pharmaceuticals public product pages,https://www.umojapharmaceuticals.co.tz/products/eyJpdiI6ImNvN0hyUGZWZjgvSG44TUF3Y05oVHc9PSIsInZhbHVlIjoiNU1TQ01hdWlaaFJyWm45QXozWVFuZz09IiwibWFjIjoiNDA3YzQ1MDBiMWEyNzBhODBjOWE2NjA5ZDA2ZTdiMGU1ZDY1NTRjYzc1ODc4OGViZGQwZmJmNmU0MDcyYzg5NSIsInRhZyI6IiJ9,Apieu Pure Block Daily Sunscreen,,Asthmatic Medicines,MP-00434,,,,,,https://www.umojapharmaceuticals.co.tz/productDetails/eyJpdiI6Ikd6WFczU1hpR1pvV1prZU9kQkRacVE9PSIsInZhbHVlIjoiSE13aWdjWXhkWk9pVDk2dW1yRTZkUT09IiwibWFjIjoiZDM1MWNhY2E4NzAxZjQxOGFjYTA3NzI0YTFjNzNkNGU5YjE5MGM5ZDkzYTRmMzY4NzFjMDUyOGRkNjI4NGZjNSIsInRhZyI6IiJ9,"Study history up to 30 days Up to 5 users simultaneously Has HEALTH certificate IN STOCK MP-00434 Apieu Pure Block Daily Sunscreen TZS 59,000 72,000 Study history up to 30 days Up to 5 users simultaneously Has HEALTH certificate IN STOCK",PUBLIC_SHOP_LISTING,"Public Umoja listing; use as commercial/onboarding source, not TMDA verification. Prices are intentionally not captured because nearby recommendation blocks can make static extraction unreliable."
UMOJA_PUBLIC_SHOP,Umoja Pharmaceuticals public product pages,https://www.umojapharmaceuticals.co.tz/productDetails/eyJpdiI6IkhwTHdqK1BNdUFGeVVMWjA3NkZxOEE9PSIsInZhbHVlIjoidDBZSmZDOGlGOWlqRm1MQXIyK3BwUT09IiwibWFjIjoiMzExNGM3NTE2Y2Q1NjFlMjFhOGU2ZGI3MmI1ZmYxZTAzNzhhMTgzYTI2NDlhYzQxMTVjZDNmYWY0N2E1ZGQ2YiIsInRhZyI6IiJ9,BABY & INFANT,,Antihypertensives/Antiarrhythmic,MP-00188,,,,,,https://www.umojapharmaceuticals.co.tz/productDetails/eyJpdiI6InRlY0c5UlpLRUo5ZDEwMG1kSCthYkE9PSIsInZhbHVlIjoiSkorRTN4c3RLQ2s0TkJzRm0yVENVZz09IiwibWFjIjoiYzJkMTQwMzQ3NzA3N2RlN2QwYTcwNjQzZDQ1MDA5Y2I1MjU1ZGNhZWQ2MzAzOTkzYTExNjlkZDAwMWI4MGI4NyIsInRhZyI6IiJ9,"(5 Reviews) ALGIC TZS 161 (5 Reviews) BABY & INFANT TZS 6,600 (5 Reviews) CALPOL TZS 5,610 (5 Reviews)",PUBLIC_SHOP_LISTING,"Public Umoja listing; use as commercial/onboarding source, not TMDA verification. Prices are intentionally not captured because nearby recommendation blocks can make static extraction unreliable."
UMOJA_PUBLIC_SHOP,Umoja Pharmaceuticals public product pages,https://www.umojapharmaceuticals.co.tz/products/eyJpdiI6InRqS1M0cFA5aXdlemZBSDRkazZvRGc9PSIsInZhbHVlIjoiR3VjUnV1TlRCMG1teTE3SVhRVStUUT09IiwibWFjIjoiYzUzOWQ4M2NkYThjYjg5ZWQ0YmI4Zjg4ZTRmZmViZGU4MmEwM2Q1Zjk2ZjhiOTdkMzFlYjFkYzUxZmVmMjY4OCIsInRhZyI6IiJ9,Beauty of joseon Sunscreen,,Anti-Acids/Inflammatory Bowel Disease,,,,,,,https://www.umojapharmaceuticals.co.tz/productDetails/eyJpdiI6IlVMZHpKNGREZGJDa3hqS2tsS2d5OWc9PSIsInZhbHVlIjoieFlDUkJhU2g3dytGWGdwelhNaGVMQT09IiwibWFjIjoiYjhjMDdjODU0YjI3NGFjOWM0YTI4NDgyNTYxOGUyZWUxMjE0YmIwZDZlNzcwMmFhZGNhZTU3MWU0ZWM2ZGU1NSIsInRhZyI6IiJ9,"500 (5 Reviews) C9 TZS 0 (5 Reviews) Beauty of joseon Sunscreen TZS 66,000 (5 Reviews) Homepage Retail(B2C) Wholesale(B2B) About Us Knowledgebase",PUBLIC_SHOP_LISTING,"Public Umoja listing; use as commercial/onboarding source, not TMDA verification. Prices are intentionally not captured because nearby recommendation blocks can make static extraction unreliable."
UMOJA_PUBLIC_SHOP,Umoja Pharmaceuticals public product pages,https://www.umojapharmaceuticals.co.tz/products/eyJpdiI6ImZ6TnptOTRWdk1pck11ejBkQXBlVlE9PSIsInZhbHVlIjoiRmdQTkV6SnllcHcvQmhYZ05wTFhvdz09IiwibWFjIjoiMzcwNjA5NzZhZWQ2NDU5NzMxNmVkMzkxNDVlMDk3MzVkZTIzYTUyM2I1MmEzODBhZDYxYjUwMmIzMzUzMTZmNyIsInRhZyI6IiJ9,Bennylin 4 Flue,,Antihypertensives/Antiarrhythmic,MP-00291,,,,,,https://www.umojapharmaceuticals.co.tz/productDetails/eyJpdiI6InBIdHpIdmtrT3c0T0d2SWhOb2dtVkE9PSIsInZhbHVlIjoiWUVKTTVUcHFsME9SMW9DY2tjY25Bdz09IiwibWFjIjoiYTYzMzVlOWY4YWZkZjVkOTkyMmJjM2YyZTMyZTk4MzJmZGM5MjQxZjA0NDY1ZGRkYTI5YTNkZTFiZjQwY2NkNSIsInRhZyI6IiJ9,"Study history up to 30 days Up to 5 users simultaneously Has HEALTH certificate IN STOCK MP-00291 Bennylin 4 Flue TZS 18,000 Study history up to 30 days Up to 5 users simultaneously Has HEALTH certificate Join our newsletter Subscribe",PUBLIC_SHOP_LISTING,"Public Umoja listing; use as commercial/onboarding source, not TMDA verification. Prices are intentionally not captured because nearby recommendation blocks can make static extraction unreliable."
UMOJA_PUBLIC_SHOP,Umoja Pharmaceuticals public product pages,https://www.umojapharmaceuticals.co.tz/products/eyJpdiI6ImZ6TnptOTRWdk1pck11ejBkQXBlVlE9PSIsInZhbHVlIjoiRmdQTkV6SnllcHcvQmhYZ05wTFhvdz09IiwibWFjIjoiMzcwNjA5NzZhZWQ2NDU5NzMxNmVkMzkxNDVlMDk3MzVkZTIzYTUyM2I1MmEzODBhZDYxYjUwMmIzMzUzMTZmNyIsInRhZyI6IiJ9,Bezic Ointment,,Antihypertensives/Antiarrhythmic,MP-01875,,Ointment,,,,https://www.umojapharmaceuticals.co.tz/productDetails/eyJpdiI6IjdLWGxrc2ZKdklIOGpmNHRHbEJNVnc9PSIsInZhbHVlIjoiY2x0RGNiK05NUlVrc0VxTWZvN3Rzdz09IiwibWFjIjoiMzQwOGIwMDA0MmNiYjQ5YjQ2OWM4YzBiZjk2MTdiZGYzN2Y4MjI2NDc2NWUzMTg4Y2E5MDQxM2FlYTMwOWJkZCIsInRhZyI6IiJ9,"Study history up to 30 days Up to 5 users simultaneously Has HEALTH certificate IN STOCK MP-01875 Bezic Ointment TZS 5,650 Study history up to 30 days Up to 5 users simultaneously Has HEALTH certificate IN STOCK MP-00472",PUBLIC_SHOP_LISTING,"Public Umoja listing; use as commercial/onboarding source, not TMDA verification. Prices are intentionally not captured because nearby recommendation blocks can make static extraction unreliable."
UMOJA_PUBLIC_SHOP,Umoja Pharmaceuticals public product pages,https://www.umojapharmaceuticals.co.tz/products/eyJpdiI6IjI5dVo3Rk1ZRG85S05kNnZOYytnS2c9PSIsInZhbHVlIjoiTmU3cUlPNHhZWUxGMCs2ZU5CR3M2UT09IiwibWFjIjoiYjM2ZGM4NzEwN2FhMThkM2I5MDllZjU2MzM2NDRhOTMzMThmNDU1OWM5OTE1YTVhMWM3ZDdlMWFkM2NhMjFhMyIsInRhZyI6IiJ9,Biore Aqua rich water essence SPF,,Oral Hypoglycemics,,,,,,,https://www.umojapharmaceuticals.co.tz/productDetails/eyJpdiI6InQwSnJLaDZ0WFNZTkRVbHhaZW5GWkE9PSIsInZhbHVlIjoieTN0bXRJK1lQVlBUTzczSlRUL0ZzUT09IiwibWFjIjoiMGVhYTZjOWI4OTBlOWNhNzNiNzJjOTY0ZGI3MGE1ZWI0M2JjYThhOWVhYWM1MTg3NmRiNWVjYTdiZDY3NWVkOSIsInRhZyI6IiJ9,"Cosmetics Dyslipidemics Gout Hyperthyroidism/hypothyroidism See All Biore Aqua rich water essence SPF TZS 62,400 (5 Reviews) Cataflam 50 TZS 1,500 (5 Reviews) Aloe Vera Gel TZS 73,566",PUBLIC_SHOP_LISTING,"Public Umoja listing; use as commercial/onboarding source, not TMDA verification. Prices are intentionally not captured because nearby recommendation blocks can make static extraction unreliable."
UMOJA_PUBLIC_SHOP,Umoja Pharmaceuticals public product pages,https://www.umojapharmaceuticals.co.tz/products/eyJpdiI6IjhlcEU2eEh5ODY1aEEzellWa29KN2c9PSIsInZhbHVlIjoiaG5VNzluQ3ZqaGhYb0hVMFA0bEhzdz09IiwibWFjIjoiZTAzZTExNmI3ZTUyZDBkOTViNDAzYjNmYWQ2N2JhMGI4Njc0OWU0MDAyYzRmZTlhZmExYTMxZDM5OTUyMjFhOSIsInRhZyI6IiJ9,Bondi Sand Face spf 50,,Antihypertensives/Antiarrhythmic,,,,,,,https://www.umojapharmaceuticals.co.tz/productDetails/eyJpdiI6InRlTmJoaHJxOHVZd1JicDNzTHM5NVE9PSIsInZhbHVlIjoiY2NKWUs1OHZpbTRzRzZGRXZ5U2tPZz09IiwibWFjIjoiZThkZWY1ODlkNTNhNzYyMzg2MGJkYjk0NDM1MGNiYTE0N2RlNTU1MDg5YThhYTQxZDIzNjE1ZTlkZjFhOTZiMCIsInRhZyI6IiJ9,"Cosmetics Dyslipidemics Gout Hyperthyroidism/hypothyroidism See All Bondi Sand Face spf 50 TZS 66,000 (5 Reviews) Aloe Vera Gel TZS 73,566 0 (5 Reviews) Cipladon 1000mg Effervescent Tablets",PUBLIC_SHOP_LISTING,"Public Umoja listing; use as commercial/onboarding source, not TMDA verification. Prices are intentionally not captured because nearby recommendation blocks can make static extraction unreliable."
UMOJA_PUBLIC_SHOP,Umoja Pharmaceuticals public product pages,https://www.umojapharmaceuticals.co.tz/productDetails/eyJpdiI6InBhTkk0WlBJWGdnN2dwUzhuaVlFZXc9PSIsInZhbHVlIjoickUxSWJKRUQzUnhYY1lBcXNOakIzdz09IiwibWFjIjoiODMzYjU1NjM1ZWE4NGI0MzAwYjJjOGFhN2Q3Zjg2OTVkOTcyODFmZmVlNjk1NzQ2YzdkMmY1MzY0OWI1ODk5NSIsInRhZyI6IiJ9,CALPOL,,Antihypertensives/Antiarrhythmic,MP-00189,,,,,,https://www.umojapharmaceuticals.co.tz/productDetails/eyJpdiI6ImhBTE5PSXlZTC93V2w3cWpOQnJ1QkE9PSIsInZhbHVlIjoiaFcxa2dNcE1iOUxMY0llS3FhckRGdz09IiwibWFjIjoiYWJmYzdhODE4MDU5NDIzYmIyMWIzYzQ5Y2E4OWU1MTYxZDdjNzc0NTFlMzAyNjdiNTQxOTI2ZmUwNmYzN2YyNSIsInRhZyI6IiJ9,"507 759 Quantity Add to cart Customers also bought CALPOL TZS 5,610 (5 Reviews) Calpol Suspension TZS 8,500 (5 Reviews)",PUBLIC_SHOP_LISTING,"Public Umoja listing; use as commercial/onboarding source, not TMDA verification. Prices are intentionally not captured because nearby recommendation blocks can make static extraction unreliable."
UMOJA_PUBLIC_SHOP,Umoja Pharmaceuticals public product pages,https://www.umojapharmaceuticals.co.tz/products/eyJpdiI6Ik1rV21vVDIrbW9rZWNHdmJFTTlFV0E9PSIsInZhbHVlIjoiekwzMklxWVJsZ3FPb3NmekFKdlZ0dz09IiwibWFjIjoiYzBhMDA2ZDVjMDdmMWFmYmM5Yzc3OWRlYzk0ODBkOTA4MzIzNTM3ZTNjMjlkNGU5ODA4ZTBhZWViZDhkMzdhYSIsInRhZyI6IiJ9,Calpol Suspension,,Anti-Acids/Inflammatory Bowel Disease,MP-00273,,Suspension,,,,https://www.umojapharmaceuticals.co.tz/productDetails/eyJpdiI6ImY5OUQ3UGZ1T0VlT0VwR2pnSWVNdXc9PSIsInZhbHVlIjoiNlhJejZCR2xqTzYyVUxrSzdYSW9Rdz09IiwibWFjIjoiYWM3YTU0OTc3NTc1MmZiYWQ5ODBjMTQ4NTZjODA1MTA0M2ZkNjEwMzRiMGMxODZlZTczY2Q5ZDRjYzU3MWQwNCIsInRhZyI6IiJ9,"Study history up to 30 days Up to 5 users simultaneously Has HEALTH certificate IN STOCK MP-00273 Calpol Suspension TZS 8,500 Study history up to 30 days Up to 5 users simultaneously Has HEALTH certificate ‹ 1",PUBLIC_SHOP_LISTING,"Public Umoja listing; use as commercial/onboarding source, not TMDA verification. Prices are intentionally not captured because nearby recommendation blocks can make static extraction unreliable."
UMOJA_PUBLIC_SHOP,Umoja Pharmaceuticals public product pages,https://www.umojapharmaceuticals.co.tz/products/eyJpdiI6Ik1rV21vVDIrbW9rZWNHdmJFTTlFV0E9PSIsInZhbHVlIjoiekwzMklxWVJsZ3FPb3NmekFKdlZ0dz09IiwibWFjIjoiYzBhMDA2ZDVjMDdmMWFmYmM5Yzc3OWRlYzk0ODBkOTA4MzIzNTM3ZTNjMjlkNGU5ODA4ZTBhZWViZDhkMzdhYSIsInRhZyI6IiJ9,Cataflam 50,,Anti-Acids/Inflammatory Bowel Disease,MP-00302,,,,,,https://www.umojapharmaceuticals.co.tz/productDetails/eyJpdiI6IlYwbWVHbEdzUndsTjRIQTFhQ2l5UHc9PSIsInZhbHVlIjoiMlpzZTVKQXRHL0RjRDVRYVVmSVhTZz09IiwibWFjIjoiMzliZjYyYTUyZDhmMTEzNDcxNDhlMzY1NjZjMmIzOWUyMGU1OGFlNjZiYjliMGQwMGJkMDAwOTc1MzNiODY2MyIsInRhZyI6IiJ9,"Study history up to 30 days Up to 5 users simultaneously Has HEALTH certificate IN STOCK MP-00302 Cataflam 50 TZS 1,500 Study history up to 30 days Up to 5 users simultaneously Has HEALTH certificate IN STOCK MP-00289",PUBLIC_SHOP_LISTING,"Public Umoja listing; use as commercial/onboarding source, not TMDA verification. Prices are intentionally not captured because nearby recommendation blocks can make static extraction unreliable."
UMOJA_PUBLIC_SHOP,Umoja Pharmaceuticals public product pages,https://www.umojapharmaceuticals.co.tz/products/eyJpdiI6IkxXcXhQNFd3MXJqSDd4U1pKZ2k1VXc9PSIsInZhbHVlIjoiVlhTSjBaeVVheUljTFBNTGduWUxyZz09IiwibWFjIjoiODcxZTk4ZjkwZDU4NzdmZDc2ZDBiYjAyN2M5NjRkYjZiMTg2OWRlOTkwMTk4MWEzNDJhMzZhZTAzNWIyMjc3MyIsInRhZyI6IiJ9,CeraVe Blemish Control Cleanser,,Neuroleptics/ Antipsychotics/Gait Disorders,,,,,,,https://www.umojapharmaceuticals.co.tz/productDetails/eyJpdiI6InRKb1BBdmVKc1VxQkxoWG9jclc2d1E9PSIsInZhbHVlIjoiTEtiTGtTRlFrWmpCemFQODU2eElVZz09IiwibWFjIjoiODYwMWI4MTgyYzc0ZWFjZWVjZTgyNGNhN2I2ODdlNDM2ZGY2ZmE3ZGFlMWUxZTEzNzE1MTgwNGVkNTNmNmFmNCIsInRhZyI6IiJ9,"950 (5 Reviews) Aloe Ever Shield TZS 0 (5 Reviews) CeraVe Blemish Control Cleanser TZS 63,000 68,000 (5 Reviews) Homepage Retail(B2C) Wholesale(B2B) About Us",PUBLIC_SHOP_LISTING,"Public Umoja listing; use as commercial/onboarding source, not TMDA verification. Prices are intentionally not captured because nearby recommendation blocks can make static extraction unreliable."
UMOJA_PUBLIC_SHOP,Umoja Pharmaceuticals public product pages,https://www.umojapharmaceuticals.co.tz/products/eyJpdiI6ImNvN0hyUGZWZjgvSG44TUF3Y05oVHc9PSIsInZhbHVlIjoiNU1TQ01hdWlaaFJyWm45QXozWVFuZz09IiwibWFjIjoiNDA3YzQ1MDBiMWEyNzBhODBjOWE2NjA5ZDA2ZTdiMGU1ZDY1NTRjYzc1ODc4OGViZGQwZmJmNmU0MDcyYzg5NSIsInRhZyI6IiJ9,CeraVe blemishes control gel,,Antihypertensives/Antiarrhythmic,MP-00430,,Gel,,,,https://www.umojapharmaceuticals.co.tz/productDetails/eyJpdiI6IkdBRTVpZHNzWEljL0xVNHFHb01NRUE9PSIsInZhbHVlIjoiUWRsSzI2V2tEek4zK3VTSUdKNmpqdz09IiwibWFjIjoiZWQ0YzRjODMyNzEzZjA1ZDZlMjE3ZDFhMzRhNGVhNzRjZTYzNjM5NTI4YWE1ZTgzNzY3MTdiNGFlMzBjMzJhOSIsInRhZyI6IiJ9,"Study history up to 30 days Up to 5 users simultaneously Has HEALTH certificate IN STOCK MP-00430 CeraVe blemishes control gel TZS 67,600 Study history up to 30 days Up to 5 users simultaneously Has HEALTH certificate IN STOCK MP-00429",PUBLIC_SHOP_LISTING,"Public Umoja listing; use as commercial/onboarding source, not TMDA verification. Prices are intentionally not captured because nearby recommendation blocks can make static extraction unreliable."
UMOJA_PUBLIC_SHOP,Umoja Pharmaceuticals public product pages,https://www.umojapharmaceuticals.co.tz/products/eyJpdiI6IlgwYW00TjVwQkgyKzdIekt1Vko2WFE9PSIsInZhbHVlIjoiY21kWThhSS83UU81eGlzL3RyOEV4dz09IiwibWFjIjoiOWE3ZDMyZWU5Y2ZiZjQxYzRiMWU3N2MwNTdiYTFmMTIzOTU4NWMyM2Q4ODMwZGE2NDRlZDcyNjJmMDZmMDJhMCIsInRhZyI6IiJ9,CeraVe Cream to Foam Cleanser 236mls,,,,,Cream,,,,https://www.umojapharmaceuticals.co.tz/productDetails/eyJpdiI6InBsemdiQ1JJS0hHMzdncy9uMllzd0E9PSIsInZhbHVlIjoiWlZGeStyNVFDci82NmpLTndjRUNnQT09IiwibWFjIjoiZDY4YzdkODE4MjBjZDc3YjdjMzJmZjk0MzE5OTBiOTcwM2U1ZWUzZjBiMjQzMjdkYTdkYWVmN2ViMmM5NjQ1NSIsInRhZyI6IiJ9,"Hyperthyroidism/hypothyroidism See All Isntree hyaluronic acid watery sun gel TZS 66,000 (5 Reviews) CeraVe Cream to Foam Cleanser 236mls TZS 64,000 65,600 (5 Reviews) Office First Aid Kits TZS 250,000 (5 Reviews) Flucor Day",PUBLIC_SHOP_LISTING,"Public Umoja listing; use as commercial/onboarding source, not TMDA verification. Prices are intentionally not captured because nearby recommendation blocks can make static extraction unreliable."
UMOJA_PUBLIC_SHOP,Umoja Pharmaceuticals public product pages,https://www.umojapharmaceuticals.co.tz/products/eyJpdiI6ImNvN0hyUGZWZjgvSG44TUF3Y05oVHc9PSIsInZhbHVlIjoiNU1TQ01hdWlaaFJyWm45QXozWVFuZz09IiwibWFjIjoiNDA3YzQ1MDBiMWEyNzBhODBjOWE2NjA5ZDA2ZTdiMGU1ZDY1NTRjYzc1ODc4OGViZGQwZmJmNmU0MDcyYzg5NSIsInRhZyI6IiJ9,CeraVe Foaming cleanser 473mls,,Anti-Acids/Inflammatory Bowel Disease,MP-01892,,,,,,https://www.umojapharmaceuticals.co.tz/productDetails/eyJpdiI6InJPTEQrZkhBRFh6bHUyYlV1dEluUkE9PSIsInZhbHVlIjoiOFIvQkxtTjA4T0JhRW81eWRPclB2QT09IiwibWFjIjoiMWZkMWFiNzJmMDY3N2U5NjViNDUwNTBmYThkOWRlN2UxYjdjMDA5YWRmMGFiZjU2M2Y5YjM4YTRkN2E1MzZiZiIsInRhZyI6IiJ9,"Study history up to 30 days Up to 5 users simultaneously Has HEALTH certificate IN STOCK MP-01892 CeraVe Foaming cleanser 473mls TZS 75,000 99,450 Study history up to 30 days Up to 5 users simultaneously Has HEALTH certificate IN STOCK",PUBLIC_SHOP_LISTING,"Public Umoja listing; use as commercial/onboarding source, not TMDA verification. Prices are intentionally not captured because nearby recommendation blocks can make static extraction unreliable."
UMOJA_PUBLIC_SHOP,Umoja Pharmaceuticals public product pages,https://www.umojapharmaceuticals.co.tz/products/eyJpdiI6IksvQkxDVXY0RzE2blkrR1Z0K1JpZlE9PSIsInZhbHVlIjoiR1FJR2xjRzJWdWNMOXYrcTErdFlOUT09IiwibWFjIjoiNDFkY2U0Mzc4NzNiMjQ3N2QzMDc3ZjQ3MzdmMTJiMWUwY2M2YjQzMWFiOGRjMzdiNzgzZGM2ZmVjMTlkOTM4NyIsInRhZyI6IiJ9,CeraVe Hydrating Facial Cleanser 236MLS,,Antihypertensives/Antiarrhythmic,,,,,,,https://www.umojapharmaceuticals.co.tz/productDetails/eyJpdiI6ImNkNkZTV0FlRDdlTmJ3Zkx1L3QvNGc9PSIsInZhbHVlIjoid2pDNjlpZDEyT1F3KzVYV3NBN0VjZz09IiwibWFjIjoiNGRhZDk0MDlkMTBjNjg2ODA2YjE2ZGJkYTIzZTFiNzU1YzE0NTc5MGQ1YWY5Zjk3ODM0NzEwOTgxZmIyNjQxZiIsInRhZyI6IiJ9,"Hyperthyroidism/hypothyroidism See All Cetrizine Syrup TZS 2,800 (5 Reviews) CeraVe Hydrating Facial Cleanser 236MLS TZS 52,600 66,400 (5 Reviews) Simple hydrating light moisturizer TZS 36,000 (5 Reviews) Strepsils Lozenges",PUBLIC_SHOP_LISTING,"Public Umoja listing; use as commercial/onboarding source, not TMDA verification. Prices are intentionally not captured because nearby recommendation blocks can make static extraction unreliable."
UMOJA_PUBLIC_SHOP,Umoja Pharmaceuticals public product pages,https://www.umojapharmaceuticals.co.tz/products/eyJpdiI6ImhvUmtTeWdMc0NtWnhlaWZnenM4Z2c9PSIsInZhbHVlIjoiSWxvdFFOakNxbXBmZUNqbFN2aWNsdz09IiwibWFjIjoiODVmN2ZiYmFiZGQ1YWRhZjY3YWNmOTM5N2I1YjI4ZjM4YWUwNzJmYjVlNTYzOTRhNzdmYTRiZDdhMWNhNWRhZSIsInRhZyI6IiJ9,Cerave Renewing SA cleanser,,Anti-Acids/Inflammatory Bowel Disease,,,,,,,https://www.umojapharmaceuticals.co.tz/productDetails/eyJpdiI6InZHZ0YwUG5kR1hQdjdiT1VydWhDVWc9PSIsInZhbHVlIjoiMGhEMURpQUhmK2JUN2dsMjAyNG1EUT09IiwibWFjIjoiOTJhOWIxMDc5ZGU0YjdiN2I5YmNhNGYwOWJlOTcwZWNkOTAxYjljZjlmOWZiNDEzMWNkZDI0OGZkZGYxYmFmYSIsInRhZyI6IiJ9,"Hyperthyroidism/hypothyroidism See All Cataflam 50 TZS 1,500 (5 Reviews) Cerave Renewing SA cleanser TZS 69,000 (5 Reviews) NAT C 1000mg Tablets TZS 900 950 (5 Reviews) Mucogel 125mls Suspension",PUBLIC_SHOP_LISTING,"Public Umoja listing; use as commercial/onboarding source, not TMDA verification. Prices are intentionally not captured because nearby recommendation blocks can make static extraction unreliable."
UMOJA_PUBLIC_SHOP,Umoja Pharmaceuticals public product pages,https://www.umojapharmaceuticals.co.tz/products/eyJpdiI6ImNvN0hyUGZWZjgvSG44TUF3Y05oVHc9PSIsInZhbHVlIjoiNU1TQ01hdWlaaFJyWm45QXozWVFuZz09IiwibWFjIjoiNDA3YzQ1MDBiMWEyNzBhODBjOWE2NjA5ZDA2ZTdiMGU1ZDY1NTRjYzc1ODc4OGViZGQwZmJmNmU0MDcyYzg5NSIsInRhZyI6IiJ9,CeraVe resurfacing retinol serum,,,MP-00433,,,,,,https://www.umojapharmaceuticals.co.tz/productDetails/eyJpdiI6Imd1Z1VFZndpNzhzS25nYldXMFNYTnc9PSIsInZhbHVlIjoiL1dnMlBZMXFUeFdmeHR1UWkxYUtyQT09IiwibWFjIjoiODk5ODAzMmFhOTllNjQwMjM5M2M5ZjE1ZmRmNzRiZmQ5OWNkMDcxZjAyYzc4MTViNDNkYzY2ZWQ5NDFmNzFjZiIsInRhZyI6IiJ9,"Study history up to 30 days Up to 5 users simultaneously Has HEALTH certificate IN STOCK MP-00433 CeraVe resurfacing retinol serum TZS 96,000 Study history up to 30 days Up to 5 users simultaneously Has HEALTH certificate IN STOCK MP-00432",PUBLIC_SHOP_LISTING,"Public Umoja listing; use as commercial/onboarding source, not TMDA verification. Prices are intentionally not captured because nearby recommendation blocks can make static extraction unreliable."
UMOJA_PUBLIC_SHOP,Umoja Pharmaceuticals public product pages,https://www.umojapharmaceuticals.co.tz/products/eyJpdiI6Ik1rV21vVDIrbW9rZWNHdmJFTTlFV0E9PSIsInZhbHVlIjoiekwzMklxWVJsZ3FPb3NmekFKdlZ0dz09IiwibWFjIjoiYzBhMDA2ZDVjMDdmMWFmYmM5Yzc3OWRlYzk0ODBkOTA4MzIzNTM3ZTNjMjlkNGU5ODA4ZTBhZWViZDhkMzdhYSIsInRhZyI6IiJ9,Cerave SA Smoothing Cream 340g,,Asthmatic Medicines,MP-00431,340g,Cream,,,,https://www.umojapharmaceuticals.co.tz/productDetails/eyJpdiI6InBvN2xUaXh5QkxMWk9lVzlhSS8vRFE9PSIsInZhbHVlIjoiazlEL1M5b3FETlBKYS9oY1VvSVkxZz09IiwibWFjIjoiZGQzOTc1Yzg4ODU1OGE4ZDVlODg0MjBlZjQwNGEyNWYzNjA1YzM5YWJiNmIwNzUxY2E3Yzg1M2ZjYThjNjY3MSIsInRhZyI6IiJ9,"670 (5 Reviews) PANADOL ADVANCE 500MG TABS TZS 935 (5 Reviews) Cerave SA Smoothing Cream 340g TZS 86,600 (5 Reviews) Allopron 300 TZS 900 530 (5 Reviews) Homepage",PUBLIC_SHOP_LISTING,"Public Umoja listing; use as commercial/onboarding source, not TMDA verification. Prices are intentionally not captured because nearby recommendation blocks can make static extraction unreliable."
UMOJA_PUBLIC_SHOP,Umoja Pharmaceuticals public product pages,https://www.umojapharmaceuticals.co.tz/products/eyJpdiI6ImNvN0hyUGZWZjgvSG44TUF3Y05oVHc9PSIsInZhbHVlIjoiNU1TQ01hdWlaaFJyWm45QXozWVFuZz09IiwibWFjIjoiNDA3YzQ1MDBiMWEyNzBhODBjOWE2NjA5ZDA2ZTdiMGU1ZDY1NTRjYzc1ODc4OGViZGQwZmJmNmU0MDcyYzg5NSIsInRhZyI6IiJ9,Cetaphil Gentle Skin Cleanser 591mls,,,MP-01893,,,,,,https://www.umojapharmaceuticals.co.tz/productDetails/eyJpdiI6Ilo4cTNMUVdRRzRsL0RwcTBRVzRjVEE9PSIsInZhbHVlIjoiNTFzbnQ1U1BFYTFNKzNBcFpzcTZDUT09IiwibWFjIjoiNjgxZWUzNDUxMTY2NTk5MjkxNzliOTg2NmY3MTllNjRiN2Q1M2NhY2I1NTM3ZjRkYzU2YjZjNjRjODEyMTMzMyIsInRhZyI6IiJ9,"24 36 48 IN STOCK MP-01893 Cetaphil Gentle Skin Cleanser 591mls TZS 76,500 99,450 Study history up to 30 days Up to 5 users simultaneously Has HEALTH certificate IN STOCK",PUBLIC_SHOP_LISTING,"Public Umoja listing; use as commercial/onboarding source, not TMDA verification. Prices are intentionally not captured because nearby recommendation blocks can make static extraction unreliable."
UMOJA_PUBLIC_SHOP,Umoja Pharmaceuticals public product pages,https://www.umojapharmaceuticals.co.tz/products/eyJpdiI6ImZ6TnptOTRWdk1pck11ejBkQXBlVlE9PSIsInZhbHVlIjoiRmdQTkV6SnllcHcvQmhYZ05wTFhvdz09IiwibWFjIjoiMzcwNjA5NzZhZWQ2NDU5NzMxNmVkMzkxNDVlMDk3MzVkZTIzYTUyM2I1MmEzODBhZDYxYjUwMmIzMzUzMTZmNyIsInRhZyI6IiJ9,Cetrizine Syrup,,Asthmatic Medicines,MP-00472,,Syrup,,,,https://www.umojapharmaceuticals.co.tz/productDetails/eyJpdiI6ImJtYWJENHVzYm92T1BmVENDNXYyRnc9PSIsInZhbHVlIjoicGlTdGNpRVZqTjRvM2xGRkNIbDRHQT09IiwibWFjIjoiNjVmY2M3M2Q4MDE3NGVkYmVmZTg1ZTRkM2Y3NmVlYWM2ZWViZjUwMDlhMjk5ZWNkMGIxMTcxMWM3NTkwMjA0NCIsInRhZyI6IiJ9,"Study history up to 30 days Up to 5 users simultaneously Has HEALTH certificate IN STOCK MP-00472 Cetrizine Syrup TZS 2,800 Study history up to 30 days Up to 5 users simultaneously Has HEALTH certificate IN STOCK MP-00471",PUBLIC_SHOP_LISTING,"Public Umoja listing; use as commercial/onboarding source, not TMDA verification. Prices are intentionally not captured because nearby recommendation blocks can make static extraction unreliable."
UMOJA_PUBLIC_SHOP,Umoja Pharmaceuticals public product pages,https://www.umojapharmaceuticals.co.tz/products/eyJpdiI6InUzd2hiZ1hiVTJvclprSmx1T1dlSUE9PSIsInZhbHVlIjoiU1lNR0hWYUZZR1NKOEY1QVord3dWdz09IiwibWFjIjoiY2EwN2RiMGM2MWZjZmY2MjE3ZjkzYjIzMzFjOGY1YmNjZjU4ZjFlYzkyM2YwZTk0NzJjMTg2MzI3NTE2MWUwYyIsInRhZyI6IiJ9,Chelated Cal Mag Capsules,,,MP-02047,,Capsules,,,,https://www.umojapharmaceuticals.co.tz/productDetails/eyJpdiI6IjNTNW50T3FvangzV21ydDczUzNRVFE9PSIsInZhbHVlIjoia09zMjJ4eVdYWkVvdTJ3VlI3OGgzZz09IiwibWFjIjoiOGM4ZTgzY2E0NDkzZDk2MGYxYjY1Y2JjMzMxZDc0NmRhMmE0ZGRmMDU1MmU5ZTllMGM4ZDI3N2YyZGQ2OWMzNSIsInRhZyI6IiJ9,"(5 Reviews) Low pH Good Morning Gel Cleanser TZS 45,600 54,000 (5 Reviews) Chelated Cal Mag Capsules TZS 1,038 1,038 (5 Reviews) Homepage Retail(B2C) Wholesale(B2B) About Us",PUBLIC_SHOP_LISTING,"Public Umoja listing; use as commercial/onboarding source, not TMDA verification. Prices are intentionally not captured because nearby recommendation blocks can make static extraction unreliable."
UMOJA_PUBLIC_SHOP,Umoja Pharmaceuticals public product pages,https://www.umojapharmaceuticals.co.tz/products/eyJpdiI6Ik1rV21vVDIrbW9rZWNHdmJFTTlFV0E9PSIsInZhbHVlIjoiekwzMklxWVJsZ3FPb3NmekFKdlZ0dz09IiwibWFjIjoiYzBhMDA2ZDVjMDdmMWFmYmM5Yzc3OWRlYzk0ODBkOTA4MzIzNTM3ZTNjMjlkNGU5ODA4ZTBhZWViZDhkMzdhYSIsInRhZyI6IiJ9,Cipladon 1000mg Effervescent Tablets,,Anti-Acids/Inflammatory Bowel Disease,MP-00307,1000mg,Tablets,,,,https://www.umojapharmaceuticals.co.tz/productDetails/eyJpdiI6IlpsTHh1N3EyWFNyQTRZek5seHMxb2c9PSIsInZhbHVlIjoibHVlZFZKdGdqL0pldlNtSGxMMmRpZz09IiwibWFjIjoiMDYzMWZhYzYzYTU2MzhkOGUyOTJiMjdjODMxYjVmZjhhYTMzZmFhMWJlZmI0OWY3YzhmZmQ3ZWU3MTUzMDUyMyIsInRhZyI6IiJ9,"Study history up to 30 days Up to 5 users simultaneously Has HEALTH certificate IN STOCK MP-00307 Cipladon 1000mg Effervescent Tablets TZS 2,500 Study history up to 30 days Up to 5 users simultaneously Has HEALTH certificate IN STOCK MP-00302",PUBLIC_SHOP_LISTING,"Public Umoja listing; use as commercial/onboarding source, not TMDA verification. Prices are intentionally not captured because nearby recommendation blocks can make static extraction unreliable."
UMOJA_PUBLIC_SHOP,Umoja Pharmaceuticals public product pages,https://www.umojapharmaceuticals.co.tz/,Clopivax 75,,Anti-Acids/Inflammatory Bowel Disease,MP-00410,,,,,,https://www.umojapharmaceuticals.co.tz/productDetails/eyJpdiI6ImZJUmJnVzZZTUd0OU1MTkNnb3FRYVE9PSIsInZhbHVlIjoiUUFGVWtDbVo5bkZsV2NRRTc0UlNXZz09IiwibWFjIjoiM2JhMjFjMThlYWM3MDMwODJkMzIyZDc0ZmYwNjY1NjAxZmU0N2FkNWQ3ZTVjZjhlMTNlZDNlMjc5YmRiMGNlNiIsInRhZyI6IiJ9,"See All Mucogel 125mls Suspension TZS 6,583 6,584 (5 Reviews) Clopivax 75 TZS 20,100 670 (5 Reviews) NAT C 1000mg Tablets TZS 900 950 (5 Reviews)",PUBLIC_SHOP_LISTING,"Public Umoja listing; use as commercial/onboarding source, not TMDA verification. Prices are intentionally not captured because nearby recommendation blocks can make static extraction unreliable."
UMOJA_PUBLIC_SHOP,Umoja Pharmaceuticals public product pages,https://www.umojapharmaceuticals.co.tz/products/eyJpdiI6ImNvN0hyUGZWZjgvSG44TUF3Y05oVHc9PSIsInZhbHVlIjoiNU1TQ01hdWlaaFJyWm45QXozWVFuZz09IiwibWFjIjoiNDA3YzQ1MDBiMWEyNzBhODBjOWE2NjA5ZDA2ZTdiMGU1ZDY1NTRjYzc1ODc4OGViZGQwZmJmNmU0MDcyYzg5NSIsInRhZyI6IiJ9,Cosrx moisturizer and essence,,,MP-00428,,,,,,https://www.umojapharmaceuticals.co.tz/productDetails/eyJpdiI6IlhxTzZ5ajkvdHU2NnEzaE5UNExyN3c9PSIsInZhbHVlIjoiUHlWZE43QlVXVGRzRzBaQ0JUYUtzdz09IiwibWFjIjoiY2U2YjEyYWVhNDFmMDI0YzRmMWQ4YjRkZGVjZmJiNDdmYjM3YTg1NDI2MjZhM2JiN2MxZTE0YWNjOGQwY2RkMCIsInRhZyI6IiJ9,"Study history up to 30 days Up to 5 users simultaneously Has HEALTH certificate IN STOCK MP-00428 Cosrx moisturizer and essence TZS 57,900 66,000 Study history up to 30 days Up to 5 users simultaneously Has HEALTH certificate IN STOCK",PUBLIC_SHOP_LISTING,"Public Umoja listing; use as commercial/onboarding source, not TMDA verification. Prices are intentionally not captured because nearby recommendation blocks can make static extraction unreliable."
UMOJA_PUBLIC_SHOP,Umoja Pharmaceuticals public product pages,https://www.umojapharmaceuticals.co.tz/products/eyJpdiI6Ikwrelo4b1dzcFdueldiWVJmd2llWFE9PSIsInZhbHVlIjoidFJqQVNkTkw3cUMwOWlheDVHbGRFdz09IiwibWFjIjoiZDYzMmE3NTgwMDE3YjVmMzU0ZGI0MjYyZjk4ZGMzMzM5NzA0MzFiZjhjYjljZmVhOThjNjViZWNiYTdkMzZlNiIsInRhZyI6IiJ9,Cosrx Salicylic Acid Daily Gentle,,Antihypertensives/Antiarrhythmic,,,,,,,https://www.umojapharmaceuticals.co.tz/productDetails/eyJpdiI6ImtDM0VaWEpQZEdEaTQvaUFSRWdHZGc9PSIsInZhbHVlIjoiMTdrVXRwN1VWeWRGYUl2YWhyUDAwQT09IiwibWFjIjoiMTFhNWZmMWQwODVjMGZmNzI2ZTk2NWExMTU0MGQ2YmMxNThlY2UzMmI2NzFiNjU3ZjVjMzc4NDRmODQzYjQ1ZSIsInRhZyI6IiJ9,"Cosmetics Dyslipidemics Gout Hyperthyroidism/hypothyroidism See All Cosrx Salicylic Acid Daily Gentle TZS 52,300 54,000 (5 Reviews) Cudo Forte TZS 16,800 12,700 (5 Reviews)",PUBLIC_SHOP_LISTING,"Public Umoja listing; use as commercial/onboarding source, not TMDA verification. Prices are intentionally not captured because nearby recommendation blocks can make static extraction unreliable."
UMOJA_PUBLIC_SHOP,Umoja Pharmaceuticals public product pages,https://www.umojapharmaceuticals.co.tz/products/eyJpdiI6Ikwrelo4b1dzcFdueldiWVJmd2llWFE9PSIsInZhbHVlIjoidFJqQVNkTkw3cUMwOWlheDVHbGRFdz09IiwibWFjIjoiZDYzMmE3NTgwMDE3YjVmMzU0ZGI0MjYyZjk4ZGMzMzM5NzA0MzFiZjhjYjljZmVhOThjNjViZWNiYTdkMzZlNiIsInRhZyI6IiJ9,Cudo Forte,,Antihypertensives/Antiarrhythmic,,,,,,,https://www.umojapharmaceuticals.co.tz/productDetails/eyJpdiI6Im5tOFYvWFpVNHBEVnBDa3V1bUp2Umc9PSIsInZhbHVlIjoiSzdDZWJjTWo0dHNJQnF6QmtDU3dDUT09IiwibWFjIjoiMWFjZjE4NWZkMWNkNzFhMWFjNjY4OGMyODMxNzQyNzY1MTA0ZDcwYmY3OTQ3ZTNmZGZkOTY3MjViNzBlMjNjNSIsInRhZyI6IiJ9,"See All Cosrx Salicylic Acid Daily Gentle TZS 52,300 54,000 (5 Reviews) Cudo Forte TZS 16,800 12,700 (5 Reviews) Mucogel 125mls Suspension TZS 6,583 6,584 (5 Reviews)",PUBLIC_SHOP_LISTING,"Public Umoja listing; use as commercial/onboarding source, not TMDA verification. Prices are intentionally not captured because nearby recommendation blocks can make static extraction unreliable."
UMOJA_PUBLIC_SHOP,Umoja Pharmaceuticals public product pages,https://www.umojapharmaceuticals.co.tz/productDetails/eyJpdiI6InZ1emVyZElrQ2tDQ2hHSllRRmRQUHc9PSIsInZhbHVlIjoiajQvZVMzdkJIalNmS2pQOG5FVlZzUT09IiwibWFjIjoiNjcwNWM2YTlkMTViMDA1YmI3MTUwYTRmNDViMjM0NjZkNmFiMTczNzZiYTBkZDUzZjg5MTUyNWRmYWRmOWZjNCIsInRhZyI6IiJ9,Delased Cough Syrup,,Anti-Acids/Inflammatory Bowel Disease,,,Syrup,,,,https://www.umojapharmaceuticals.co.tz/productDetails/eyJpdiI6ImRJNnlLQ2N4VEJuYjQ4VWhPZGFQelE9PSIsInZhbHVlIjoiY1F6dDd5elNWamt5SGk4b0ZsbU4vZz09IiwibWFjIjoiYzE5YjU2ZTJlMDBlZGUyOGNmNTViOTFhZTY5ODc4N2FlMjU5ZTVmNjY2NDMwZTRhMzI1NTM0MTIwYmMwOWY5NiIsInRhZyI6IiJ9,"Cosmetics Dyslipidemics Gout Hyperthyroidism/hypothyroidism See All Delased Cough Syrup TZS 3,500 (5 Reviews) HEDEX TZS 88 (5 Reviews) Leveget 500mg Tablets USP TZS 1,650",PUBLIC_SHOP_LISTING,"Public Umoja listing; use as commercial/onboarding source, not TMDA verification. Prices are intentionally not captured because nearby recommendation blocks can make static extraction unreliable."
UMOJA_PUBLIC_SHOP,Umoja Pharmaceuticals public product pages,https://www.umojapharmaceuticals.co.tz/products/eyJpdiI6Ik4rYkY3WWQzUk0vc1BheHd3cVNxVUE9PSIsInZhbHVlIjoiT2pzNFNhekdpeTJQV2dXTlczZE5Mdz09IiwibWFjIjoiZGMzYjU2OTE3NDAyMWQ2MjliNjVhNTA1Mzk1YmU3MGZlNDBlYTBlMzIxMzlhNzg1NzZkNTIyOGVlMGEzYzc2ZSIsInRhZyI6IiJ9,Dicloran 50,,Antihypertensives/Antiarrhythmic,MP-00183,,,,,,https://www.umojapharmaceuticals.co.tz/productDetails/eyJpdiI6ImVQVHlxRVhRYTRkMm5pVGU2cGJwSFE9PSIsInZhbHVlIjoiNEg2OGNNRFVYcG5tYXV1WExjeDFMZz09IiwibWFjIjoiYTI3NjcwYTIxNTkwMGVhOTFhY2JhN2U0NTJiZTQwZGVjYjMwNzQwYmYzYmExZjU3ZWE5Yjg5YzJhN2E0ZjU3NyIsInRhZyI6IiJ9,"239 (5 Reviews) Galactomyces Pure Vitamin C GLOW Serum TZS 78,000 (5 Reviews) Dicloran 50 TZS 110 (5 Reviews) The Inkey list Vitamin B C and E moisturizer TZS 54,000 (5 Reviews) Homepage Retail(B2C)",PUBLIC_SHOP_LISTING,"Public Umoja listing; use as commercial/onboarding source, not TMDA verification. Prices are intentionally not captured because nearby recommendation blocks can make static extraction unreliable."
UMOJA_PUBLIC_SHOP,Umoja Pharmaceuticals public product pages,https://www.umojapharmaceuticals.co.tz/productDetails/eyJpdiI6IkhwTHdqK1BNdUFGeVVMWjA3NkZxOEE9PSIsInZhbHVlIjoidDBZSmZDOGlGOWlqRm1MQXIyK3BwUT09IiwibWFjIjoiMzExNGM3NTE2Y2Q1NjFlMjFhOGU2ZGI3MmI1ZmYxZTAzNzhhMTgzYTI2NDlhYzQxMTVjZDNmYWY0N2E1ZGQ2YiIsInRhZyI6IiJ9,DIODOL,,Anti-Acids/Inflammatory Bowel Disease,MP-00190,,,,,,https://www.umojapharmaceuticals.co.tz/productDetails/eyJpdiI6InNYMGM0SE5uUzJNVG00NEhpMjRtdnc9PSIsInZhbHVlIjoiT2xpZDFkSTBrc1FWWFI3TW9LRTN4UT09IiwibWFjIjoiZWYwYWU2MTFlZDU0YWM5ZjU3NjBkNWMyOGQzYTAyZDBhY2RmNWJiYzIxOWQzZmEyMDg4NTZkNTkzOTgwYmRkMCIsInRhZyI6IiJ9,"Customers also bought OLFEN TZS 1,403 (5 Reviews) DIODOL TZS 330 (5 Reviews) Duocets Tablets TZS 2,500 (5 Reviews)",PUBLIC_SHOP_LISTING,"Public Umoja listing; use as commercial/onboarding source, not TMDA verification. Prices are intentionally not captured because nearby recommendation blocks can make static extraction unreliable."
UMOJA_PUBLIC_SHOP,Umoja Pharmaceuticals public product pages,https://www.umojapharmaceuticals.co.tz/products/eyJpdiI6Ik1rV21vVDIrbW9rZWNHdmJFTTlFV0E9PSIsInZhbHVlIjoiekwzMklxWVJsZ3FPb3NmekFKdlZ0dz09IiwibWFjIjoiYzBhMDA2ZDVjMDdmMWFmYmM5Yzc3OWRlYzk0ODBkOTA4MzIzNTM3ZTNjMjlkNGU5ODA4ZTBhZWViZDhkMzdhYSIsInRhZyI6IiJ9,Dividol 10mg Tablets,,,MP-00442,10mg,Tablets,,,,https://www.umojapharmaceuticals.co.tz/productDetails/eyJpdiI6ImhudE9HaGVjSThleE91M2pETnY5eWc9PSIsInZhbHVlIjoiL3RqQU94aWZQWitaM1pBNE1iMGMrZz09IiwibWFjIjoiNGE4NjBjNGFlMjI4ZTE5YTI0OTI2NWUwNDhmNTFjN2ViZjdjMzZlYmI4MDExNTYxMTExYzMwZGY3YTQ4NTI0YSIsInRhZyI6IiJ9,Study history up to 30 days Up to 5 users simultaneously Has HEALTH certificate IN STOCK MP-00442 Dividol 10mg Tablets TZS 800 600 Study history up to 30 days Up to 5 users simultaneously Has HEALTH certificate IN STOCK,PUBLIC_SHOP_LISTING,"Public Umoja listing; use as commercial/onboarding source, not TMDA verification. Prices are intentionally not captured because nearby recommendation blocks can make static extraction unreliable."
UMOJA_PUBLIC_SHOP,Umoja Pharmaceuticals public product pages,https://www.umojapharmaceuticals.co.tz/products/eyJpdiI6Ik1rV21vVDIrbW9rZWNHdmJFTTlFV0E9PSIsInZhbHVlIjoiekwzMklxWVJsZ3FPb3NmekFKdlZ0dz09IiwibWFjIjoiYzBhMDA2ZDVjMDdmMWFmYmM5Yzc3OWRlYzk0ODBkOTA4MzIzNTM3ZTNjMjlkNGU5ODA4ZTBhZWViZDhkMzdhYSIsInRhZyI6IiJ9,Duocets Tablets,,Antihypertensives/Antiarrhythmic,MP-00362,,Tablets,,,,https://www.umojapharmaceuticals.co.tz/productDetails/eyJpdiI6Im1kUTgrLzFsQU5CN3hQSERzS2lsUHc9PSIsInZhbHVlIjoiWVJaWDJSSDQwRGdsTUt1MkxrZHFsQT09IiwibWFjIjoiMzhmODE4MjcwNWUyYmI4ZGMxMzhjOGI2NmJiOTc5OTY2NTM2MDQ5MThkYzM1ODc5Y2U0NmJmMzBjYTJlNjY1NSIsInRhZyI6IiJ9,"Study history up to 30 days Up to 5 users simultaneously Has HEALTH certificate IN STOCK MP-00362 Duocets Tablets TZS 2,500 Study history up to 30 days Up to 5 users simultaneously Has HEALTH certificate IN STOCK MP-00338",PUBLIC_SHOP_LISTING,"Public Umoja listing; use as commercial/onboarding source, not TMDA verification. Prices are intentionally not captured because nearby recommendation blocks can make static extraction unreliable."
UMOJA_PUBLIC_SHOP,Umoja Pharmaceuticals public product pages,https://www.umojapharmaceuticals.co.tz/products/eyJpdiI6Ik1rV21vVDIrbW9rZWNHdmJFTTlFV0E9PSIsInZhbHVlIjoiekwzMklxWVJsZ3FPb3NmekFKdlZ0dz09IiwibWFjIjoiYzBhMDA2ZDVjMDdmMWFmYmM5Yzc3OWRlYzk0ODBkOTA4MzIzNTM3ZTNjMjlkNGU5ODA4ZTBhZWViZDhkMzdhYSIsInRhZyI6IiJ9?page=2,ENAT CAPS 400I.U,,,,400I.U,,,,,https://www.umojapharmaceuticals.co.tz/productDetails/eyJpdiI6IkJMSVB4MThkY2ZQL2hjTlFJYzlCK0E9PSIsInZhbHVlIjoidnlOUlZOaU1TSlFRaHpqMTAwak5qZz09IiwibWFjIjoiYjlhODZlMjhjYmMxNGUzOGJlODYzZDM0YjkzMDBlMTg5MWUwM2Q5MGY4NGE5NjBjMDA1NzA0NTcyYzVmNTVlNyIsInRhZyI6IiJ9,"Cosmetics Dyslipidemics Gout Hyperthyroidism/hypothyroidism See All ENAT CAPS 400I.U TZS 750 19,000 (5 Reviews) Allopron 100 TZS 850 500 (5 Reviews)",PUBLIC_SHOP_LISTING,"Public Umoja listing; use as commercial/onboarding source, not TMDA verification. Prices are intentionally not captured because nearby recommendation blocks can make static extraction unreliable."
UMOJA_PUBLIC_SHOP,Umoja Pharmaceuticals public product pages,https://www.umojapharmaceuticals.co.tz/products/eyJpdiI6ImNlcHZBRFNKaW9kczhYSEpaN1p4OVE9PSIsInZhbHVlIjoicXExa2luRGQzMHcxYVc2VmN3MGJ0dz09IiwibWFjIjoiYzdhY2RjOGM0ZDgwYTQyNWY5YzUxOTc5ODZmZWE5YmQyZWE3OGY2MTlmMDdhODI4NGQxODVkYzZmZTY3ZDQ4YyIsInRhZyI6IiJ9,ENAT CREAM 50GM,,Asthmatic Medicines,,,Cream,,,,https://www.umojapharmaceuticals.co.tz/productDetails/eyJpdiI6IlZkRHcvZHkrcnArbzdXbVF3MVhaZ2c9PSIsInZhbHVlIjoiMU1lUHZMVjBlZEhSUDh4VitOcDd5QT09IiwibWFjIjoiZmU1NTlhZDVhMDdhZjFhMmU1NmFhNzk2MjFkNDY1MTY0YjYyOWY2NTcwNmFlNWI2MjUwNDhmYzRmYTliNGZkNyIsInRhZyI6IiJ9,"Hyperthyroidism/hypothyroidism See All CALPOL TZS 5,610 (5 Reviews) ENAT CREAM 50GM TZS 25,800 34,254 (5 Reviews) Aloe Vera Gelly TZS 35,000 (5 Reviews) Apieu Pure Block Daily Sunscreen",PUBLIC_SHOP_LISTING,"Public Umoja listing; use as commercial/onboarding source, not TMDA verification. Prices are intentionally not captured because nearby recommendation blocks can make static extraction unreliable."
UMOJA_PUBLIC_SHOP,Umoja Pharmaceuticals public product pages,https://www.umojapharmaceuticals.co.tz/products/eyJpdiI6IjNBQlpwaFFCb0JreWduc0t1YzJBOHc9PSIsInZhbHVlIjoiYWROQnFRWEI0emhBMC90akxZV0dudz09IiwibWFjIjoiYjg3NmJkNTVkY2ZmYjhkYzIwNmQ4MzkyOWY2M2I4NmNiOWYxM2U1YzVkMWQ4NGY4NTQ1MWI0MWNjMzAwMTlhYiIsInRhZyI6IiJ9,Epimax Cream 400gm,,Dyslipidemics,,,Cream,,,,https://www.umojapharmaceuticals.co.tz/productDetails/eyJpdiI6IjlUQUlIUFdJSldJQmVLLzMyWG1MM2c9PSIsInZhbHVlIjoiMDA5ZDV1QWJlSXJONEZsdmZaOTY5UT09IiwibWFjIjoiNDBkZDAwNGRmZTJkOWJiNzgyZjJmMDBiMjgxNDg5MWRjM2Q5M2E5ZDgzMmRjZWVhN2E5N2I0YzcyZWVkMDZiZiIsInRhZyI6IiJ9,"See All Allopron 300 TZS 900 530 (5 Reviews) Epimax Cream 400gm TZS 56,500 (5 Reviews) Nat B TZS 28,080 936 (5 Reviews) SHELADOL",PUBLIC_SHOP_LISTING,"Public Umoja listing; use as commercial/onboarding source, not TMDA verification. Prices are intentionally not captured because nearby recommendation blocks can make static extraction unreliable."
UMOJA_PUBLIC_SHOP,Umoja Pharmaceuticals public product pages,https://www.umojapharmaceuticals.co.tz/products/eyJpdiI6ImZ6TnptOTRWdk1pck11ejBkQXBlVlE9PSIsInZhbHVlIjoiRmdQTkV6SnllcHcvQmhYZ05wTFhvdz09IiwibWFjIjoiMzcwNjA5NzZhZWQ2NDU5NzMxNmVkMzkxNDVlMDk3MzVkZTIzYTUyM2I1MmEzODBhZDYxYjUwMmIzMzUzMTZmNyIsInRhZyI6IiJ9,Fenza Capsules,,,,,Capsules,,,,https://www.umojapharmaceuticals.co.tz/productDetails/eyJpdiI6IlNtRzRNQ3ZHMjB2NWNZRDFzbktRYWc9PSIsInZhbHVlIjoibTJVT29Fb2QzWm5EUlVXbWJsOTkzZz09IiwibWFjIjoiMDYxNWIyODY0MWVlNGVjNjgxYTg3YTc4ODdhNDc4NTk2NDliYjE4ZGExNWU5ZDMwNzkxMWM2NWYyMGZiMGRmOCIsInRhZyI6IiJ9,"See All Amtas 10 TZS 8,790 239 (5 Reviews) Fenza Capsules TZS 700 1,200 (5 Reviews) Tizanidine 4 TZS 0 (5 Reviews) Office First Aid Kits",PUBLIC_SHOP_LISTING,"Public Umoja listing; use as commercial/onboarding source, not TMDA verification. Prices are intentionally not captured because nearby recommendation blocks can make static extraction unreliable."
UMOJA_PUBLIC_SHOP,Umoja Pharmaceuticals public product pages,https://www.umojapharmaceuticals.co.tz/productDetails/eyJpdiI6ImtqakhOWCtjV1N1Z20wUmhBVjAvSUE9PSIsInZhbHVlIjoiaUgvODdvUXd1cWZxM2RUT0EvejlLUT09IiwibWFjIjoiMjNmNjA3YTNjNTI4ZTRmOWFkMTc2ZDJkNTMzOWE4M2FkMmM2ZjFlNWVhOGI0YTNmNTgwMTM1MjJiM2RkZGJjYiIsInRhZyI6IiJ9,Ferrotone Capsules,,,,,Capsules,,,,https://www.umojapharmaceuticals.co.tz/productDetails/eyJpdiI6IjdmUEdIdE1TUkR3ZGJBaXVTVFpFR1E9PSIsInZhbHVlIjoiR0tkY2Y0TmJxVlJXQ3hpcnpkSjNBdz09IiwibWFjIjoiMzhkYjNlZWMxZDVmZWE5MDg1ZTBkMWYxNWE5MmU5NmZhMWE3ZmExYzlmMmJlNTY5MmVmNWYyOGFmNTI0MTEzZCIsInRhZyI6IiJ9,"(5 Reviews) CeraVe Hydrating Facial Cleanser 236MLS TZS 52,600 66,400 (5 Reviews) Ferrotone Capsules TZS 250 208 (5 Reviews) Homepage Retail(B2C) Wholesale(B2B) About Us",PUBLIC_SHOP_LISTING,"Public Umoja listing; use as commercial/onboarding source, not TMDA verification. Prices are intentionally not captured because nearby recommendation blocks can make static extraction unreliable."
UMOJA_PUBLIC_SHOP,Umoja Pharmaceuticals public product pages,https://www.umojapharmaceuticals.co.tz/products/eyJpdiI6Ik1rV21vVDIrbW9rZWNHdmJFTTlFV0E9PSIsInZhbHVlIjoiekwzMklxWVJsZ3FPb3NmekFKdlZ0dz09IiwibWFjIjoiYzBhMDA2ZDVjMDdmMWFmYmM5Yzc3OWRlYzk0ODBkOTA4MzIzNTM3ZTNjMjlkNGU5ODA4ZTBhZWViZDhkMzdhYSIsInRhZyI6IiJ9,Flammar Mx,,Dyslipidemics,MP-00440,,,,,,https://www.umojapharmaceuticals.co.tz/productDetails/eyJpdiI6Ink3S1dYZU9ub3c1Q09aSFhMQnFoUXc9PSIsInZhbHVlIjoiem9kK3lrNUZOUjZocHhsRzkxeGFPUT09IiwibWFjIjoiN2M4YTVhZjI1NjI1M2E5NGY1OWM0MDdhYzAxNjJjZDRiZWM2OWU5YjEwNGZkY2QzNjYyYmM4NWQ5ZGFmMWZhNiIsInRhZyI6IiJ9,Study history up to 30 days Up to 5 users simultaneously Has HEALTH certificate IN STOCK MP-00440 Flammar Mx TZS 550 Study history up to 30 days Up to 5 users simultaneously Has HEALTH certificate IN STOCK MP-00362,PUBLIC_SHOP_LISTING,"Public Umoja listing; use as commercial/onboarding source, not TMDA verification. Prices are intentionally not captured because nearby recommendation blocks can make static extraction unreliable."
UMOJA_PUBLIC_SHOP,Umoja Pharmaceuticals public product pages,https://www.umojapharmaceuticals.co.tz/products/eyJpdiI6ImZ6TnptOTRWdk1pck11ejBkQXBlVlE9PSIsInZhbHVlIjoiRmdQTkV6SnllcHcvQmhYZ05wTFhvdz09IiwibWFjIjoiMzcwNjA5NzZhZWQ2NDU5NzMxNmVkMzkxNDVlMDk3MzVkZTIzYTUyM2I1MmEzODBhZDYxYjUwMmIzMzUzMTZmNyIsInRhZyI6IiJ9,Flucor Day,,,MP-02054,,,,,,https://www.umojapharmaceuticals.co.tz/productDetails/eyJpdiI6Iit5TVRjaG9sVFprd0dSditWVXMwblE9PSIsInZhbHVlIjoidDhpQWJUWUZOTjQySFpoamdGbDQrUT09IiwibWFjIjoiNzA2OWUyMzEyYzA3ZDQ3YzgxODlmYTQ2YTQ0NTMwYjlkYWMwOGVhMzE2ODI1NzZhNjBlMzcwYjNkY2YxMTRlMCIsInRhZyI6IiJ9,24 36 48 IN STOCK MP-02054 Flucor Day TZS 280 364 Study history up to 30 days Up to 5 users simultaneously Has HEALTH certificate IN STOCK,PUBLIC_SHOP_LISTING,"Public Umoja listing; use as commercial/onboarding source, not TMDA verification. Prices are intentionally not captured because nearby recommendation blocks can make static extraction unreliable."
UMOJA_PUBLIC_SHOP,Umoja Pharmaceuticals public product pages,https://www.umojapharmaceuticals.co.tz/products/eyJpdiI6IisxREc4WkltZ1VRRE9VMkxMdHhnM2c9PSIsInZhbHVlIjoielBaMENZUW5ER1k0aEhnekVhWExhdz09IiwibWFjIjoiNDJkZTMxMzZhOGI1NmRkZTU5MzA1MzUwMTlkNmQ3M2FiMmM2NDRmOGQ5NTUwNGU1NWQ5YjZlMTAwZTk2ZjZkNCIsInRhZyI6IiJ9,Forever Aloe Vera Juice,,Asthmatic Medicines,MP-01889,,,,,,https://www.umojapharmaceuticals.co.tz/productDetails/eyJpdiI6IlNkT2xWVHg0dW96UmZWZjYxWTRuVHc9PSIsInZhbHVlIjoibUNDWnVqUU1WNWFIQnVrUlFlYWJVdz09IiwibWFjIjoiMWFkYTViYTZjYTRkMDUxMGJkZWMyNjA5NzI2OGE1OGRkYmJiODhlNGZiNDVjYTk0NTM2YTAzNWZjZGRlMGVhOCIsInRhZyI6IiJ9,"TZS 66,000 (5 Reviews) Mucolyn Paediatric Syrup TZS 4,500 (5 Reviews) Forever Aloe Vera Juice TZS 55,000 (5 Reviews) Homepage Retail(B2C) Wholesale(B2B) About Us Knowledgebase",PUBLIC_SHOP_LISTING,"Public Umoja listing; use as commercial/onboarding source, not TMDA verification. Prices are intentionally not captured because nearby recommendation blocks can make static extraction unreliable."
UMOJA_PUBLIC_SHOP,Umoja Pharmaceuticals public product pages,https://www.umojapharmaceuticals.co.tz/products/eyJpdiI6IjI5dVo3Rk1ZRG85S05kNnZOYytnS2c9PSIsInZhbHVlIjoiTmU3cUlPNHhZWUxGMCs2ZU5CR3M2UT09IiwibWFjIjoiYjM2ZGM4NzEwN2FhMThkM2I5MDllZjU2MzM2NDRhOTMzMThmNDU1OWM5OTE1YTVhMWM3ZDdlMWFkM2NhMjFhMyIsInRhZyI6IiJ9,Forever Bright Toothgel,,Oral Hypoglycemics,MP-01890,,Gel,,,,https://www.umojapharmaceuticals.co.tz/productDetails/eyJpdiI6IlRWRG1PRXViemUwYVpqL0xheFZjK3c9PSIsInZhbHVlIjoib1MrUUF2QUtyZWdFcXpCZWNQdS9qdz09IiwibWFjIjoiZTI1YmM2YmUwNjg3MzA3OTE1NjFjNTNkMzEyNTJlNjIzMzM5MjFlMzU3OTI4NDcyNDk4OGNlNmJhODZkNDI3ZSIsInRhZyI6IiJ9,"(5 Reviews) Aloe Vera Gel TZS 73,566 0 (5 Reviews) Forever Bright Toothgel TZS 0 (5 Reviews) Homepage Retail(B2C) Wholesale(B2B) About Us Knowledgebase",PUBLIC_SHOP_LISTING,"Public Umoja listing; use as commercial/onboarding source, not TMDA verification. Prices are intentionally not captured because nearby recommendation blocks can make static extraction unreliable."
UMOJA_PUBLIC_SHOP,Umoja Pharmaceuticals public product pages,https://www.umojapharmaceuticals.co.tz/productDetails/eyJpdiI6ImY5OUQ3UGZ1T0VlT0VwR2pnSWVNdXc9PSIsInZhbHVlIjoiNlhJejZCR2xqTzYyVUxrSzdYSW9Rdz09IiwibWFjIjoiYWM3YTU0OTc3NTc1MmZiYWQ5ODBjMTQ4NTZjODA1MTA0M2ZkNjEwMzRiMGMxODZlZTczY2Q5ZDRjYzU3MWQwNCIsInRhZyI6IiJ9,Forever Lean,,Anti-Acids/Inflammatory Bowel Disease,MP-01891,,,,,,https://www.umojapharmaceuticals.co.tz/productDetails/eyJpdiI6ImNLZ0VuWStSSWxibDhGVnZjcXRvaGc9PSIsInZhbHVlIjoiRnhrdUtiV3Z5S1RtVU55bHBjYVpxUT09IiwibWFjIjoiMzNmMjc2ZGQwZThlNTNiMjFiOTc4MWNiZmM4ZDE4ZTk1NWZiZTBiNWMzZTQ3MjdjMjMxMmY3NzUwYTc2YzU5ZiIsInRhZyI6IiJ9,"TZS 161 (5 Reviews) Dicloran 50 TZS 110 (5 Reviews) Forever Lean TZS 85,000 (5 Reviews) Homepage Retail(B2C) Wholesale(B2B) About Us Knowledgebase",PUBLIC_SHOP_LISTING,"Public Umoja listing; use as commercial/onboarding source, not TMDA verification. Prices are intentionally not captured because nearby recommendation blocks can make static extraction unreliable."
UMOJA_PUBLIC_SHOP,Umoja Pharmaceuticals public product pages,https://www.umojapharmaceuticals.co.tz/productDetails/eyJpdiI6InZEblJMTVc4d0lWaTRHcEs0ZHQxa0E9PSIsInZhbHVlIjoiRldGbWUvOC95b1JTS1c4WnpacHNEUT09IiwibWFjIjoiOWIzZjBhZWRiMmZhNmFiNGRjNDgzMzZjMDE1MWI0ZmJhMzFjMzRjMmVjZTFjZTZlYjUzMWViNGZkODEzNGUzZCIsInRhZyI6IiJ9,FRUDIA sunscreen SPF,,,,,,,,,https://www.umojapharmaceuticals.co.tz/productDetails/eyJpdiI6ImlGSEVDeEdDdnlleit3cU9zNndwYVE9PSIsInZhbHVlIjoiZHV0M0xMVzA0VDJKUE5vdVBSemFvUT09IiwibWFjIjoiYWJhYjZmM2I4N2M0ODNlNzU1YWU3ZWFkMjgwMTcwNjE4NzU0NTFjYjFkNDg4ZWY4ZWEzNzA2ZDYyMmI4OTAyZSIsInRhZyI6IiJ9,"Hyperthyroidism/hypothyroidism See All Epimax Cream 400gm TZS 56,500 (5 Reviews) FRUDIA sunscreen SPF TZS 57,600 (5 Reviews) The Inkey list Vitamin B C and E moisturizer TZS 54,000 (5 Reviews) Mebendazole 100 TZS 500",PUBLIC_SHOP_LISTING,"Public Umoja listing; use as commercial/onboarding source, not TMDA verification. Prices are intentionally not captured because nearby recommendation blocks can make static extraction unreliable."
UMOJA_PUBLIC_SHOP,Umoja Pharmaceuticals public product pages,https://www.umojapharmaceuticals.co.tz/products/eyJpdiI6IitHQ2E4c0trRk40SHN4S0VoZ21BeVE9PSIsInZhbHVlIjoiZjhaSDRZd1hPeXQxbUJZVTg4ZmhLZz09IiwibWFjIjoiMjY2ODkzYjdiYjllYzEwNDY3MDNjNTkwMjBkYmQyN2JhMTc2YWNjMTJmOTExZTRlYjA1MGEwY2ZhYTk2OTU2MCIsInRhZyI6IiJ9,Galactomyces Pure Vitamin C GLOW Serum,,Asthmatic Medicines,MP-00432,,,,,,https://www.umojapharmaceuticals.co.tz/productDetails/eyJpdiI6Ikx1SUErNERUM0RUK3NIVzZiUGRPNmc9PSIsInZhbHVlIjoiTnNtQVNBM1R4dEx4d1daeEd0NldEUT09IiwibWFjIjoiMTJlNDM0MGY0YjM3ZmY5ODE0OWQ3ZWEzNWI2OThiZDYwOWNmYzM4NTEzZjVlZDFkODIzNmZkZGZkZjgxOGQ0MSIsInRhZyI6IiJ9,"Hyperthyroidism/hypothyroidism See All Tizanidine 4 TZS 0 (5 Reviews) Galactomyces Pure Vitamin C GLOW Serum TZS 78,000 (5 Reviews) Strepsils Lozenges TZS 283 (5 Reviews) Cerave SA Smoothing Cream 340g TZS 86,600",PUBLIC_SHOP_LISTING,"Public Umoja listing; use as commercial/onboarding source, not TMDA verification. Prices are intentionally not captured because nearby recommendation blocks can make static extraction unreliable."
UMOJA_PUBLIC_SHOP,Umoja Pharmaceuticals public product pages,https://www.umojapharmaceuticals.co.tz/products/eyJpdiI6InVaRGlvNjVRb2Qza0UxYlZnN1ZmakE9PSIsInZhbHVlIjoiL1VaR3VQTitxMmx3WTJ0Wmk5TVZ5Zz09IiwibWFjIjoiZDJhZTE3NDc3NzZjZWE4OWY5NmFlZTI4YmIyMzNkMTk3YWUwNzFiNDA2OWJlZTIwMWJjYzM2NjRmYTJmNTIyYiIsInRhZyI6IiJ9,Garnier Ambre solaire Ant- dark sport Super UV,,Dyslipidemics,,,,,,,https://www.umojapharmaceuticals.co.tz/productDetails/eyJpdiI6IkoyUy9sQk9JMTlldi9Uc1laQUhTUkE9PSIsInZhbHVlIjoiR3V2N1dRQVdFdXd3cW13MjNNbE9UUT09IiwibWFjIjoiZTQ3OTZjNGFjNWI2OThmZDBmOGQwZGJkOTFmODI2NzZmMGNlYWQ3MDY0MzhmNDljYmMzODY2NjYyNTFjOWJhNCIsInRhZyI6IiJ9,"Hyperthyroidism/hypothyroidism See All Flammar Mx TZS 550 (5 Reviews) Garnier Ambre solaire Ant- dark sport Super UV TZS 62,400 (5 Reviews) Olfen 100 SR TZS 2,590 (5 Reviews) Mucogel 125mls Suspension TZS 6,583",PUBLIC_SHOP_LISTING,"Public Umoja listing; use as commercial/onboarding source, not TMDA verification. Prices are intentionally not captured because nearby recommendation blocks can make static extraction unreliable."
UMOJA_PUBLIC_SHOP,Umoja Pharmaceuticals public product pages,https://www.umojapharmaceuticals.co.tz/products/eyJpdiI6Ik4xd2ZocjBJcmpabnU1ci9MazNZWWc9PSIsInZhbHVlIjoiaDFQK3NCVE1Dczlvc2dIZHBMTGhqQT09IiwibWFjIjoiMzRiZThkNTBlMWMxZDlkNDFiZGQzNjYyNGQxYWYwZmRiMzkzNzE4M2YyNThjYzIxMjg1ZDEyM2Q0NTY2YzgwZSIsInRhZyI6IiJ9,Ginsomin Capsules,,Antihypertensives/Antiarrhythmic,,,Capsules,,,,https://www.umojapharmaceuticals.co.tz/productDetails/eyJpdiI6IjZhS1lWNXN4ZGc2YTh2Q2FxWkVndVE9PSIsInZhbHVlIjoiMDZ0QmtZMVI1M29YNGxQajZTVkYyQT09IiwibWFjIjoiNmVmY2JmMjBiNTE5MTVlMjExMGU3NjEwYjgwODU1YjUwNGU0MjFjNjZlZGZkZDJlM2Y2OTQzMDg0ZjBmOTZjNiIsInRhZyI6IiJ9,"66,400 (5 Reviews) BABY & INFANT TZS 6,600 (5 Reviews) Ginsomin Capsules TZS 45,000 1,700 (5 Reviews) Homepage Retail(B2C) Wholesale(B2B) About Us",PUBLIC_SHOP_LISTING,"Public Umoja listing; use as commercial/onboarding source, not TMDA verification. Prices are intentionally not captured because nearby recommendation blocks can make static extraction unreliable."
UMOJA_PUBLIC_SHOP,Umoja Pharmaceuticals public product pages,https://www.umojapharmaceuticals.co.tz/productDetails/eyJpdiI6InBhTkk0WlBJWGdnN2dwUzhuaVlFZXc9PSIsInZhbHVlIjoickUxSWJKRUQzUnhYY1lBcXNOakIzdz09IiwibWFjIjoiODMzYjU1NjM1ZWE4NGI0MzAwYjJjOGFhN2Q3Zjg2OTVkOTcyODFmZmVlNjk1NzQ2YzdkMmY1MzY0OWI1ODk5NSIsInRhZyI6IiJ9,Gofen 200mg Capsule,,,MP-00184,200mg,Capsule,,,,https://www.umojapharmaceuticals.co.tz/productDetails/eyJpdiI6ImdVMk9teXdkdTFTekJwc1RCSjgrVUE9PSIsInZhbHVlIjoiR0ptWVEveEk5aUxTVFZrcjFTTTJOZz09IiwibWFjIjoiZDVlZDQzMzU5ZjU4YTU5Njg3MzU3NWFhNDgzMThlZTg1NWMwYzY3YjVjYWE3ZDM0YzAxY2U1ODNiNzhjZDc5OSIsInRhZyI6IiJ9,"OLFEN TZS 1,403 (5 Reviews) -37% Gofen 200mg Capsule TZS 385 608 (5 Reviews) --33% Dividol 10mg Tablets TZS",PUBLIC_SHOP_LISTING,"Public Umoja listing; use as commercial/onboarding source, not TMDA verification. Prices are intentionally not captured because nearby recommendation blocks can make static extraction unreliable."
UMOJA_PUBLIC_SHOP,Umoja Pharmaceuticals public product pages,https://www.umojapharmaceuticals.co.tz/,Gofen 400mg Capsules,,,NC-205,400mg,Capsules,,,,https://www.umojapharmaceuticals.co.tz/productDetails/eyJpdiI6InBhTkk0WlBJWGdnN2dwUzhuaVlFZXc9PSIsInZhbHVlIjoickUxSWJKRUQzUnhYY1lBcXNOakIzdz09IiwibWFjIjoiODMzYjU1NjM1ZWE4NGI0MzAwYjJjOGFhN2Q3Zjg2OTVkOTcyODFmZmVlNjk1NzQ2YzdkMmY1MzY0OWI1ODk5NSIsInRhZyI6IiJ9,(5 Reviews) NAT C 1000mg Tablets TZS 900 950 (5 Reviews) Gofen 400mg Capsules TZS 507 759 (5 Reviews) Homepage Retail(B2C) Wholesale(B2B) About Us,PUBLIC_SHOP_LISTING,"Public Umoja listing; use as commercial/onboarding source, not TMDA verification. Prices are intentionally not captured because nearby recommendation blocks can make static extraction unreliable."
UMOJA_PUBLIC_SHOP,Umoja Pharmaceuticals public product pages,https://www.umojapharmaceuticals.co.tz/productDetails/eyJpdiI6InZ1emVyZElrQ2tDQ2hHSllRRmRQUHc9PSIsInZhbHVlIjoiajQvZVMzdkJIalNmS2pQOG5FVlZzUT09IiwibWFjIjoiNjcwNWM2YTlkMTViMDA1YmI3MTUwYTRmNDViMjM0NjZkNmFiMTczNzZiYTBkZDUzZjg5MTUyNWRmYWRmOWZjNCIsInRhZyI6IiJ9,HEDEX,,Anti-Acids/Inflammatory Bowel Disease,MP-00185,,,,,,https://www.umojapharmaceuticals.co.tz/productDetails/eyJpdiI6Inp2U2d6T0FqeDBrT2F5UVlIVms5dUE9PSIsInZhbHVlIjoiWk9BYnFaR3dxVDNnMVdKa3puTStIQT09IiwibWFjIjoiZDlkYTgxOTRjNTNjZTg1ZDkzYjU2ZjE3OTM0MTdlYjVmZjg4ZjE5MmIxZjI5YTgzNjEwMzI5MWE3MTk1MzMyNCIsInRhZyI6IiJ9,"Hyperthyroidism/hypothyroidism See All Delased Cough Syrup TZS 3,500 (5 Reviews) HEDEX TZS 88 (5 Reviews) Leveget 500mg Tablets USP TZS 1,650 1,850 (5 Reviews) Simple hydrating light moisturizer",PUBLIC_SHOP_LISTING,"Public Umoja listing; use as commercial/onboarding source, not TMDA verification. Prices are intentionally not captured because nearby recommendation blocks can make static extraction unreliable."
UMOJA_PUBLIC_SHOP,Umoja Pharmaceuticals public product pages,https://www.umojapharmaceuticals.co.tz/products/eyJpdiI6IkNVZkZxRThyZkRmMXNhSVowb2RFSGc9PSIsInZhbHVlIjoiaXBpRzNRSGJXQldWU2t0MVdFVVZ1UT09IiwibWFjIjoiMDEwMmIxYWNmNzZkNWEwMWNhNGMzZGVjZDE5MDJmYzgxOWVjYzEyNDhjOTQwYmRjN2JhNDI5YzhiNGEzYTUzNyIsInRhZyI6IiJ9,Home First Aid Kits,,Dyslipidemics,,,,,,,https://www.umojapharmaceuticals.co.tz/productDetails/eyJpdiI6IjR3eDBqb1RTZk9nK1BURThrS2ZXSmc9PSIsInZhbHVlIjoiYld4QlZ6bU1tT21MUnZGbGFWbFJ6UT09IiwibWFjIjoiZmViZjM4MTlhNmVjOTY0YTg0YTRlYTdhMzBlODg3YTRkZGM3YmVmYzA1MDQ3NWM0MmRkNDc1MTFiYmQ1ZTVmYyIsInRhZyI6IiJ9,"Hyperthyroidism/hypothyroidism See All Bezic Ointment TZS 5,650 (5 Reviews) Home First Aid Kits TZS 200,000 (5 Reviews) SK Derm Cream TZS 4,150 (5 Reviews) Cetrizine Syrup TZS 2,800",PUBLIC_SHOP_LISTING,"Public Umoja listing; use as commercial/onboarding source, not TMDA verification. Prices are intentionally not captured because nearby recommendation blocks can make static extraction unreliable."
UMOJA_PUBLIC_SHOP,Umoja Pharmaceuticals public product pages,https://www.umojapharmaceuticals.co.tz/products/eyJpdiI6IkdtN0hHVmF2S3Z4UGcwVFFUT1pEWXc9PSIsInZhbHVlIjoiUjJzYkVteGMwMkxQSXpZNGw4Y0t2UT09IiwibWFjIjoiOTA5NThjOTMwOTJlYWRkNDE4Mzk2MjE3NTA0ZTBhOGFkOTBjMWNkNjc0NzllOWU2NDk3MTU1M2VmMTBiMDVhMyIsInRhZyI6IiJ9,II Care Capsules,,Anti-Acids/Inflammatory Bowel Disease,MP-01900,,Capsules,,,,https://www.umojapharmaceuticals.co.tz/productDetails/eyJpdiI6ImE1L0doWW9yem5oaXg2SkhrcGJlRkE9PSIsInZhbHVlIjoibjNkdGtJa1h0elIvS3VqKzM4dVFVZz09IiwibWFjIjoiMjkyZjU4MWQzYTQ4OTBmZTkwYjYzMmI5YTg5ZDhlOWE2MzZmNThlNmM1YmYwNzQwOTQ0YmRlZDQyYzRmOWEwZCIsInRhZyI6IiJ9,"Cosmetics Dyslipidemics Gout Hyperthyroidism/hypothyroidism See All II Care Capsules TZS 0 (5 Reviews) Aloe soothing sunscreen SPF TZS 54,000 (5 Reviews) Bondi Sand Face spf 50 TZS 66,000",PUBLIC_SHOP_LISTING,"Public Umoja listing; use as commercial/onboarding source, not TMDA verification. Prices are intentionally not captured because nearby recommendation blocks can make static extraction unreliable."
UMOJA_PUBLIC_SHOP,Umoja Pharmaceuticals public product pages,https://www.umojapharmaceuticals.co.tz/products/eyJpdiI6IlhDRkVBODRCN1lvY0FLSDZxeWFDZ0E9PSIsInZhbHVlIjoiMHhkZ2J2cEwwN2JGOUVmYnBOMDlyUT09IiwibWFjIjoiY2RjN2VjZWJjY2UyYzU4M2NjOTEyZDM2YmZiY2JhNjVhZTcyMWExNGYzOWQ0NDg0MTc1ZmU3MmVhNDY4YzhhOCIsInRhZyI6IiJ9,II Care Plus Capsules,,,,,Capsules,,,,https://www.umojapharmaceuticals.co.tz/productDetails/eyJpdiI6ImE4SDJtd0lQRUdWWWREMEM0NnZXNXc9PSIsInZhbHVlIjoidkJ3RlMxQ3BJQWpLTXBISHBNcDVyUT09IiwibWFjIjoiZmEzODcwZmMyMDc0ZTYxMTc1MTkxMTYxNThkYmE4YzFkNmU5M2U0NzU3OTZkMmQ4NmZlNDc3ODRlOGM5N2Y3NiIsInRhZyI6IiJ9,"Hyperthyroidism/hypothyroidism See All Aloe soothing sunscreen SPF TZS 54,000 (5 Reviews) II Care Plus Capsules TZS 850 1,903 (5 Reviews) Max Cal TZS 950 1,333 (5 Reviews)",PUBLIC_SHOP_LISTING,"Public Umoja listing; use as commercial/onboarding source, not TMDA verification. Prices are intentionally not captured because nearby recommendation blocks can make static extraction unreliable."
UMOJA_PUBLIC_SHOP,Umoja Pharmaceuticals public product pages,https://www.umojapharmaceuticals.co.tz/products/eyJpdiI6InUzd2hiZ1hiVTJvclprSmx1T1dlSUE9PSIsInZhbHVlIjoiU1lNR0hWYUZZR1NKOEY1QVord3dWdz09IiwibWFjIjoiY2EwN2RiMGM2MWZjZmY2MjE3ZjkzYjIzMzFjOGY1YmNjZjU4ZjFlYzkyM2YwZTk0NzJjMTg2MzI3NTE2MWUwYyIsInRhZyI6IiJ9,Isntree hyaluronic acid watery sun gel,,,,,Gel,,,,https://www.umojapharmaceuticals.co.tz/productDetails/eyJpdiI6InpYVHRJS2swL1hHeTg4NGR5RGxJYmc9PSIsInZhbHVlIjoibzhRdGd6QXp0UC9hVU1kaFBFYmUvUT09IiwibWFjIjoiN2RmNzk3ZjFmMDg3MTViMzJkNjlkZTJhYzJiODU5ZmRhMDRiYTMyY2Y2ZGVmMmM3YTgzYjNkOWUzZTIxODdhYyIsInRhZyI6IiJ9,"Cosmetics Dyslipidemics Gout Hyperthyroidism/hypothyroidism See All Isntree hyaluronic acid watery sun gel TZS 66,000 (5 Reviews) Magnes Direct TZS 2,000 (5 Reviews) Low pH Good Morning Gel Cleanser TZS 45,600",PUBLIC_SHOP_LISTING,"Public Umoja listing; use as commercial/onboarding source, not TMDA verification. Prices are intentionally not captured because nearby recommendation blocks can make static extraction unreliable."
UMOJA_PUBLIC_SHOP,Umoja Pharmaceuticals public product pages,https://www.umojapharmaceuticals.co.tz/products/eyJpdiI6IitHQ2E4c0trRk40SHN4S0VoZ21BeVE9PSIsInZhbHVlIjoiZjhaSDRZd1hPeXQxbUJZVTg4ZmhLZz09IiwibWFjIjoiMjY2ODkzYjdiYjllYzEwNDY3MDNjNTkwMjBkYmQyN2JhMTc2YWNjMTJmOTExZTRlYjA1MGEwY2ZhYTk2OTU2MCIsInRhZyI6IiJ9,Kipel 10,,Asthmatic Medicines,MP-00128,,,,,,https://www.umojapharmaceuticals.co.tz/productDetails/eyJpdiI6ImxzdGZWQXFjVCsyRDJua0lOVHA3cWc9PSIsInZhbHVlIjoiZXNWR0ZIajFRcFZITlR1TEhvbDZxdz09IiwibWFjIjoiY2MxMDM3MjUwMDdjZGM2YjdhYjIzMjBmZmYyZWUxYTA3YjUyMmU4YzgwZmYyYmRkMmYwYzFhNzhkZWVlYzZiMSIsInRhZyI6IiJ9,24 36 48 IN STOCK MP-00128 Kipel 10 TZS 500 458 Study history up to 30 days Up to 5 users simultaneously Has HEALTH certificate Join our newsletter,PUBLIC_SHOP_LISTING,"Public Umoja listing; use as commercial/onboarding source, not TMDA verification. Prices are intentionally not captured because nearby recommendation blocks can make static extraction unreliable."
UMOJA_PUBLIC_SHOP,Umoja Pharmaceuticals public product pages,https://www.umojapharmaceuticals.co.tz/products/eyJpdiI6ImtXc2ZZNzdEZkFoREdlUVAxQ0c0R0E9PSIsInZhbHVlIjoiUmhyRjUraERXelFQVi9nVzZQTFdrdz09IiwibWFjIjoiZTNkNjM0Zjk4YTI1NDBjZGYxMGIyMTE4ZjI4NTljZDA0NmM2NzNiMTJmZGJkOTAyYWIyN2I5YTMyYmVmMDEzZiIsInRhZyI6IiJ9,Kipel 4,,Asthmatic Medicines,,,,,,,https://www.umojapharmaceuticals.co.tz/productDetails/eyJpdiI6IjM3UStoeXNHR0V6MU9yTW1BY25BSVE9PSIsInZhbHVlIjoibnJUaWQyd0ZQUEIvNWYzbTdObHg4UT09IiwibWFjIjoiNzc1MTE3YzAyY2E1YTBkMWM2MDlmN2YyNWQ1M2Q0MWFhYTEwN2ZiZjc1OTIxNjY2MjdjNGNiM2MyNzFlMGM0NiIsInRhZyI6IiJ9,"(5 Reviews) Nat B Forte Capsules TZS 55,500 1,850 (5 Reviews) Kipel 4 TZS 450 990 (5 Reviews) Homepage Retail(B2C) Wholesale(B2B) About Us",PUBLIC_SHOP_LISTING,"Public Umoja listing; use as commercial/onboarding source, not TMDA verification. Prices are intentionally not captured because nearby recommendation blocks can make static extraction unreliable."
UMOJA_PUBLIC_SHOP,Umoja Pharmaceuticals public product pages,https://www.umojapharmaceuticals.co.tz/products/eyJpdiI6ImNvN0hyUGZWZjgvSG44TUF3Y05oVHc9PSIsInZhbHVlIjoiNU1TQ01hdWlaaFJyWm45QXozWVFuZz09IiwibWFjIjoiNDA3YzQ1MDBiMWEyNzBhODBjOWE2NjA5ZDA2ZTdiMGU1ZDY1NTRjYzc1ODc4OGViZGQwZmJmNmU0MDcyYzg5NSIsInRhZyI6IiJ9,Kipel 5,,,,,,,,,https://www.umojapharmaceuticals.co.tz/productDetails/eyJpdiI6IlExQnp3eEp5TjBRME4xMGRyejErNXc9PSIsInZhbHVlIjoiS25Qc0tadm5TVGdKT2p1czhSVEFwZz09IiwibWFjIjoiZGYyNWNkNWJkYzkwZDgxNzRmMzFkYWFjYzFmMzkzMTJmNDhlOWE1MDJkNGEyNzE1ZDExOGZiOTY3NTUyMmI1NCIsInRhZyI6IiJ9,"(5 Reviews) Cudo Forte TZS 16,800 12,700 (5 Reviews) Kipel 5 TZS 450 904 (5 Reviews) Aloe soothing sunscreen SPF TZS 54,000 (5 Reviews) Homepage",PUBLIC_SHOP_LISTING,"Public Umoja listing; use as commercial/onboarding source, not TMDA verification. Prices are intentionally not captured because nearby recommendation blocks can make static extraction unreliable."
UMOJA_PUBLIC_SHOP,Umoja Pharmaceuticals public product pages,https://www.umojapharmaceuticals.co.tz/products/eyJpdiI6ImphdkluWEw4L1FBYWI3T0RBYVJaOWc9PSIsInZhbHVlIjoiOXZkQUw5NXZzSngyYmVRWEhNQ0RNUT09IiwibWFjIjoiNDlkOGMxYmFmODBiZjAwZGE2Y2I0MzBkZWQ5ZDk1MzYxMGYxOGNhYmQ5ODY4YzIzNWEyMjQwYjRmNmUzOTM0YyIsInRhZyI6IiJ9,La Roche Posay Anthelios UV Mune 400,,Dyslipidemics,,,,,,,https://www.umojapharmaceuticals.co.tz/productDetails/eyJpdiI6IlYwYURVTGx3aFZKU0wwY003MHhQM1E9PSIsInZhbHVlIjoiK3QzWnZ2ZStGOGFmQ2IrLytvWUlOZz09IiwibWFjIjoiN2JmNDdiZWU1MTU5NWFiYzRjMjRmMTk4NTcyNjNkMTBhMjM4NjUwZWJkYzg3NDdhYjYyODM4N2JiMTEyYmVjYyIsInRhZyI6IiJ9,"Hyperthyroidism/hypothyroidism See All Bezic Ointment TZS 5,650 (5 Reviews) La Roche Posay Anthelios UV Mune 400 TZS 86,400 (5 Reviews) Aloe soothing sunscreen SPF TZS 54,000 (5 Reviews) Olfen 100 SR TZS 2,590",PUBLIC_SHOP_LISTING,"Public Umoja listing; use as commercial/onboarding source, not TMDA verification. Prices are intentionally not captured because nearby recommendation blocks can make static extraction unreliable."
UMOJA_PUBLIC_SHOP,Umoja Pharmaceuticals public product pages,https://www.umojapharmaceuticals.co.tz/productDetails/eyJpdiI6InZ1emVyZElrQ2tDQ2hHSllRRmRQUHc9PSIsInZhbHVlIjoiajQvZVMzdkJIalNmS2pQOG5FVlZzUT09IiwibWFjIjoiNjcwNWM2YTlkMTViMDA1YmI3MTUwYTRmNDViMjM0NjZkNmFiMTczNzZiYTBkZDUzZjg5MTUyNWRmYWRmOWZjNCIsInRhZyI6IiJ9,Leveget 500mg Tablets USP,,Anti-Acids/Inflammatory Bowel Disease,,500mg,Tablets,,,,https://www.umojapharmaceuticals.co.tz/productDetails/eyJpdiI6IllKTDIyZjRISFRaZDlvaEw4REFZRGc9PSIsInZhbHVlIjoibytUTTFjeEZKZGJnN3VWVVpRek1udz09IiwibWFjIjoiM2VhZjk3Y2VmMmQ2MDY1OWI4ZTgxNmFiOGJkNTAyMDliYjY0MjA3NzdmNTY0YTgyOGUyZDRjOGEzMGY4ZmVhMiIsInRhZyI6IiJ9,"TZS 3,500 (5 Reviews) HEDEX TZS 88 (5 Reviews) Leveget 500mg Tablets USP TZS 1,650 1,850 (5 Reviews) Simple hydrating light moisturizer TZS 36,000 (5 Reviews) Homepage",PUBLIC_SHOP_LISTING,"Public Umoja listing; use as commercial/onboarding source, not TMDA verification. Prices are intentionally not captured because nearby recommendation blocks can make static extraction unreliable."
UMOJA_PUBLIC_SHOP,Umoja Pharmaceuticals public product pages,https://www.umojapharmaceuticals.co.tz/products/eyJpdiI6Ik1rV21vVDIrbW9rZWNHdmJFTTlFV0E9PSIsInZhbHVlIjoiekwzMklxWVJsZ3FPb3NmekFKdlZ0dz09IiwibWFjIjoiYzBhMDA2ZDVjMDdmMWFmYmM5Yzc3OWRlYzk0ODBkOTA4MzIzNTM3ZTNjMjlkNGU5ODA4ZTBhZWViZDhkMzdhYSIsInRhZyI6IiJ9,Ligaba 75,,,MP-00338,,,,,,https://www.umojapharmaceuticals.co.tz/productDetails/eyJpdiI6ImRBWTdVT2xlUktDRWlFUDVMNzhyS2c9PSIsInZhbHVlIjoiSm5sQVdxNkJqSUFJS3RHV2hoWVVJdz09IiwibWFjIjoiNDJhYzRiYzAwY2U4ZjE1NTA5NTYxODdkMDMxMWRkYjllMjlmY2ZjNjA1MWEwNjUxNDFjMzBmMWZlOTk1ZmEwMSIsInRhZyI6IiJ9,"Study history up to 30 days Up to 5 users simultaneously Has HEALTH certificate IN STOCK MP-00338 Ligaba 75 TZS 1,000 Study history up to 30 days Up to 5 users simultaneously Has HEALTH certificate IN STOCK MP-00318",PUBLIC_SHOP_LISTING,"Public Umoja listing; use as commercial/onboarding source, not TMDA verification. Prices are intentionally not captured because nearby recommendation blocks can make static extraction unreliable."
UMOJA_PUBLIC_SHOP,Umoja Pharmaceuticals public product pages,https://www.umojapharmaceuticals.co.tz/products/eyJpdiI6InUzd2hiZ1hiVTJvclprSmx1T1dlSUE9PSIsInZhbHVlIjoiU1lNR0hWYUZZR1NKOEY1QVord3dWdz09IiwibWFjIjoiY2EwN2RiMGM2MWZjZmY2MjE3ZjkzYjIzMzFjOGY1YmNjZjU4ZjFlYzkyM2YwZTk0NzJjMTg2MzI3NTE2MWUwYyIsInRhZyI6IiJ9,Low pH Good Morning Gel Cleanser,,Dyslipidemics,,,Gel,,,,https://www.umojapharmaceuticals.co.tz/productDetails/eyJpdiI6IjNBZW15OGg4YlV1OGpIVSs3YXpJQWc9PSIsInZhbHVlIjoidEl1aUZNaXhIbklkM0hUY3ZEUnIydz09IiwibWFjIjoiYjRhOTQwZjZkZjc0Y2ZiODQ5ZDFmNTcyYjZiYWQ3NTZiZmM1Y2MxMTkwOTRmMzY1MDA5ZjJiZmIzZDI2OTdhMiIsInRhZyI6IiJ9,"TZS 66,000 (5 Reviews) Magnes Direct TZS 2,000 (5 Reviews) Low pH Good Morning Gel Cleanser TZS 45,600 54,000 (5 Reviews) Chelated Cal Mag Capsules TZS 1,038 1,038 (5 Reviews)",PUBLIC_SHOP_LISTING,"Public Umoja listing; use as commercial/onboarding source, not TMDA verification. Prices are intentionally not captured because nearby recommendation blocks can make static extraction unreliable."
UMOJA_PUBLIC_SHOP,Umoja Pharmaceuticals public product pages,https://www.umojapharmaceuticals.co.tz/productDetails/eyJpdiI6ImFlSUJnTVloMlJYaWc3QkYwVFVzOXc9PSIsInZhbHVlIjoiUldXWHR1R1VaZzA4NkpBT09WQ0I3QT09IiwibWFjIjoiMWM0ZTNmOGM2Yjc0OWVmZGI3YjY0ZTZiOTQwZDdiODYyMTE5MmJhMWEzOWI2ZDhiMTM2OTZkNDc2Yjc2MjlmOCIsInRhZyI6IiJ9,Lyrica 75,,,MP-00243,,,,,,https://www.umojapharmaceuticals.co.tz/productDetails/eyJpdiI6IjNoRlJleWlYL0dUMUNCZmN1UmpSNEE9PSIsInZhbHVlIjoiZ3hkaWY0YUgxbFJMVzN6c1Q2aVlYZz09IiwibWFjIjoiODgxM2Q2NmJjYzUxZjc3OTYxZWY3NzJlYWQwNzY0NzA5NDU3ZjhiODU3NWI5Yzg5NzU4YmM1NTc0NDIxZWQ5YiIsInRhZyI6IiJ9,"(5 Reviews) Flammar Mx TZS 550 (5 Reviews) Lyrica 75 TZS 2,800 (5 Reviews) Do you have a Prescription? Upload now, let us handle the rest ... Upload Prescription Download Our App for Free",PUBLIC_SHOP_LISTING,"Public Umoja listing; use as commercial/onboarding source, not TMDA verification. Prices are intentionally not captured because nearby recommendation blocks can make static extraction unreliable."
UMOJA_PUBLIC_SHOP,Umoja Pharmaceuticals public product pages,https://www.umojapharmaceuticals.co.tz/products/eyJpdiI6InUzd2hiZ1hiVTJvclprSmx1T1dlSUE9PSIsInZhbHVlIjoiU1lNR0hWYUZZR1NKOEY1QVord3dWdz09IiwibWFjIjoiY2EwN2RiMGM2MWZjZmY2MjE3ZjkzYjIzMzFjOGY1YmNjZjU4ZjFlYzkyM2YwZTk0NzJjMTg2MzI3NTE2MWUwYyIsInRhZyI6IiJ9,Magnes Direct,,,MP-00454,,,,,,https://www.umojapharmaceuticals.co.tz/productDetails/eyJpdiI6IldlZFpDbnpEUytTL1UwNjN6cjZIbkE9PSIsInZhbHVlIjoibFlUWXdZREUzRm4xVzZ6OWVGb0NvQT09IiwibWFjIjoiODFiNDQyNWY1MmI1NDNmNTRkODkzNzdmMGFmMTY5YTk2ZTFiZGIyNjM5ODU3NmI4ZjljOGVkOTYzMDgzZDI5YiIsInRhZyI6IiJ9,"Hyperthyroidism/hypothyroidism See All Isntree hyaluronic acid watery sun gel TZS 66,000 (5 Reviews) Magnes Direct TZS 2,000 (5 Reviews) Low pH Good Morning Gel Cleanser TZS 45,600 54,000 (5 Reviews) Chelated Cal Mag Capsules",PUBLIC_SHOP_LISTING,"Public Umoja listing; use as commercial/onboarding source, not TMDA verification. Prices are intentionally not captured because nearby recommendation blocks can make static extraction unreliable."
UMOJA_PUBLIC_SHOP,Umoja Pharmaceuticals public product pages,https://www.umojapharmaceuticals.co.tz/products/eyJpdiI6IlhDRkVBODRCN1lvY0FLSDZxeWFDZ0E9PSIsInZhbHVlIjoiMHhkZ2J2cEwwN2JGOUVmYnBOMDlyUT09IiwibWFjIjoiY2RjN2VjZWJjY2UyYzU4M2NjOTEyZDM2YmZiY2JhNjVhZTcyMWExNGYzOWQ0NDg0MTc1ZmU3MmVhNDY4YzhhOCIsInRhZyI6IiJ9,Max Cal,,,,,,,,,https://www.umojapharmaceuticals.co.tz/productDetails/eyJpdiI6IkdPcXFqaWwxTmZkd0ZlMTh0ZUJvSkE9PSIsInZhbHVlIjoicUF2UW93M3lTZ2ZnVXVmYjhWYXpTQT09IiwibWFjIjoiYTE2MTFjYmE5ZjY3MDI3YmE4ZDUyY2VhOTg0NjQzZmZmOGQ1NjlhODMxZTAyYWRjMjdhZmNlZTE4ZjQ1MzhhNSIsInRhZyI6IiJ9,"(5 Reviews) II Care Plus Capsules TZS 850 1,903 (5 Reviews) Max Cal TZS 950 1,333 (5 Reviews) CeraVe blemishes control gel TZS 67,600 (5 Reviews) Homepage",PUBLIC_SHOP_LISTING,"Public Umoja listing; use as commercial/onboarding source, not TMDA verification. Prices are intentionally not captured because nearby recommendation blocks can make static extraction unreliable."
UMOJA_PUBLIC_SHOP,Umoja Pharmaceuticals public product pages,https://www.umojapharmaceuticals.co.tz/productDetails/eyJpdiI6InZEblJMTVc4d0lWaTRHcEs0ZHQxa0E9PSIsInZhbHVlIjoiRldGbWUvOC95b1JTS1c4WnpacHNEUT09IiwibWFjIjoiOWIzZjBhZWRiMmZhNmFiNGRjNDgzMzZjMDE1MWI0ZmJhMzFjMzRjMmVjZTFjZTZlYjUzMWViNGZkODEzNGUzZCIsInRhZyI6IiJ9,Mebendazole 100,,Anti-Acids/Inflammatory Bowel Disease,,,,,,,https://www.umojapharmaceuticals.co.tz/productDetails/eyJpdiI6Im1hQS91dTRKS0cybzNVZnlqTzd4bXc9PSIsInZhbHVlIjoiVmNySlhQZUxRRE54QVRLTjRGNzNEZz09IiwibWFjIjoiMTI2NDU3ZmFkZTg5OWQ2MDA4ZDgwYzI3M2I4NWYyMWIwNGFmNTgwODQyOGM2N2E1YmUzYzFkN2RmNzc2MTVlZCIsInRhZyI6IiJ9,"TZS 57,600 (5 Reviews) The Inkey list Vitamin B C and E moisturizer TZS 54,000 (5 Reviews) Mebendazole 100 TZS 500 (5 Reviews) Homepage Retail(B2C) Wholesale(B2B) About Us Knowledgebase",PUBLIC_SHOP_LISTING,"Public Umoja listing; use as commercial/onboarding source, not TMDA verification. Prices are intentionally not captured because nearby recommendation blocks can make static extraction unreliable."
UMOJA_PUBLIC_SHOP,Umoja Pharmaceuticals public product pages,https://www.umojapharmaceuticals.co.tz/productDetails/eyJpdiI6IkhwTHdqK1BNdUFGeVVMWjA3NkZxOEE9PSIsInZhbHVlIjoidDBZSmZDOGlGOWlqRm1MQXIyK3BwUT09IiwibWFjIjoiMzExNGM3NTE2Y2Q1NjFlMjFhOGU2ZGI3MmI1ZmYxZTAzNzhhMTgzYTI2NDlhYzQxMTVjZDNmYWY0N2E1ZGQ2YiIsInRhZyI6IiJ9,Mega Prenatal Tablets,,,,,Tablets,,,,https://www.umojapharmaceuticals.co.tz/productDetails/eyJpdiI6ImxFQlUwSjlUU3o4T3A1TWljaC8rMVE9PSIsInZhbHVlIjoiMTI2VWxIK1ZtSXFUR3NITkVMRm5JQT09IiwibWFjIjoiMWNiOWYxZDY1NDE3MWJmOWQ5MmVhZjQ3NDNlMDY4YmU1MTY5NGVhZjJkNzQ0OGNhOTcwZjY0MDcwNDdjN2UxOCIsInRhZyI6IiJ9,"Hyperthyroidism/hypothyroidism See All Cetrizine Syrup TZS 2,800 (5 Reviews) Mega Prenatal Tablets TZS 750 1,000 (5 Reviews) Flammar Mx TZS 550 (5 Reviews) Bezic Ointment",PUBLIC_SHOP_LISTING,"Public Umoja listing; use as commercial/onboarding source, not TMDA verification. Prices are intentionally not captured because nearby recommendation blocks can make static extraction unreliable."
UMOJA_PUBLIC_SHOP,Umoja Pharmaceuticals public product pages,https://www.umojapharmaceuticals.co.tz/products/eyJpdiI6ImJ3ZjAxdkYyczYweGZLem9DR1VTbXc9PSIsInZhbHVlIjoiS2hLbEtUdnNEOWZRdDVvS0w4UWZoUT09IiwibWFjIjoiNmY4Y2NlMmJhMDdlZTcxZTk1YmUxYTM3YzM0Mjc5MWNiYTVlYzA3ZDE0Yjc2YjdhY2ViMDBmM2M4YjAyMzBjOSIsInRhZyI6IiJ9,MONTAIR 10,,Antihypertensives/Antiarrhythmic,,,,,,,https://www.umojapharmaceuticals.co.tz/productDetails/eyJpdiI6IkJJSURNQWh4UUVvbjJCOE92N3lGSmc9PSIsInZhbHVlIjoibTBmRVBlTkFjZzVaSjk1UGJoN05HZz09IiwibWFjIjoiNjA5MDZkNzIwY2UwYmZiZWIxZTI1NmJiMzAwMzgwYzMyNDRiNmQ1MzE5MmZmMDNjZmU2MGFiNmE2MmY2NTE2NyIsInRhZyI6IiJ9,"Cosmetics Dyslipidemics Gout Hyperthyroidism/hypothyroidism See All MONTAIR 10 TZS 1,882 (5 Reviews) Aloe Vera Gelly TZS 35,000 (5 Reviews) Olfen 100 SR TZS 2,590",PUBLIC_SHOP_LISTING,"Public Umoja listing; use as commercial/onboarding source, not TMDA verification. Prices are intentionally not captured because nearby recommendation blocks can make static extraction unreliable."
UMOJA_PUBLIC_SHOP,Umoja Pharmaceuticals public product pages,https://www.umojapharmaceuticals.co.tz/,Mucogel 125mls Suspension,,Anti-Acids/Inflammatory Bowel Disease,NC-699,,Suspension,,,,https://www.umojapharmaceuticals.co.tz/productDetails/eyJpdiI6InZ1emVyZElrQ2tDQ2hHSllRRmRQUHc9PSIsInZhbHVlIjoiajQvZVMzdkJIalNmS2pQOG5FVlZzUT09IiwibWFjIjoiNjcwNWM2YTlkMTViMDA1YmI3MTUwYTRmNDViMjM0NjZkNmFiMTczNzZiYTBkZDUzZjg5MTUyNWRmYWRmOWZjNCIsInRhZyI6IiJ9,"Cosmetics Dyslipidemics Gout Hyperthyroidism/hypothyroidism See All Mucogel 125mls Suspension TZS 6,583 6,584 (5 Reviews) Clopivax 75 TZS 20,100 670 (5 Reviews)",PUBLIC_SHOP_LISTING,"Public Umoja listing; use as commercial/onboarding source, not TMDA verification. Prices are intentionally not captured because nearby recommendation blocks can make static extraction unreliable."
UMOJA_PUBLIC_SHOP,Umoja Pharmaceuticals public product pages,https://www.umojapharmaceuticals.co.tz/products/eyJpdiI6IisxREc4WkltZ1VRRE9VMkxMdHhnM2c9PSIsInZhbHVlIjoielBaMENZUW5ER1k0aEhnekVhWExhdz09IiwibWFjIjoiNDJkZTMxMzZhOGI1NmRkZTU5MzA1MzUwMTlkNmQ3M2FiMmM2NDRmOGQ5NTUwNGU1NWQ5YjZlMTAwZTk2ZjZkNCIsInRhZyI6IiJ9,Mucolyn Paediatric Syrup,,Multivitamins,,,Syrup,,,,https://www.umojapharmaceuticals.co.tz/productDetails/eyJpdiI6IkRDcE8vSEd4YlUxMENSVWxJekt0ZVE9PSIsInZhbHVlIjoiZW1ZYS91bDBRZHJMSnBwMGFUM0kzUT09IiwibWFjIjoiNzUwNzEyZGI3YzBlZThlZDZlZmZlMTBhMGRkZGFlNDczYzA3M2RiZjU0ZTM5ODJlZDEzYzNlNjRkYjQ3YWU4MyIsInRhZyI6IiJ9,"TZS 0 (5 Reviews) Bondi Sand Face spf 50 TZS 66,000 (5 Reviews) Mucolyn Paediatric Syrup TZS 4,500 (5 Reviews) Forever Aloe Vera Juice TZS 55,000 (5 Reviews) Homepage Retail(B2C)",PUBLIC_SHOP_LISTING,"Public Umoja listing; use as commercial/onboarding source, not TMDA verification. Prices are intentionally not captured because nearby recommendation blocks can make static extraction unreliable."
UMOJA_PUBLIC_SHOP,Umoja Pharmaceuticals public product pages,https://www.umojapharmaceuticals.co.tz/products/eyJpdiI6ImF1L3FQRVJ6RE50c1kwZTJGd0t0VlE9PSIsInZhbHVlIjoiR2RMN1BLVzV2bldPSnhBMzdvVnRYQT09IiwibWFjIjoiYmZhZGUwMTA4NDE3NWU2YTNiNWJjNjZjNTBhYWQ3YmE0YzYyN2Y4ODhjMDc0NTM4MzhjOGVkMzFjN2YwMWE2MiIsInRhZyI6IiJ9,Muvera 15,,,MP-00186,,,,,,https://www.umojapharmaceuticals.co.tz/productDetails/eyJpdiI6InZnY2pTeHUzTVlvOTZyTEVjVXM0V3c9PSIsInZhbHVlIjoiZjFoOFlJYWpmNGMwNGVPdmpmRXJ6UT09IiwibWFjIjoiNGY1MTE2YzgxNDBiMDM5MDZlM2ViMzk4NTQzNWM1YjJlODRhYjI5NDY3MGE1M2RhMjQ2YWJkMmM2NjBlN2Y1OCIsInRhZyI6IiJ9,"(5 Reviews) Clopivax 75 TZS 20,100 670 (5 Reviews) Muvera 15 TZS 165 (5 Reviews) Aloe soothing sunscreen SPF TZS 54,000 (5 Reviews) Homepage Retail(B2C)",PUBLIC_SHOP_LISTING,"Public Umoja listing; use as commercial/onboarding source, not TMDA verification. Prices are intentionally not captured because nearby recommendation blocks can make static extraction unreliable."
UMOJA_PUBLIC_SHOP,Umoja Pharmaceuticals public product pages,https://www.umojapharmaceuticals.co.tz/products/eyJpdiI6IjNBQlpwaFFCb0JreWduc0t1YzJBOHc9PSIsInZhbHVlIjoiYWROQnFRWEI0emhBMC90akxZV0dudz09IiwibWFjIjoiYjg3NmJkNTVkY2ZmYjhkYzIwNmQ4MzkyOWY2M2I4NmNiOWYxM2U1YzVkMWQ4NGY4NTQ1MWI0MWNjMzAwMTlhYiIsInRhZyI6IiJ9,Nat B,,Dyslipidemics,,,,,,,https://www.umojapharmaceuticals.co.tz/productDetails/eyJpdiI6Iitwd1A3b2FJVTVJMHRhNzBUcUYrbVE9PSIsInZhbHVlIjoiVmdzekRtRU54M2E1dzM0WTMvRVpHZz09IiwibWFjIjoiZjM1NWMyNTg5YzMzNDllZmIxMzQwMDUyM2E5ODhlNTlhMDg3ZDQxM2U3NmZjMWRhYTc3NzFlNGNkZjhkYWIyZSIsInRhZyI6IiJ9,"530 (5 Reviews) Epimax Cream 400gm TZS 56,500 (5 Reviews) Nat B TZS 28,080 936 (5 Reviews) SHELADOL TZS 990 (5 Reviews) Homepage",PUBLIC_SHOP_LISTING,"Public Umoja listing; use as commercial/onboarding source, not TMDA verification. Prices are intentionally not captured because nearby recommendation blocks can make static extraction unreliable."
UMOJA_PUBLIC_SHOP,Umoja Pharmaceuticals public product pages,https://www.umojapharmaceuticals.co.tz/productDetails/eyJpdiI6IlpsTHh1N3EyWFNyQTRZek5seHMxb2c9PSIsInZhbHVlIjoibHVlZFZKdGdqL0pldlNtSGxMMmRpZz09IiwibWFjIjoiMDYzMWZhYzYzYTU2MzhkOGUyOTJiMjdjODMxYjVmZjhhYTMzZmFhMWJlZmI0OWY3YzhmZmQ3ZWU3MTUzMDUyMyIsInRhZyI6IiJ9,Nat B Forte Capsules,,Multivitamins,,,Capsules,,,,https://www.umojapharmaceuticals.co.tz/productDetails/eyJpdiI6ImpBY3J6SE5Ha09aOWJjSVlGRm1OZ1E9PSIsInZhbHVlIjoibkJpajJXVU1HcWxhWGRXdHRZTzBJQT09IiwibWFjIjoiNDY5NDJlNmQ5ZWQ0MjZkODFiYTE2NjU1ODA2ZmJmYjA4NmYxMDAyNjBkYjFjNjliNGIxYjJjNzRlODY3ZmE5OSIsInRhZyI6IiJ9,"Cosmetics Dyslipidemics Gout Hyperthyroidism/hypothyroidism See All Nat B Forte Capsules TZS 55,500 1,850 (5 Reviews) Osteocare Capsule TZS 1,150 (5 Reviews) NOUVO FINE & SHORT",PUBLIC_SHOP_LISTING,"Public Umoja listing; use as commercial/onboarding source, not TMDA verification. Prices are intentionally not captured because nearby recommendation blocks can make static extraction unreliable."
UMOJA_PUBLIC_SHOP,Umoja Pharmaceuticals public product pages,https://www.umojapharmaceuticals.co.tz/,NAT C 1000mg Tablets,,Anti-Acids/Inflammatory Bowel Disease,MP-01905,1000mg,Tablets,,,,https://www.umojapharmaceuticals.co.tz/productDetails/eyJpdiI6IldaQUgvL3V3eHFHQkc3RU9yZUliSlE9PSIsInZhbHVlIjoiNHYvMXpsVTVrVTBjTEVBT1VVN2wrUT09IiwibWFjIjoiZTYxZTY4NWU2MDk1MGVhZTlmZDljZTkxMGQ3YjRmNTU5ZGIxNzYwZTFmZWIxYTgzZmRmYjc1NmY3Y2E0MmZhNiIsInRhZyI6IiJ9,"(5 Reviews) Clopivax 75 TZS 20,100 670 (5 Reviews) NAT C 1000mg Tablets TZS 900 950 (5 Reviews) Gofen 400mg Capsules TZS 507 759 (5 Reviews)",PUBLIC_SHOP_LISTING,"Public Umoja listing; use as commercial/onboarding source, not TMDA verification. Prices are intentionally not captured because nearby recommendation blocks can make static extraction unreliable."
UMOJA_PUBLIC_SHOP,Umoja Pharmaceuticals public product pages,https://www.umojapharmaceuticals.co.tz/productDetails/eyJpdiI6IldaQUgvL3V3eHFHQkc3RU9yZUliSlE9PSIsInZhbHVlIjoiNHYvMXpsVTVrVTBjTEVBT1VVN2wrUT09IiwibWFjIjoiZTYxZTY4NWU2MDk1MGVhZTlmZDljZTkxMGQ3YjRmNTU5ZGIxNzYwZTFmZWIxYTgzZmRmYjc1NmY3Y2E0MmZhNiIsInRhZyI6IiJ9,NAT C Ester (Powder) 1000mg,,Multivitamins,MP-01906,1000mg,,,,,https://www.umojapharmaceuticals.co.tz/productDetails/eyJpdiI6IkhJdW8rd0FVNFhFVTNjMTI3TFQ5MEE9PSIsInZhbHVlIjoiWHd6b2U3WDlSWXY3dm1GSGNtYzhKUT09IiwibWFjIjoiNzBlZWNhM2IzMDUzM2M5MTRmYTlmNTYwNjI2NWU4MDhmMTQyOTEzNzhmMzgwNTY1NGIzZWJlZGQ1ZmNiMmFiYSIsInRhZyI6IiJ9,"950 Quantity Add to cart Customers also bought -5% NAT C Ester (Powder) 1000mg TZS 950 1,000 (5 Reviews) Osteocare Capsule TZS 1,150",PUBLIC_SHOP_LISTING,"Public Umoja listing; use as commercial/onboarding source, not TMDA verification. Prices are intentionally not captured because nearby recommendation blocks can make static extraction unreliable."
UMOJA_PUBLIC_SHOP,Umoja Pharmaceuticals public product pages,https://www.umojapharmaceuticals.co.tz/productDetails/eyJpdiI6ImRBWTdVT2xlUktDRWlFUDVMNzhyS2c9PSIsInZhbHVlIjoiSm5sQVdxNkJqSUFJS3RHV2hoWVVJdz09IiwibWFjIjoiNDJhYzRiYzAwY2U4ZjE1NTA5NTYxODdkMDMxMWRkYjllMjlmY2ZjNjA1MWEwNjUxNDFjMzBmMWZlOTk1ZmEwMSIsInRhZyI6IiJ9,Nat D,,Asthmatic Medicines,,,,,,,https://www.umojapharmaceuticals.co.tz/productDetails/eyJpdiI6Im9sVUxGeCs0R0VBbHZiQ0hpOC8zQ1E9PSIsInZhbHVlIjoia2Q4cmRsUVRFckNmZzdKSDNZWWxkdz09IiwibWFjIjoiYTc1NTVlNGNjZGE5Yzk2ODZjYjVhY2VmZTQ4ZDIzYWEyN2UyMmNhMjc0OGVkYzQyY2U2N2Y0ZTI3MTEwZGRmMSIsInRhZyI6IiJ9,"458 (5 Reviews) Magnes Direct TZS 2,000 (5 Reviews) Nat D TZS 680 920 (5 Reviews) Homepage Retail(B2C) Wholesale(B2B) About Us",PUBLIC_SHOP_LISTING,"Public Umoja listing; use as commercial/onboarding source, not TMDA verification. Prices are intentionally not captured because nearby recommendation blocks can make static extraction unreliable."
UMOJA_PUBLIC_SHOP,Umoja Pharmaceuticals public product pages,https://www.umojapharmaceuticals.co.tz/productDetails/eyJpdiI6InBhTkk0WlBJWGdnN2dwUzhuaVlFZXc9PSIsInZhbHVlIjoickUxSWJKRUQzUnhYY1lBcXNOakIzdz09IiwibWFjIjoiODMzYjU1NjM1ZWE4NGI0MzAwYjJjOGFhN2Q3Zjg2OTVkOTcyODFmZmVlNjk1NzQ2YzdkMmY1MzY0OWI1ODk5NSIsInRhZyI6IiJ9,Neurorubine Forte,,Neuroleptics/ Antipsychotics/Gait Disorders,MP-00459,,,,,,https://www.umojapharmaceuticals.co.tz/productDetails/eyJpdiI6ImxxS3RCUzlGUVA1UXlkdFFYOCtmdkE9PSIsInZhbHVlIjoiTVNuQ0Yyb2NxRldtZ1JRd1FoQkUwUT09IiwibWFjIjoiZWI1YjRkOTZhNDlkNmExNmI3NDM3NmJkZWVmODAyYTQzZWZmYjQ2MGMyOTk5OTg2Y2UyZDY0N2FkNzBiNDA0MiIsInRhZyI6IiJ9,"(5 Reviews) Cosrx moisturizer and essence TZS 57,900 66,000 (5 Reviews) Neurorubine Forte TZS 850 (5 Reviews) Strepsils Lozenges TZS 283 (5 Reviews) Homepage Retail(B2C)",PUBLIC_SHOP_LISTING,"Public Umoja listing; use as commercial/onboarding source, not TMDA verification. Prices are intentionally not captured because nearby recommendation blocks can make static extraction unreliable."
UMOJA_PUBLIC_SHOP,Umoja Pharmaceuticals public product pages,https://www.umojapharmaceuticals.co.tz/products/eyJpdiI6ImNvN0hyUGZWZjgvSG44TUF3Y05oVHc9PSIsInZhbHVlIjoiNU1TQ01hdWlaaFJyWm45QXozWVFuZz09IiwibWFjIjoiNDA3YzQ1MDBiMWEyNzBhODBjOWE2NjA5ZDA2ZTdiMGU1ZDY1NTRjYzc1ODc4OGViZGQwZmJmNmU0MDcyYzg5NSIsInRhZyI6IiJ9,Neutrogena Ultra Sheer (dry-touch) sunscreen,,,MP-00436,,,,,,https://www.umojapharmaceuticals.co.tz/productDetails/eyJpdiI6IndPWCthVisvTGVRZ3d2aDhuUGhoNWc9PSIsInZhbHVlIjoiQlRzM2hkWG1DbERZT2tPK3RTRUlpZz09IiwibWFjIjoiNTk1ZWMxYmU0MTdhM2M2ZGRmZGY2MzdhNjRiOGNjY2U2MTMyZTIzYWY1Mjc2ZGI2ZGQ1ZjM1MWVmMWVhMDg2NCIsInRhZyI6IiJ9,"Study history up to 30 days Up to 5 users simultaneously Has HEALTH certificate IN STOCK MP-00436 Neutrogena Ultra Sheer (dry-touch) sunscreen TZS 72,000 Study history up to 30 days Up to 5 users simultaneously Has HEALTH certificate IN STOCK MP-00435",PUBLIC_SHOP_LISTING,"Public Umoja listing; use as commercial/onboarding source, not TMDA verification. Prices are intentionally not captured because nearby recommendation blocks can make static extraction unreliable."
UMOJA_PUBLIC_SHOP,Umoja Pharmaceuticals public product pages,https://www.umojapharmaceuticals.co.tz/productDetails/eyJpdiI6ImZJUmJnVzZZTUd0OU1MTkNnb3FRYVE9PSIsInZhbHVlIjoiUUFGVWtDbVo5bkZsV2NRRTc0UlNXZz09IiwibWFjIjoiM2JhMjFjMThlYWM3MDMwODJkMzIyZDc0ZmYwNjY1NjAxZmU0N2FkNWQ3ZTVjZjhlMTNlZDNlMjc5YmRiMGNlNiIsInRhZyI6IiJ9,NOUVO FINE & SHORT,,Antihypertensives/Antiarrhythmic,MP-00114,,,,,,https://www.umojapharmaceuticals.co.tz/productDetails/eyJpdiI6IlZXamFPeXAxT2NERFpNU3JBYXZEUXc9PSIsInZhbHVlIjoiVjlzWkpabWRZelVXc1hCY2tWSmd6Zz09IiwibWFjIjoiOTEwMTFmZDQwYzg3Y2VjNDk4MzUxMmRhMmJiMmZjM2E1ZGM2ZjVlMDU0ODQ3M2I1NTAwZGNmMWQ1MTI5YjEzYyIsInRhZyI6IiJ9,"(5 Reviews) Clopivax 75 TZS 20,100 670 (5 Reviews) NOUVO FINE & SHORT TZS 200 (5 Reviews) Homepage Retail(B2C) Wholesale(B2B) About Us Knowledgebase",PUBLIC_SHOP_LISTING,"Public Umoja listing; use as commercial/onboarding source, not TMDA verification. Prices are intentionally not captured because nearby recommendation blocks can make static extraction unreliable."
UMOJA_PUBLIC_SHOP,Umoja Pharmaceuticals public product pages,https://www.umojapharmaceuticals.co.tz/products/eyJpdiI6ImZ6TnptOTRWdk1pck11ejBkQXBlVlE9PSIsInZhbHVlIjoiRmdQTkV6SnllcHcvQmhYZ05wTFhvdz09IiwibWFjIjoiMzcwNjA5NzZhZWQ2NDU5NzMxNmVkMzkxNDVlMDk3MzVkZTIzYTUyM2I1MmEzODBhZDYxYjUwMmIzMzUzMTZmNyIsInRhZyI6IiJ9,Office First Aid Kits,,,,,,,,,https://www.umojapharmaceuticals.co.tz/productDetails/eyJpdiI6IkhpazEvT3AzbW5NSDI0V3lDaFp1N0E9PSIsInZhbHVlIjoidHo1Y2RTbGdNcnNqdWx5N2JlTm5MZz09IiwibWFjIjoiMmMzNzkzNThhMGViYTZmZmYxZjZkZjEwY2E4OTdiYWJjM2FmNTYwODhkZGU1NjcwNjJjM2UwMTg1ZTdiYjg4NSIsInRhZyI6IiJ9,"1,200 (5 Reviews) Tizanidine 4 TZS 0 (5 Reviews) Office First Aid Kits TZS 250,000 (5 Reviews) Homepage Retail(B2C) Wholesale(B2B) About Us Knowledgebase",PUBLIC_SHOP_LISTING,"Public Umoja listing; use as commercial/onboarding source, not TMDA verification. Prices are intentionally not captured because nearby recommendation blocks can make static extraction unreliable."
UMOJA_PUBLIC_SHOP,Umoja Pharmaceuticals public product pages,https://www.umojapharmaceuticals.co.tz/productDetails/eyJpdiI6InBhTkk0WlBJWGdnN2dwUzhuaVlFZXc9PSIsInZhbHVlIjoickUxSWJKRUQzUnhYY1lBcXNOakIzdz09IiwibWFjIjoiODMzYjU1NjM1ZWE4NGI0MzAwYjJjOGFhN2Q3Zjg2OTVkOTcyODFmZmVlNjk1NzQ2YzdkMmY1MzY0OWI1ODk5NSIsInRhZyI6IiJ9,OLFEN,,,MP-00182,,,,,,https://www.umojapharmaceuticals.co.tz/productDetails/eyJpdiI6Ikh3anFKQ3dPUUdudjNxVWxpKzBYdVE9PSIsInZhbHVlIjoid09JWW9EOEdKU1dybWZManVmSWFQUT09IiwibWFjIjoiZTA4NDk1ZGYwMTJjOWY5Zjc1YTdhM2IxMGNiNGJmMWRmZTZhOTNhMzM4N2IwZjhiZDI5ZTNhMTY3MTk4YTQ3OSIsInRhZyI6IiJ9,"(5 Reviews) Calpol Suspension TZS 8,500 (5 Reviews) OLFEN TZS 1,403 (5 Reviews) -37% Gofen 200mg Capsule TZS 385",PUBLIC_SHOP_LISTING,"Public Umoja listing; use as commercial/onboarding source, not TMDA verification. Prices are intentionally not captured because nearby recommendation blocks can make static extraction unreliable."
UMOJA_PUBLIC_SHOP,Umoja Pharmaceuticals public product pages,https://www.umojapharmaceuticals.co.tz/products/eyJpdiI6Ik1rV21vVDIrbW9rZWNHdmJFTTlFV0E9PSIsInZhbHVlIjoiekwzMklxWVJsZ3FPb3NmekFKdlZ0dz09IiwibWFjIjoiYzBhMDA2ZDVjMDdmMWFmYmM5Yzc3OWRlYzk0ODBkOTA4MzIzNTM3ZTNjMjlkNGU5ODA4ZTBhZWViZDhkMzdhYSIsInRhZyI6IiJ9,Olfen 100 SR,,Dyslipidemics,MP-00318,,,,,,https://www.umojapharmaceuticals.co.tz/productDetails/eyJpdiI6IkdJcTJZZTg2MllMYTFGVms4K1N3K0E9PSIsInZhbHVlIjoiNVp5czNueSt3TmhZQmg0Szhwa0lWdz09IiwibWFjIjoiOGNmNjNmZDUyMTRhNTBmMDcwYzY2YjI5NzI4OTg2MjFlMDk5OTRmM2U4ZjQ4NjA4MmY4Y2Y4ODlmNTIyZGZlZCIsInRhZyI6IiJ9,"Study history up to 30 days Up to 5 users simultaneously Has HEALTH certificate IN STOCK MP-00318 Olfen 100 SR TZS 2,590 Study history up to 30 days Up to 5 users simultaneously Has HEALTH certificate IN STOCK MP-00307",PUBLIC_SHOP_LISTING,"Public Umoja listing; use as commercial/onboarding source, not TMDA verification. Prices are intentionally not captured because nearby recommendation blocks can make static extraction unreliable."
UMOJA_PUBLIC_SHOP,Umoja Pharmaceuticals public product pages,https://www.umojapharmaceuticals.co.tz/productDetails/eyJpdiI6IldaQUgvL3V3eHFHQkc3RU9yZUliSlE9PSIsInZhbHVlIjoiNHYvMXpsVTVrVTBjTEVBT1VVN2wrUT09IiwibWFjIjoiZTYxZTY4NWU2MDk1MGVhZTlmZDljZTkxMGQ3YjRmNTU5ZGIxNzYwZTFmZWIxYTgzZmRmYjc1NmY3Y2E0MmZhNiIsInRhZyI6IiJ9,Osteocare Capsule,,Multivitamins,MP-00404,,Capsule,,,,https://www.umojapharmaceuticals.co.tz/productDetails/eyJpdiI6IlFoTWhyQ0lsbGd2YmkrVFRoYlN6QUE9PSIsInZhbHVlIjoiQWhWbkZXdG5ocE1oQnZNNU44eVhRUT09IiwibWFjIjoiMTkxYmEyM2ZmZTA0ZjUyMmQ0YmJlZjk2NWE1MjQ4M2UwMTdjZTY3ZjIyM2M1MDU5ZWQ5ZTc2MGYyYzVmNWVkYSIsInRhZyI6IiJ9,"NAT C Ester (Powder) 1000mg TZS 950 1,000 (5 Reviews) Osteocare Capsule TZS 1,150 (5 Reviews) Do you have a Prescription? Upload now, let us handle the rest ... Upload Prescription Download Our App for Free",PUBLIC_SHOP_LISTING,"Public Umoja listing; use as commercial/onboarding source, not TMDA verification. Prices are intentionally not captured because nearby recommendation blocks can make static extraction unreliable."
UMOJA_PUBLIC_SHOP,Umoja Pharmaceuticals public product pages,https://www.umojapharmaceuticals.co.tz/products/eyJpdiI6Ik1rV21vVDIrbW9rZWNHdmJFTTlFV0E9PSIsInZhbHVlIjoiekwzMklxWVJsZ3FPb3NmekFKdlZ0dz09IiwibWFjIjoiYzBhMDA2ZDVjMDdmMWFmYmM5Yzc3OWRlYzk0ODBkOTA4MzIzNTM3ZTNjMjlkNGU5ODA4ZTBhZWViZDhkMzdhYSIsInRhZyI6IiJ9,PANADOL ADVANCE 500MG TABS,,Antihypertensives/Antiarrhythmic,MP-00187,500MG,,,,,https://www.umojapharmaceuticals.co.tz/productDetails/eyJpdiI6IkhwTHdqK1BNdUFGeVVMWjA3NkZxOEE9PSIsInZhbHVlIjoidDBZSmZDOGlGOWlqRm1MQXIyK3BwUT09IiwibWFjIjoiMzExNGM3NTE2Y2Q1NjFlMjFhOGU2ZGI3MmI1ZmYxZTAzNzhhMTgzYTI2NDlhYzQxMTVjZDNmYWY0N2E1ZGQ2YiIsInRhZyI6IiJ9,"See All Clopivax 75 TZS 20,100 670 (5 Reviews) PANADOL ADVANCE 500MG TABS TZS 935 (5 Reviews) Cerave SA Smoothing Cream 340g TZS 86,600 (5 Reviews) Allopron 300 TZS 900",PUBLIC_SHOP_LISTING,"Public Umoja listing; use as commercial/onboarding source, not TMDA verification. Prices are intentionally not captured because nearby recommendation blocks can make static extraction unreliable."
UMOJA_PUBLIC_SHOP,Umoja Pharmaceuticals public product pages,https://www.umojapharmaceuticals.co.tz/products/eyJpdiI6IisxREc4WkltZ1VRRE9VMkxMdHhnM2c9PSIsInZhbHVlIjoielBaMENZUW5ER1k0aEhnekVhWExhdz09IiwibWFjIjoiNDJkZTMxMzZhOGI1NmRkZTU5MzA1MzUwMTlkNmQ3M2FiMmM2NDRmOGQ5NTUwNGU1NWQ5YjZlMTAwZTk2ZjZkNCIsInRhZyI6IiJ9,Peitel 0.25% Cream,,,,,Cream,,,,https://www.umojapharmaceuticals.co.tz/productDetails/eyJpdiI6ImQwaFN6VzlJWm1oaFFTQmk3VWVSOWc9PSIsInZhbHVlIjoicGFlNnVvQ25NRGxuYlViMmRNV09RUT09IiwibWFjIjoiMjc2ZDU2MmEwNWVjOTliNzBlMTQ0MTk0NTNjN2IwMTA2YjYxYTJjNmI4OTA3MGM2MDY1ODIxZjM5ZTdkYjhjNSIsInRhZyI6IiJ9,"Cosmetics Dyslipidemics Gout Hyperthyroidism/hypothyroidism See All Peitel 0.25% Cream TZS 0 (5 Reviews) Bondi Sand Face spf 50 TZS 66,000 (5 Reviews) Mucolyn Paediatric Syrup TZS 4,500",PUBLIC_SHOP_LISTING,"Public Umoja listing; use as commercial/onboarding source, not TMDA verification. Prices are intentionally not captured because nearby recommendation blocks can make static extraction unreliable."
UMOJA_PUBLIC_SHOP,Umoja Pharmaceuticals public product pages,https://www.umojapharmaceuticals.co.tz/products/eyJpdiI6ImZ6TnptOTRWdk1pck11ejBkQXBlVlE9PSIsInZhbHVlIjoiRmdQTkV6SnllcHcvQmhYZ05wTFhvdz09IiwibWFjIjoiMzcwNjA5NzZhZWQ2NDU5NzMxNmVkMzkxNDVlMDk3MzVkZTIzYTUyM2I1MmEzODBhZDYxYjUwMmIzMzUzMTZmNyIsInRhZyI6IiJ9,Saline Nasal Drop,,Dyslipidemics,MP-00471,,,,,,https://www.umojapharmaceuticals.co.tz/productDetails/eyJpdiI6Im9wNTZ3VkFuRS83SUNqT05HN1dxYVE9PSIsInZhbHVlIjoiMitBL3pZeDlKNjFrWlJPaDhSZEZCUT09IiwibWFjIjoiODU1M2M2MzJkNDhiMzVjZDBjZjhjZTEwMjViZWFjZjk2YzFlMDc4ZTNlN2UzNWYzMmY1NWQ5NmViYWFkOWRlZiIsInRhZyI6IiJ9,"Study history up to 30 days Up to 5 users simultaneously Has HEALTH certificate IN STOCK MP-00471 Saline Nasal Drop TZS 5,500 Study history up to 30 days Up to 5 users simultaneously Has HEALTH certificate IN STOCK MP-00291",PUBLIC_SHOP_LISTING,"Public Umoja listing; use as commercial/onboarding source, not TMDA verification. Prices are intentionally not captured because nearby recommendation blocks can make static extraction unreliable."
UMOJA_PUBLIC_SHOP,Umoja Pharmaceuticals public product pages,https://www.umojapharmaceuticals.co.tz/products/eyJpdiI6IjNBQlpwaFFCb0JreWduc0t1YzJBOHc9PSIsInZhbHVlIjoiYWROQnFRWEI0emhBMC90akxZV0dudz09IiwibWFjIjoiYjg3NmJkNTVkY2ZmYjhkYzIwNmQ4MzkyOWY2M2I4NmNiOWYxM2U1YzVkMWQ4NGY4NTQ1MWI0MWNjMzAwMTlhYiIsInRhZyI6IiJ9,SHELADOL,,Dyslipidemics,MP-00191,,,,,,https://www.umojapharmaceuticals.co.tz/productDetails/eyJpdiI6Ik13Z0R1YS90dnhSVVd6eDkrbXdGRXc9PSIsInZhbHVlIjoicjRzUTFkYzBZWUM0Ykt6SFVLdnVSZz09IiwibWFjIjoiMGYxYzg3ZGY5YmQ5NjFmYzcxMjhkMDViNmY0YzBmNzk4YTE1NzM1YTNmYjZjMjYyNjhlYTA4ZmFjZjE1MGI4MSIsInRhZyI6IiJ9,"(5 Reviews) Nat B TZS 28,080 936 (5 Reviews) SHELADOL TZS 990 (5 Reviews) Homepage Retail(B2C) Wholesale(B2B) About Us Knowledgebase",PUBLIC_SHOP_LISTING,"Public Umoja listing; use as commercial/onboarding source, not TMDA verification. Prices are intentionally not captured because nearby recommendation blocks can make static extraction unreliable."
UMOJA_PUBLIC_SHOP,Umoja Pharmaceuticals public product pages,https://www.umojapharmaceuticals.co.tz/products/eyJpdiI6ImNZcm14OTczazN4cDUxREdTOVZqakE9PSIsInZhbHVlIjoiNm5BOW53NUtya0R3Ti91cUsyb1ljdz09IiwibWFjIjoiM2Y2MWVkMGMyZjgwZTQ1YjI2OTE3Y2QwNzllZTE3MmNlZGM3NjdmMmVhMTk1ZDI4ZWE0OThmMTRjMWI5ZDlhZSIsInRhZyI6IiJ9,Silicon Heel,,Dyslipidemics,,,,,,,https://www.umojapharmaceuticals.co.tz/productDetails/eyJpdiI6InQxbmo5NUVMcnMrZ2xFcW53YmlRY1E9PSIsInZhbHVlIjoiYUlHanQxRDJjZmZ6aVNpakh3ZmFKZz09IiwibWFjIjoiZDZkNmM1OGNlODM4Y2M2Y2ViYjkwZDI0OTcxZTUzNGUzNjYwYmJkNjI5YjUwN2ZlYjI3MjRmNGZmNDBjMjI5NiIsInRhZyI6IiJ9,"Cosmetics Dyslipidemics Gout Hyperthyroidism/hypothyroidism See All Silicon Heel TZS 0 (5 Reviews) MONTAIR 10 TZS 1,882 (5 Reviews) Leveget 500mg Tablets USP TZS 1,650",PUBLIC_SHOP_LISTING,"Public Umoja listing; use as commercial/onboarding source, not TMDA verification. Prices are intentionally not captured because nearby recommendation blocks can make static extraction unreliable."
UMOJA_PUBLIC_SHOP,Umoja Pharmaceuticals public product pages,https://www.umojapharmaceuticals.co.tz/products/eyJpdiI6ImNvN0hyUGZWZjgvSG44TUF3Y05oVHc9PSIsInZhbHVlIjoiNU1TQ01hdWlaaFJyWm45QXozWVFuZz09IiwibWFjIjoiNDA3YzQ1MDBiMWEyNzBhODBjOWE2NjA5ZDA2ZTdiMGU1ZDY1NTRjYzc1ODc4OGViZGQwZmJmNmU0MDcyYzg5NSIsInRhZyI6IiJ9,Simple hydrating light moisturizer,,Anti-Acids/Inflammatory Bowel Disease,MP-00427,,,,,,https://www.umojapharmaceuticals.co.tz/productDetails/eyJpdiI6IlQrcGt2VkN6RVNVSDBwQ0VySDZmV3c9PSIsInZhbHVlIjoiOUpDbnJlMGEyRjMycFBqK056OVJ3QT09IiwibWFjIjoiNjczNzNkZGI2OTg2ODM2MGM0Mjc4ODdjMTVmMTUyNTcxYjI1NTQzMWM4MDg4ODA0YjY3ZjU4OWQ2YmIwZDkxZiIsInRhZyI6IiJ9,"Study history up to 30 days Up to 5 users simultaneously Has HEALTH certificate IN STOCK MP-00427 Simple hydrating light moisturizer TZS 36,000 Study history up to 30 days Up to 5 users simultaneously Has HEALTH certificate ‹ 1",PUBLIC_SHOP_LISTING,"Public Umoja listing; use as commercial/onboarding source, not TMDA verification. Prices are intentionally not captured because nearby recommendation blocks can make static extraction unreliable."
UMOJA_PUBLIC_SHOP,Umoja Pharmaceuticals public product pages,https://www.umojapharmaceuticals.co.tz/products/eyJpdiI6Ikwrelo4b1dzcFdueldiWVJmd2llWFE9PSIsInZhbHVlIjoidFJqQVNkTkw3cUMwOWlheDVHbGRFdz09IiwibWFjIjoiZDYzMmE3NTgwMDE3YjVmMzU0ZGI0MjYyZjk4ZGMzMzM5NzA0MzFiZjhjYjljZmVhOThjNjViZWNiYTdkMzZlNiIsInRhZyI6IiJ9,Sitapril M 50/500 Tablets,,Antihypertensives/Antiarrhythmic,MP-02073,,Tablets,,,,https://www.umojapharmaceuticals.co.tz/productDetails/eyJpdiI6IkhvVEM2MnBjS0trL0RoZk5lVTZKdFE9PSIsInZhbHVlIjoieXRrVGZGMDNFWTh3Y1UxMDFYV3k0Zz09IiwibWFjIjoiNGEzMjlhYmQ1Y2JjMDk0Y2UyMDJjMmM4MzcwYWUzMTc4ODI5MmRhY2I5YmNhNzBmMGJjNWZiMjYyYzk4NTFmMyIsInRhZyI6IiJ9,"(5 Reviews) Mucogel 125mls Suspension TZS 6,583 6,584 (5 Reviews) Sitapril M 50/500 Tablets TZS 2,600 (5 Reviews) Homepage Retail(B2C) Wholesale(B2B) About Us Knowledgebase",PUBLIC_SHOP_LISTING,"Public Umoja listing; use as commercial/onboarding source, not TMDA verification. Prices are intentionally not captured because nearby recommendation blocks can make static extraction unreliable."
UMOJA_PUBLIC_SHOP,Umoja Pharmaceuticals public product pages,https://www.umojapharmaceuticals.co.tz/products/eyJpdiI6IkQ3aVpNM2pEQVJIVHBwVTc5VDAzRnc9PSIsInZhbHVlIjoiQ0VkOFY1VzAxaHpxMWFCK1VYYlNLQT09IiwibWFjIjoiNzRkZWMwNDc0YzNjYTljZWQyZDc3ZGJmZGFjMmY2Y2MwMmU1YTg0ZDQ0YjY3MWYxMWJlZTcxZjVhY2M1MzJiMCIsInRhZyI6IiJ9,SK Derm Cream,,Neuroleptics/ Antipsychotics/Gait Disorders,,,Cream,,,,https://www.umojapharmaceuticals.co.tz/productDetails/eyJpdiI6IjNQTnlSTmxvMUw0Y0l0TU5FVnV6OGc9PSIsInZhbHVlIjoiZVNPYk1wZVR6NU1rVFppK3RjZENHUT09IiwibWFjIjoiYjYyOThmMmE3MWNkZGZiMjFmNGI2MjIxYmZhYjVhMDAyOWJhYjlkZTQ1NTBlMzQ2MWMwMzI3MGU3Y2E3MGExMyIsInRhZyI6IiJ9,"Cosmetics Dyslipidemics Gout Hyperthyroidism/hypothyroidism See All SK Derm Cream TZS 4,150 (5 Reviews) Office First Aid Kits TZS 250,000 (5 Reviews) Aloe Vera Gel TZS 73,566",PUBLIC_SHOP_LISTING,"Public Umoja listing; use as commercial/onboarding source, not TMDA verification. Prices are intentionally not captured because nearby recommendation blocks can make static extraction unreliable."
UMOJA_PUBLIC_SHOP,Umoja Pharmaceuticals public product pages,https://www.umojapharmaceuticals.co.tz/products/eyJpdiI6Ik1rV21vVDIrbW9rZWNHdmJFTTlFV0E9PSIsInZhbHVlIjoiekwzMklxWVJsZ3FPb3NmekFKdlZ0dz09IiwibWFjIjoiYzBhMDA2ZDVjMDdmMWFmYmM5Yzc3OWRlYzk0ODBkOTA4MzIzNTM3ZTNjMjlkNGU5ODA4ZTBhZWViZDhkMzdhYSIsInRhZyI6IiJ9,Strepsils Lozenges,,Asthmatic Medicines,MP-00289,,,,,,https://www.umojapharmaceuticals.co.tz/productDetails/eyJpdiI6ImtqakhOWCtjV1N1Z20wUmhBVjAvSUE9PSIsInZhbHVlIjoiaUgvODdvUXd1cWZxM2RUT0EvejlLUT09IiwibWFjIjoiMjNmNjA3YTNjNTI4ZTRmOWFkMTc2ZDJkNTMzOWE4M2FkMmM2ZjFlNWVhOGI0YTNmNTgwMTM1MjJiM2RkZGJjYiIsInRhZyI6IiJ9,Study history up to 30 days Up to 5 users simultaneously Has HEALTH certificate IN STOCK MP-00289 Strepsils Lozenges TZS 283 Study history up to 30 days Up to 5 users simultaneously Has HEALTH certificate IN STOCK MP-00273,PUBLIC_SHOP_LISTING,"Public Umoja listing; use as commercial/onboarding source, not TMDA verification. Prices are intentionally not captured because nearby recommendation blocks can make static extraction unreliable."
UMOJA_PUBLIC_SHOP,Umoja Pharmaceuticals public product pages,https://www.umojapharmaceuticals.co.tz/products/eyJpdiI6ImNvN0hyUGZWZjgvSG44TUF3Y05oVHc9PSIsInZhbHVlIjoiNU1TQ01hdWlaaFJyWm45QXozWVFuZz09IiwibWFjIjoiNDA3YzQ1MDBiMWEyNzBhODBjOWE2NjA5ZDA2ZTdiMGU1ZDY1NTRjYzc1ODc4OGViZGQwZmJmNmU0MDcyYzg5NSIsInRhZyI6IiJ9,Suncut Uv perfect essence SPF 50+ PA ++++,,Antihypertensives/Antiarrhythmic,MP-00435,,,,,,https://www.umojapharmaceuticals.co.tz/productDetails/eyJpdiI6IlBEc2FJS2pBcjJHdmFOOFdDVUZ6Z1E9PSIsInZhbHVlIjoiM1RDcWdFTUZHV1NOTG43VVgwckxGQT09IiwibWFjIjoiM2UxYjQxOTAxMDAzZDE3ZTFmOTg3YWM5OTIzYmE2Y2UyMzY3MzI4OGQwYjRiZDg0Mzk0OWM1ZjFmMzU2OTY2NyIsInRhZyI6IiJ9,"Study history up to 30 days Up to 5 users simultaneously Has HEALTH certificate IN STOCK MP-00435 Suncut Uv perfect essence SPF 50+ PA ++++ TZS 86,400 Study history up to 30 days Up to 5 users simultaneously Has HEALTH certificate IN STOCK MP-00434",PUBLIC_SHOP_LISTING,"Public Umoja listing; use as commercial/onboarding source, not TMDA verification. Prices are intentionally not captured because nearby recommendation blocks can make static extraction unreliable."
UMOJA_PUBLIC_SHOP,Umoja Pharmaceuticals public product pages,https://www.umojapharmaceuticals.co.tz/products/eyJpdiI6ImNvN0hyUGZWZjgvSG44TUF3Y05oVHc9PSIsInZhbHVlIjoiNU1TQ01hdWlaaFJyWm45QXozWVFuZz09IiwibWFjIjoiNDA3YzQ1MDBiMWEyNzBhODBjOWE2NjA5ZDA2ZTdiMGU1ZDY1NTRjYzc1ODc4OGViZGQwZmJmNmU0MDcyYzg5NSIsInRhZyI6IiJ9,The Inkey list Vitamin B C and E moisturizer,,,MP-00429,,,,,,https://www.umojapharmaceuticals.co.tz/productDetails/eyJpdiI6Ink2dUlWT3FQWUl5ZkdyUkFTWnZzUWc9PSIsInZhbHVlIjoieHh3ZFhlTVRXcityRmlYY21ucHNVZz09IiwibWFjIjoiNGMwNzU5Zjk1ZjM5YTFhNTZkNjI1M2QzNGMyNDQ1M2Q2NDdkNGU2YWIwYjY0NTA5NWQyY2IxYjdhN2ExNDY1MCIsInRhZyI6IiJ9,"Study history up to 30 days Up to 5 users simultaneously Has HEALTH certificate IN STOCK MP-00429 The Inkey list Vitamin B C and E moisturizer TZS 54,000 Study history up to 30 days Up to 5 users simultaneously Has HEALTH certificate IN STOCK MP-00428",PUBLIC_SHOP_LISTING,"Public Umoja listing; use as commercial/onboarding source, not TMDA verification. Prices are intentionally not captured because nearby recommendation blocks can make static extraction unreliable."
UMOJA_PUBLIC_SHOP,Umoja Pharmaceuticals public product pages,https://www.umojapharmaceuticals.co.tz/products/eyJpdiI6Ik1rV21vVDIrbW9rZWNHdmJFTTlFV0E9PSIsInZhbHVlIjoiekwzMklxWVJsZ3FPb3NmekFKdlZ0dz09IiwibWFjIjoiYzBhMDA2ZDVjMDdmMWFmYmM5Yzc3OWRlYzk0ODBkOTA4MzIzNTM3ZTNjMjlkNGU5ODA4ZTBhZWViZDhkMzdhYSIsInRhZyI6IiJ9,Tizanidine 4,,Asthmatic Medicines,MP-01871,,,,,,https://www.umojapharmaceuticals.co.tz/productDetails/eyJpdiI6ImFlSUJnTVloMlJYaWc3QkYwVFVzOXc9PSIsInZhbHVlIjoiUldXWHR1R1VaZzA4NkpBT09WQ0I3QT09IiwibWFjIjoiMWM0ZTNmOGM2Yjc0OWVmZGI3YjY0ZTZiOTQwZDdiODYyMTE5MmJhMWEzOWI2ZDhiMTM2OTZkNDc2Yjc2MjlmOCIsInRhZyI6IiJ9,"24 36 48 IN STOCK MP-01871 Tizanidine 4 TZS 0 1,750 Study history up to 30 days Up to 5 users simultaneously Has HEALTH certificate IN STOCK",PUBLIC_SHOP_LISTING,"Public Umoja listing; use as commercial/onboarding source, not TMDA verification. Prices are intentionally not captured because nearby recommendation blocks can make static extraction unreliable."
UMOJA_PUBLIC_SHOP,Umoja Pharmaceuticals public product pages,https://www.umojapharmaceuticals.co.tz/productDetails/eyJpdiI6ImhudE9HaGVjSThleE91M2pETnY5eWc9PSIsInZhbHVlIjoiL3RqQU94aWZQWitaM1pBNE1iMGMrZz09IiwibWFjIjoiNGE4NjBjNGFlMjI4ZTE5YTI0OTI2NWUwNDhmNTFjN2ViZjdjMzZlYmI4MDExNTYxMTExYzMwZGY3YTQ4NTI0YSIsInRhZyI6IiJ9,Vehicle First Aid Kits,,,,,,,,,https://www.umojapharmaceuticals.co.tz/productDetails/eyJpdiI6IkgwQzBHMmxkVnlDdmhaVGZFTUxNWWc9PSIsInZhbHVlIjoiUHlVUnlRdXdiRC9xbnZMV2txNG1VQT09IiwibWFjIjoiNmM3YWJjNTVhZjc4ZjUwY2JiYjZlYTAyNjg2MTk5ZDZhYTlkNDZjYjAzZDVkZDdjMWZlOWQwOGQ4YTY0Y2FjMiIsInRhZyI6IiJ9,"Cosmetics Dyslipidemics Gout Hyperthyroidism/hypothyroidism See All Vehicle First Aid Kits TZS 180,000 (5 Reviews) Allopron 100 TZS 850 500 (5 Reviews) Mucolyn Paediatric Syrup",PUBLIC_SHOP_LISTING,"Public Umoja listing; use as commercial/onboarding source, not TMDA verification. Prices are intentionally not captured because nearby recommendation blocks can make static extraction unreliable."
UNICHEM_TANZANIA_PDF,Unichem Tanzania Product List,https://www.unichemlabs.com/pdf/Tanzania.pdf,Aldrol 10 mg Tablets,Donepezil Hydrochloride Tablets,,,10 mg,Tablets,,,,,Aldrol 10 mg Tablets Donepezil Hydrochloride Tablets,MANUFACTURER_PRODUCT_LIST,"Manufacturer Tanzania product list; useful for brand-generic mapping, not wholesaler stock or TMDA verification."
UNICHEM_TANZANIA_PDF,Unichem Tanzania Product List,https://www.unichemlabs.com/pdf/Tanzania.pdf,Aldrol 5 mg Tablets,Donepezil Hydrochloride Tablets,,,5 mg,Tablets,,,,,Aldrol 5 mg Tablets Donepezil Hydrochloride Tablets,MANUFACTURER_PRODUCT_LIST,"Manufacturer Tanzania product list; useful for brand-generic mapping, not wholesaler stock or TMDA verification."
UNICHEM_TANZANIA_PDF,Unichem Tanzania Product List,https://www.unichemlabs.com/pdf/Tanzania.pdf,Ampoxin 500 mg Capsules,Ampicillin & Cloxacillin Capsules,,,500 mg,Capsules,,,,,Ampoxin 500 mg Capsules Ampicillin & Cloxacillin Capsules,MANUFACTURER_PRODUCT_LIST,"Manufacturer Tanzania product list; useful for brand-generic mapping, not wholesaler stock or TMDA verification."
UNICHEM_TANZANIA_PDF,Unichem Tanzania Product List,https://www.unichemlabs.com/pdf/Tanzania.pdf,Ampoxin 500 mg Injection,Ampicillin & Cloxacillin Powder for Injection,,,500 mg,Injection,,,,,Ampoxin 500 mg Injection Ampicillin & Cloxacillin Powder for Injection,MANUFACTURER_PRODUCT_LIST,"Manufacturer Tanzania product list; useful for brand-generic mapping, not wholesaler stock or TMDA verification."
UNICHEM_TANZANIA_PDF,Unichem Tanzania Product List,https://www.unichemlabs.com/pdf/Tanzania.pdf,Corbis 10 mg Tablets,Bisoprolol Fumarate Tablets,,,10 mg,Tablets,,,,,Corbis 10 mg Tablets Bisoprolol Fumarate Tablets,MANUFACTURER_PRODUCT_LIST,"Manufacturer Tanzania product list; useful for brand-generic mapping, not wholesaler stock or TMDA verification."
UNICHEM_TANZANIA_PDF,Unichem Tanzania Product List,https://www.unichemlabs.com/pdf/Tanzania.pdf,Corbis 5 mg Tablets,Bisoprolol Fumarate Tablets,,,5 mg,Tablets,,,,,Corbis 5 mg Tablets Bisoprolol Fumarate Tablets,MANUFACTURER_PRODUCT_LIST,"Manufacturer Tanzania product list; useful for brand-generic mapping, not wholesaler stock or TMDA verification."
UNICHEM_TANZANIA_PDF,Unichem Tanzania Product List,https://www.unichemlabs.com/pdf/Tanzania.pdf,Corvadil 10 mg Tablets,Amlodipine Tablets,,,10 mg,Tablets,,,,,Corvadil 10 mg Tablets Amlodipine Tablets,MANUFACTURER_PRODUCT_LIST,"Manufacturer Tanzania product list; useful for brand-generic mapping, not wholesaler stock or TMDA verification."
UNICHEM_TANZANIA_PDF,Unichem Tanzania Product List,https://www.unichemlabs.com/pdf/Tanzania.pdf,Corvadil 5 mg Tablets,Amlodipine Tablets,,,5 mg,Tablets,,,,,Corvadil 5 mg Tablets Amlodipine Tablets,MANUFACTURER_PRODUCT_LIST,"Manufacturer Tanzania product list; useful for brand-generic mapping, not wholesaler stock or TMDA verification."
UNICHEM_TANZANIA_PDF,Unichem Tanzania Product List,https://www.unichemlabs.com/pdf/Tanzania.pdf,Domadol,Plus Tablets Acetaminophen & Tramadol HCL Tablets,,,,Tablets,,,,,Domadol Plus Tablets Acetaminophen & Tramadol HCL Tablets,MANUFACTURER_PRODUCT_LIST,"Manufacturer Tanzania product list; useful for brand-generic mapping, not wholesaler stock or TMDA verification."
UNICHEM_TANZANIA_PDF,Unichem Tanzania Product List,https://www.unichemlabs.com/pdf/Tanzania.pdf,Domadol 50 mg Capsules,Tramadol Capsules,,,50 mg,Capsules,,,,,Domadol 50 mg Capsules Tramadol Capsules,MANUFACTURER_PRODUCT_LIST,"Manufacturer Tanzania product list; useful for brand-generic mapping, not wholesaler stock or TMDA verification."
UNICHEM_TANZANIA_PDF,Unichem Tanzania Product List,https://www.unichemlabs.com/pdf/Tanzania.pdf,Lanpro 30 mg Capsules,Lansoprazole Delayed Release Capsules,,,30 mg,Capsules,,,,,Lanpro 30 mg Capsules Lansoprazole Delayed Release Capsules,MANUFACTURER_PRODUCT_LIST,"Manufacturer Tanzania product list; useful for brand-generic mapping, not wholesaler stock or TMDA verification."
UNICHEM_TANZANIA_PDF,Unichem Tanzania Product List,https://www.unichemlabs.com/pdf/Tanzania.pdf,Losar 50 mg Tablets,Losartan Potassium Tablets,,,50 mg,Tablets,,,,,Losar 50 mg Tablets Losartan Potassium Tablets,MANUFACTURER_PRODUCT_LIST,"Manufacturer Tanzania product list; useful for brand-generic mapping, not wholesaler stock or TMDA verification."
UNICHEM_TANZANIA_PDF,Unichem Tanzania Product List,https://www.unichemlabs.com/pdf/Tanzania.pdf,M-Cam 15 mg Tablets,Meloxicam Tablets,,,15 mg,Tablets,,,,,M-Cam 15 mg Tablets Meloxicam Tablets,MANUFACTURER_PRODUCT_LIST,"Manufacturer Tanzania product list; useful for brand-generic mapping, not wholesaler stock or TMDA verification."
UNICHEM_TANZANIA_PDF,Unichem Tanzania Product List,https://www.unichemlabs.com/pdf/Tanzania.pdf,Memtin 10 mg Tablets,Memantine Hydrochloride Tablets,,,10 mg,Tablets,,,,,Memtin 10 mg Tablets Memantine Hydrochloride Tablets,MANUFACTURER_PRODUCT_LIST,"Manufacturer Tanzania product list; useful for brand-generic mapping, not wholesaler stock or TMDA verification."
UNICHEM_TANZANIA_PDF,Unichem Tanzania Product List,https://www.unichemlabs.com/pdf/Tanzania.pdf,Mplify 20 mg Tablets,Tadalafil Tablets,,,20 mg,Tablets,,,,,Mplify 20 mg Tablets Tadalafil Tablets,MANUFACTURER_PRODUCT_LIST,"Manufacturer Tanzania product list; useful for brand-generic mapping, not wholesaler stock or TMDA verification."
UNICHEM_TANZANIA_PDF,Unichem Tanzania Product List,https://www.unichemlabs.com/pdf/Tanzania.pdf,Myclav,Pos 156.25 mg / 5 ml Amoxicillin & Clavulanate Potassium Powder for suspension,,,156.25 mg / 5 ml,Powder for suspension,,,,,Myclav Pos 156.25 mg / 5 ml Amoxicillin & Clavulanate Potassium Powder for suspension,MANUFACTURER_PRODUCT_LIST,"Manufacturer Tanzania product list; useful for brand-generic mapping, not wholesaler stock or TMDA verification."
UNICHEM_TANZANIA_PDF,Unichem Tanzania Product List,https://www.unichemlabs.com/pdf/Tanzania.pdf,Myclav,POS 228.5 mg / 5 ml Amoxicillin & Clavulanate Potassium Powder for suspension,,,228.5 mg / 5 ml,Powder for suspension,,,,,Myclav POS 228.5 mg / 5 ml Amoxicillin & Clavulanate Potassium Powder for suspension,MANUFACTURER_PRODUCT_LIST,"Manufacturer Tanzania product list; useful for brand-generic mapping, not wholesaler stock or TMDA verification."
UNICHEM_TANZANIA_PDF,Unichem Tanzania Product List,https://www.unichemlabs.com/pdf/Tanzania.pdf,Myclav 375 mg Tablets,Amoxicillin & Clavulanate Potassium Tablets,,,375 mg,Tablets,,,,,Myclav 375 mg Tablets Amoxicillin & Clavulanate Potassium Tablets,MANUFACTURER_PRODUCT_LIST,"Manufacturer Tanzania product list; useful for brand-generic mapping, not wholesaler stock or TMDA verification."
UNICHEM_TANZANIA_PDF,Unichem Tanzania Product List,https://www.unichemlabs.com/pdf/Tanzania.pdf,Myclav 625 mg Tablets,Amoxicillin & Clavulanate Potassium Tablets,,,625 mg,Tablets,,,,,Myclav 625 mg Tablets Amoxicillin & Clavulanate Potassium Tablets,MANUFACTURER_PRODUCT_LIST,"Manufacturer Tanzania product list; useful for brand-generic mapping, not wholesaler stock or TMDA verification."
UNICHEM_TANZANIA_PDF,Unichem Tanzania Product List,https://www.unichemlabs.com/pdf/Tanzania.pdf,Pregaba 150 Capsules,Pregabalin Capsules,,,,Capsules,,,,,Pregaba 150 Capsules Pregabalin Capsules,MANUFACTURER_PRODUCT_LIST,"Manufacturer Tanzania product list; useful for brand-generic mapping, not wholesaler stock or TMDA verification."
UNICHEM_TANZANIA_PDF,Unichem Tanzania Product List,https://www.unichemlabs.com/pdf/Tanzania.pdf,Pregaba 75 Capsules,Pregabalin Capsules,,,,Capsules,,,,,Pregaba 75 Capsules Pregabalin Capsules,MANUFACTURER_PRODUCT_LIST,"Manufacturer Tanzania product list; useful for brand-generic mapping, not wholesaler stock or TMDA verification."
UNICHEM_TANZANIA_PDF,Unichem Tanzania Product List,https://www.unichemlabs.com/pdf/Tanzania.pdf,Sulbacin 375 mg Tablets,Sultamicillin Tosylate Tablets,,,375 mg,Tablets,,,,,Sulbacin 375 mg Tablets Sultamicillin Tosylate Tablets,MANUFACTURER_PRODUCT_LIST,"Manufacturer Tanzania product list; useful for brand-generic mapping, not wholesaler stock or TMDA verification."
UNICHEM_TANZANIA_PDF,Unichem Tanzania Product List,https://www.unichemlabs.com/pdf/Tanzania.pdf,Tagera,Forte 1 gm Tablets Secnidazole Tablets,,,,Tablets,,,,,Tagera Forte 1 gm Tablets Secnidazole Tablets,MANUFACTURER_PRODUCT_LIST,"Manufacturer Tanzania product list; useful for brand-generic mapping, not wholesaler stock or TMDA verification."
UNICHEM_TANZANIA_PDF,Unichem Tanzania Product List,https://www.unichemlabs.com/pdf/Tanzania.pdf,Tg-Tor 10 mg Tablets,Atorvastatin Calcium Tablets,,,10 mg,Tablets,,,,,Tg-Tor 10 mg Tablets Atorvastatin Calcium Tablets,MANUFACTURER_PRODUCT_LIST,"Manufacturer Tanzania product list; useful for brand-generic mapping, not wholesaler stock or TMDA verification."
UNICHEM_TANZANIA_PDF,Unichem Tanzania Product List,https://www.unichemlabs.com/pdf/Tanzania.pdf,Tg-Tor 20 mg Tablets,Atorvastatin Calcium Tablets,,,20 mg,Tablets,,,,,Tg-Tor 20 mg Tablets Atorvastatin Calcium Tablets,MANUFACTURER_PRODUCT_LIST,"Manufacturer Tanzania product list; useful for brand-generic mapping, not wholesaler stock or TMDA verification."
UNICHEM_TANZANIA_PDF,Unichem Tanzania Product List,https://www.unichemlabs.com/pdf/Tanzania.pdf,Tizigesic 2 mg Tablets,Tizanidine Tablets,,,2 mg,Tablets,,,,,Tizigesic 2 mg Tablets Tizanidine Tablets,MANUFACTURER_PRODUCT_LIST,"Manufacturer Tanzania product list; useful for brand-generic mapping, not wholesaler stock or TMDA verification."
UNICHEM_TANZANIA_PDF,Unichem Tanzania Product List,https://www.unichemlabs.com/pdf/Tanzania.pdf,Tizigesic 4 mg Tablets,Tizanidine Tablets,,,4 mg,Tablets,,,,,Tizigesic 4 mg Tablets Tizanidine Tablets,MANUFACTURER_PRODUCT_LIST,"Manufacturer Tanzania product list; useful for brand-generic mapping, not wholesaler stock or TMDA verification."
UNICHEM_TANZANIA_PDF,Unichem Tanzania Product List,https://www.unichemlabs.com/pdf/Tanzania.pdf,Unienzyme,"CMPS Tablets Papain, Fungal Diatase, Nicotinamide, Simethicone & Activated Charcoal Tablets",,,,Tablets,,,,,"Unienzyme CMPS Tablets Papain, Fungal Diatase, Nicotinamide, Simethicone & Activated Charcoal Tablets",MANUFACTURER_PRODUCT_LIST,"Manufacturer Tanzania product list; useful for brand-generic mapping, not wholesaler stock or TMDA verification."
UNICHEM_TANZANIA_PDF,Unichem Tanzania Product List,https://www.unichemlabs.com/pdf/Tanzania.pdf,Zokast 10 mg Tablets,Montelukast Tablets,,,10 mg,Tablets,,,,,Zokast 10 mg Tablets Montelukast Tablets,MANUFACTURER_PRODUCT_LIST,"Manufacturer Tanzania product list; useful for brand-generic mapping, not wholesaler stock or TMDA verification."
UNICHEM_TANZANIA_PDF,Unichem Tanzania Product List,https://www.unichemlabs.com/pdf/Tanzania.pdf,Zyncet 10 mg Tablets,Cetirizine Hydrochloride Tablets,,,10 mg,Tablets,,,,,Zyncet 10 mg Tablets Cetirizine Hydrochloride Tablets,MANUFACTURER_PRODUCT_LIST,"Manufacturer Tanzania product list; useful for brand-generic mapping, not wholesaler stock or TMDA verification."
UNICHEM_TANZANIA_PDF,Unichem Tanzania Product List,https://www.unichemlabs.com/pdf/Tanzania.pdf,Zyncet Syrup,Cetirizine Hydrochloride Syrup,,,,Syrup,,,,,Zyncet Syrup Cetirizine Hydrochloride Syrup,MANUFACTURER_PRODUCT_LIST,"Manufacturer Tanzania product list; useful for brand-generic mapping, not wholesaler stock or TMDA verification."
VITAL_PUBLIC_PRODUCTS,Vital International public product page,https://www.vil.co.tz/product.php,Calamine Lotion B.P,,,,,,,,,,Calamine Lotion B.P,LOW_CONFIDENCE_PUBLIC_LISTING,Vital page mixes cosmetics/FMCG/pharmaceuticals and lacks structured medicine metadata.
VITAL_PUBLIC_PRODUCTS,Vital International public product page,https://www.vil.co.tz/product.php,Lock and Twist Gel,,,,,,,,,,Lock and Twist Gel,LOW_CONFIDENCE_PUBLIC_LISTING,Vital page mixes cosmetics/FMCG/pharmaceuticals and lacks structured medicine metadata.
VITAL_PUBLIC_PRODUCTS,Vital International public product page,https://www.vil.co.tz/product.php,Quaker Cream,,,,,,,,,,Quaker Cream,LOW_CONFIDENCE_PUBLIC_LISTING,Vital page mixes cosmetics/FMCG/pharmaceuticals and lacks structured medicine metadata.
VITAL_PUBLIC_PRODUCTS,Vital International public product page,https://www.vil.co.tz/product.php,Zincast(Baby Cream),,,,,,,,,,Zincast(Baby Cream),LOW_CONFIDENCE_PUBLIC_LISTING,Vital page mixes cosmetics/FMCG/pharmaceuticals and lacks structured medicine metadata.
